distance,x,y,porosity,stokes_velocity_x,stokes_velocity_y,darcy_segregation_flux_x,darcy_segregation_flux_y,stokes_pressure_assembled,darcy_pressure_assembled
0,0,-2,0.036133333333333365,0,0,-7.9261530157244471e-15,0,1.8666627111013709,0.33942136093103409
0.0050000000000000001,0,-1.9950000000000001,0.036133333333333365,1.7441155610050554e-17,-1.5195776717428587e-05,-7.8186476307458102e-15,1.8666534328924243e-05,1.8666627111013709,0.33942136093103409
0.01,0,-1.99,0.036133333333333365,3.4182636670053501e-17,-3.0391553434857815e-05,-7.7119214133100736e-15,3.7146169984344905e-05,1.8666627111013709,0.33942136093103409
0.014999999999999999,0,-1.9850000000000001,0.036133333333333365,5.0224443180007345e-17,-4.5587330152286399e-05,-7.6059718034776094e-15,5.5439610474441691e-05,1.8666627111013709,0.33942136093103409
0.02,0,-1.98,0.036133333333333365,6.556657513991354e-17,-6.078310686971563e-05,-7.5007962413087753e-15,7.3547559307397548e-05,1.8666627111013709,0.33942136093103409
0.025000000000000001,0,-1.9750000000000001,0.036133333333333365,8.0209032549770691e-17,-7.5978883587144217e-05,-7.3963921668639401e-15,9.147071999139222e-05,1.8666627111013709,0.33942136093103409
0.029999999999999999,0,-1.97,0.036133333333333365,9.4151815409580112e-17,-9.1174660304573448e-05,-7.2927570202034586e-15,0.00010920979603460865,1.8666627111013709,0.33942136093103409
0.035000000000000003,0,-1.9650000000000001,0.036133333333333365,1.0739492371934056e-16,-0.00010637043702200203,-7.1898882413877074e-15,0.00012676549094522659,1.8666627111013709,0.33942136093103409
0.040000000000000001,0,-1.96,0.036133333333333365,1.1993835747905324e-16,-0.00012156621373943129,-7.087783270477034e-15,0.00014413850823142893,1.8666627111013709,0.33942136093103409
0.044999999999999998,0,-1.9550000000000001,0.036133333333333365,1.3178211668871696e-16,-0.00013676199045685987,-6.9864395475318129e-15,0.0001613295514013955,1.8666627111013709,0.33942136093103409
0.050000000000000003,0,-1.95,0.036133333333333365,1.4292620134833287e-16,-0.00015195776717428911,-6.8858545126123969e-15,0.00017833932396330916,1.8666627111013709,0.33942136093103409
0.055,0,-1.9450000000000001,0.036133333333333365,1.5337061145789993e-16,-0.00016715354389171762,-6.7860256057791622e-15,0.00019516852942534968,1.8666627111013709,0.33942136093103409
0.059999999999999998,0,-1.9399999999999999,0.036133333333333365,1.6311534701741905e-16,-0.00018234932060914692,-6.6869502670924609e-15,0.00021181787129569997,1.8666627111013709,0.33942136093103409
0.065000000000000002,0,-1.9350000000000001,0.036133333333333365,1.7216040802688942e-16,-0.00019754509732657544,-6.5886259366126611e-15,0.00022828805308253985,1.8666627111013709,0.33942136093103409
0.070000000000000007,0,-1.9299999999999999,0.036133333333333365,1.8050579448631179e-16,-0.00021274087404400468,-6.491050054400123e-15,0.00024457977829405212,1.8666627111013709,0.33942136093103409
0.074999999999999997,0,-1.925,0.036133333333333365,1.8815150639568544e-16,-0.00022793665076143327,-6.3942200605152153e-15,0.00026069375043841664,1.8666627111013709,0.33942136093103409
0.080000000000000002,0,-1.9199999999999999,0.036133333333333365,1.9509754375501109e-16,-0.00024313242747886252,-6.2981333950182911e-15,0.0002766306730238163,1.8666627111013709,0.33942136093103409
0.085000000000000006,0,-1.915,0.036133333333333365,2.0134390656428802e-16,-0.00025832820419629111,-6.2027874979697257e-15,0.00029239124955843091,1.8666627111013709,0.33942136093103409
0.089999999999999997,0,-1.9099999999999999,0.036133333333333365,2.0689059482351689e-16,-0.00027352398091372033,-6.1081798094298703e-15,0.00030797618355044335,1.8666627111013709,0.33942136093103409
0.095000000000000001,0,-1.905,0.036133333333333365,2.117376085326971e-16,-0.00028871975763114884,-6.0143077694590971e-15,0.00032338617850803338,1.8666627111013709,0.33942136093103409
0.10000000000000001,0,-1.8999999999999999,0.036133333333333365,2.1588494769182922e-16,-0.00030391553434857817,-5.9211688181177638e-15,0.00033862193793938376,1.8666627111013709,0.33942136093103409
0.105,0,-1.895,0.036133333333333365,2.1933261230091276e-16,-0.00031911131106600668,-5.8287603954662393e-15,0.00035368416535267453,1.8666627111013709,0.33942136093103409
0.11,0,-1.8899999999999999,0.036133333333333365,2.2208060235994814e-16,-0.00033430708778343595,-5.7370799415648765e-15,0.00036857356425608838,1.8666627111013709,0.33942136093103409
0.115,0,-1.885,0.036133333333333365,2.2412891786893496e-16,-0.00034950286450086457,-5.6461248964740499e-15,0.00038329083815780531,1.8666627111013709,0.33942136093103409
0.12,0,-1.8799999999999999,0.036133333333333365,2.2547755882787355e-16,-0.00036469864121829385,-5.5558927002541141e-15,0.00039783669056600785,1.8666627111013709,0.33942136093103409
0.125,0,-1.875,0.036133333333333365,2.2612652523676371e-16,-0.00037989441793572241,-5.4663807929654379e-15,0.00041221182498887615,1.8666627111013709,0.33942136093103409
0.13,0,-1.8700000000000001,0.036133333333333365,2.2607581709560553e-16,-0.00039509019465315092,-5.3775866146683855e-15,0.00042641694493459226,1.8666627111013709,0.33942136093103409
0.13500000000000001,0,-1.865,0.036133333333333365,2.2532543440439896e-16,-0.00041028597137058014,-5.2895076054233097e-15,0.00044045275391133817,1.8666627111013709,0.33942136093103409
0.14000000000000001,0,-1.8599999999999999,0.036133333333333365,2.2387537716314396e-16,-0.00042548174808800941,-5.2021412052905796e-15,0.00045431995542729426,1.8666627111013709,0.33942136093103409
0.14499999999999999,0,-1.855,0.036133333333333365,2.2172564537184073e-16,-0.00044067752480543798,-5.1154848543305647e-15,0.00046801925299064164,1.8666627111013709,0.33942136093103409
0.14999999999999999,0,-1.8500000000000001,0.036133333333333365,2.1887623903048916e-16,-0.00045587330152286655,-5.0295359926036204e-15,0.00048155135010956199,1.8666627111013709,0.33942136093103409
0.155,0,-1.845,0.036133333333333365,2.1532715813908906e-16,-0.00047106907824029577,-4.9442920601701093e-15,0.00049491695029223745,1.8666627111013709,0.33942136093103409
0.16,0,-1.8400000000000001,0.036133333333333365,2.1107840269764083e-16,-0.00048626485495772433,-4.8597504970904002e-15,0.00050811675704684803,1.8666627111013709,0.33942136093103409
0.16500000000000001,0,-1.835,0.036133333333333365,2.0612997270614396e-16,-0.0005014606316751535,-4.77590874342485e-15,0.00052115147388157631,1.8666627111013709,0.33942136093103409
0.17000000000000001,0,-1.8300000000000001,0.036133333333333365,2.0048186816459898e-16,-0.00051665640839258212,-4.6927642392338285e-15,0.00053402180430460239,1.8666627111013709,0.33942136093103409
0.17499999999999999,0,-1.825,0.036133333333333365,1.9413408907300537e-16,-0.00053185218511001139,-4.6103144245776894e-15,0.00054672845182410874,1.8666627111013709,0.33942136093103409
0.17999999999999999,0,-1.8200000000000001,0.036133333333333365,1.870866354313637e-16,-0.00054704796182744001,-4.5285567395168071e-15,0.00055927211994827601,1.8666627111013709,0.33942136093103409
0.185,0,-1.8149999999999999,0.036133333333333365,1.7933950723967335e-16,-0.00056224373854486917,-4.447488624111533e-15,0.00057165351218528581,1.8666627111013709,0.33942136093103409
0.19,0,-1.8100000000000001,0.036133333333333365,1.7089270449793496e-16,-0.00057743951526229779,-4.3671075184222416e-15,0.00058387333204331922,1.8666627111013709,0.33942136093103409
0.19500000000000001,0,-1.8049999999999999,0.036133333333333365,1.6174622720614784e-16,-0.00059263529197972717,-4.2874108625092851e-15,0.00059593228303055795,1.8666627111013709,0.33942136093103409
0.20000000000000001,0,-1.8,0.036133333333333365,1.5190007536431273e-16,-0.00060783106869715547,-4.2083960964330371e-15,0.00060783106865518286,1.8666627111013709,0.33942136093103409
0.20499999999999999,0,-1.7949999999999999,0.028933333333333339,1.437889415944811e-16,-0.00060654216926026808,-3.9473599748249237e-15,0.00060685069108993683,1.6773955937498561,0.28679307691754924
0.20999999999999999,0,-1.79,0.028933333333333339,1.3602120423567025e-16,-0.00060525326982338069,-3.8003704038176014e-15,0.0006058530814834406,1.6773955937498561,0.28679307691754924
0.215,0,-1.7849999999999999,0.028933333333333339,1.2859686328787945e-16,-0.00060396437038649309,-3.6547707506524596e-15,0.00060483835118360359,1.6773955937498561,0.28679307691754924
0.22,0,-1.78,0.028933333333333339,1.2151591875110945e-16,-0.00060267547094960592,-3.510688258893736e-15,0.00060380661153833519,1.6773955937498561,0.28679307691754924
0.22500000000000001,0,-1.7749999999999999,0.028933333333333339,1.1477837062535946e-16,-0.00060138657151271831,-3.3680503402121806e-15,0.00060275797389554449,1.6773955937498561,0.28679307691754924
0.23000000000000001,0,-1.77,0.028933333333333339,1.0838421891063028e-16,-0.00060009767207583103,-3.226785889234028e-15,0.00060169254960314156,1.6773955937498561,0.28679307691754924
0.23499999999999999,0,-1.7650000000000001,0.028933333333333339,1.0233346360692143e-16,-0.00059880877263894343,-3.0870199250903019e-15,0.00060061045000903515,1.6773955937498561,0.28679307691754924
0.23999999999999999,0,-1.76,0.028933333333333339,9.6626104714232761e-17,-0.00059751987320205582,-2.9486164563366341e-15,0.00059951178646113488,1.6773955937498561,0.28679307691754924
0.245,0,-1.7549999999999999,0.028933333333333339,9.1262142232564529e-17,-0.00059623097376516844,-2.811634878721345e-15,0.00059839667030735016,1.6773955937498561,0.28679307691754924
0.25,0,-1.75,0.028933333333333339,8.6241576161916959e-17,-0.00059494207432828105,-2.676133121699717e-15,0.0005972652128955903,1.6773955937498561,0.28679307691754924
0.255,0,-1.7450000000000001,0.028933333333333339,8.1564406502289781e-17,-0.00059365317489139366,-2.5419773932669393e-15,0.00059611752557376448,1.6773955937498561,0.28679307691754924
0.26000000000000001,0,-1.74,0.028933333333333339,7.7230633253682784e-17,-0.00059236427545450606,-2.4092890468214352e-15,0.00059495371968978287,1.6773955937498561,0.28679307691754924
0.26500000000000001,0,-1.7349999999999999,0.028933333333333339,7.3240256416096252e-17,-0.00059107537601761878,-2.2779984432824769e-15,0.00059377390659155391,1.6773955937498561,0.28679307691754924
0.27000000000000002,0,-1.73,0.028933333333333339,6.9593275989530297e-17,-0.00058978647658073128,-2.1480373931999517e-15,0.00059257819762698733,1.6773955937498561,0.28679307691754924
0.27500000000000002,0,-1.7250000000000001,0.028933333333333339,6.6289691973984745e-17,-0.00058849757714384389,-2.0195250755263536e-15,0.00059136670414399275,1.6773955937498561,0.28679307691754924
0.28000000000000003,0,-1.72,0.028933333333333339,6.3329504369459461e-17,-0.00058720867770695629,-1.892331322333424e-15,0.00059013953749047937,1.6773955937498561,0.28679307691754924
0.28499999999999998,0,-1.7150000000000001,0.028933333333333339,6.0712713175954729e-17,-0.0005859197782700689,-1.7665126134458297e-15,0.00058889680901435659,1.6773955937498561,0.28679307691754924
0.28999999999999998,0,-1.71,0.028933333333333339,5.8439318393470252e-17,-0.0005846308788331813,-1.6421239957200145e-15,0.0005876386300635336,1.6773955937498561,0.28679307691754924
0.29499999999999998,0,-1.7050000000000001,0.028933333333333339,5.6509320022006376e-17,-0.00058334197939629391,-1.5190374506800362e-15,0.00058636511198592014,1.6773955937498561,0.28679307691754924
0.29999999999999999,0,-1.7,0.028933333333333339,5.4922718061562793e-17,-0.00058205307995940641,-1.3973685748578823e-15,0.00058507636612942552,1.6773955937498561,0.28679307691754924
0.30499999999999999,0,-1.6950000000000001,0.028933333333333339,5.3679512512139712e-17,-0.00058076418052251891,-1.2770506117716481e-15,0.00058377250384195869,1.6773955937498561,0.28679307691754924
0.31,0,-1.6899999999999999,0.028933333333333339,5.2779703373736961e-17,-0.00057947528108563153,-1.1580182212451873e-15,0.00058245363647142941,1.6773955937498561,0.28679307691754924
0.315,0,-1.6850000000000001,0.028933333333333339,5.2223290646354662e-17,-0.00057818638164874425,-1.0403553076255567e-15,0.00058111987536574718,1.6773955937498561,0.28679307691754924
0.32000000000000001,0,-1.6799999999999999,0.028933333333333339,5.2010274329992767e-17,-0.00057689748221185675,-9.240554888906041e-16,0.00057977133187282119,1.6773955937498561,0.28679307691754924
0.32500000000000001,0,-1.675,0.028933333333333339,5.2140654424651313e-17,-0.00057560858277496915,-8.0902473269606913e-16,0.00057840811734056075,1.6773955937498561,0.28679307691754924
0.33000000000000002,0,-1.6699999999999999,0.028933333333333339,5.2614430930330274e-17,-0.00057431968333808165,-6.9534536176075243e-16,0.00057703034311687538,1.6773955937498561,0.28679307691754924
0.33500000000000002,0,-1.665,0.028933333333333339,5.3431603847029627e-17,-0.00057303078390119426,-5.8295325877401326e-16,0.00057563812054967447,1.6773955937498561,0.28679307691754924
0.34000000000000002,0,-1.6599999999999999,0.028933333333333339,5.4592173174749421e-17,-0.00057174188446430698,-4.7192917888533304e-16,0.00057423156098686744,1.6773955937498561,0.28679307691754924
0.34499999999999997,0,-1.655,0.028933333333333339,5.6096138913489581e-17,-0.00057045298502741938,-3.6220918156194314e-16,0.00057281077577636349,1.6773955937498561,0.28679307691754924
0.34999999999999998,0,-1.6499999999999999,0.028933333333333339,5.7943501063250255e-17,-0.00056916408559053199,-2.5373070925199204e-16,0.00057137587626607202,1.6773955937498561,0.28679307691754924
0.35499999999999998,0,-1.645,0.028933333333333339,6.0134259624031235e-17,-0.0005678751861536446,-1.4657347986927872e-16,0.00056992697380390254,1.6773955937498561,0.28679307691754924
0.35999999999999999,0,-1.6400000000000001,0.028933333333333339,6.2668414595832618e-17,-0.00056658628671675711,-4.0675104829318723e-17,0.00056846417973776436,1.6773955937498561,0.28679307691754924
0.36499999999999999,0,-1.635,0.028933333333333339,6.554596597865454e-17,-0.00056529738727986972,6.3886242091892893e-17,0.00056698760541556677,1.6773955937498561,0.28679307691754924
0.37,0,-1.6299999999999999,0.028933333333333339,6.8766913772496903e-17,-0.00056400848784298211,1.6720044429581153e-16,0.00056549736218521941,1.6773955937498561,0.28679307691754924
0.375,0,-1.625,0.028933333333333339,7.2331257977359509e-17,-0.00056271958840609473,2.6927284656887169e-16,0.00056399356139463146,1.6773955937498561,0.28679307691754924
0.38,0,-1.6200000000000001,0.028933333333333339,7.6238998593242519e-17,-0.00056143068896920723,3.7002680521394943e-16,0.00056247631439171244,1.6773955937498561,0.28679307691754924
0.38500000000000001,0,-1.615,0.028933333333333339,8.0490135620146166e-17,-0.00056014178953231984,4.6952351146437595e-16,0.00056094573252437143,1.6773955937498561,0.28679307691754924
0.39000000000000001,0,-1.6099999999999999,0.028933333333333339,8.5084669058070205e-17,-0.00055885289009543235,5.6782280689737615e-16,0.00055940192714051807,1.6773955937498561,0.28679307691754924
0.39500000000000002,0,-1.605,0.028933333333333339,9.0022598907014438e-17,-0.00055756399065854496,6.6484906005789018e-16,0.00055784500958806175,1.6773955937498561,0.28679307691754924
0.40000000000000002,0,-1.6000000000000001,0.028933333333333339,9.5303925166979086e-17,-0.00055627509122165735,7.6060862797443239e-16,0.00055627509121491166,1.6773955937498561,0.28679307691754924
0.40500000000000003,0,-1.595,0.022533333333333339,1.0076409929113486e-16,-0.00055160884361476592,2.7438684831393454e-15,0.00055097778717253594,1.483411458873704,0.22875260319183746
0.40999999999999998,0,-1.5900000000000001,0.022533333333333339,1.0570763273650721e-16,-0.00054694259600787459,2.7457278611077095e-15,0.00054571420875578413,1.483411458873704,0.22875260319183746
0.41499999999999998,0,-1.585,0.022533333333333339,1.1013452550309661e-16,-0.00054227634840098293,2.7474021048730072e-15,0.00054048424829961105,1.483411458873704,0.22875260319183746
0.41999999999999998,0,-1.5800000000000001,0.022533333333333339,1.1404477759090266e-16,-0.0005376101007940916,2.748892343861566e-15,0.00053528779813897317,1.483411458873704,0.22875260319183746
0.42499999999999999,0,-1.575,0.022533333333333339,1.1743838899992567e-16,-0.00053294385318720006,2.7501997074997117e-15,0.0005301247506088254,1.483411458873704,0.22875260319183746
0.42999999999999999,0,-1.5700000000000001,0.022533333333333339,1.2031535973016542e-16,-0.00052827760558030862,2.7513253252137728e-15,0.00052499499804412421,1.483411458873704,0.22875260319183746
0.435,0,-1.5649999999999999,0.022533333333333339,1.2267568978162207e-16,-0.00052361135797341707,2.7522703264300754e-15,0.00051989843277982465,1.483411458873704,0.22875260319183746
0.44,0,-1.5600000000000001,0.022533333333333339,1.2451937915429549e-16,-0.00051894511036652564,2.7530358405749469e-15,0.00051483494715088272,1.483411458873704,0.22875260319183746
0.44500000000000001,0,-1.5549999999999999,0.022533333333333339,1.2584642784818577e-16,-0.00051427886275963409,2.7536229970747139e-15,0.00050980443349225358,1.483411458873704,0.22875260319183746
0.45000000000000001,0,-1.55,0.022533333333333339,1.2665683586329286e-16,-0.00050961261515274276,2.7540329253557043e-15,0.0005048067841388938,1.483411458873704,0.22875260319183746
0.45500000000000002,0,-1.5449999999999999,0.022533333333333339,1.2695060319961679e-16,-0.00050494636754585111,2.7542667548442436e-15,0.00049984189142575808,1.483411458873704,0.22875260319183746
0.46000000000000002,0,-1.54,0.022533333333333339,1.2672772985715756e-16,-0.00050028011993895978,2.7543256149666595e-15,0.00049490964768780278,1.483411458873704,0.22875260319183746
0.46500000000000002,0,-1.5349999999999999,0.022533333333333339,1.2598821583591515e-16,-0.00049561387233206813,2.7542106351492794e-15,0.00049000994525998315,1.483411458873704,0.22875260319183746
0.46999999999999997,0,-1.53,0.022533333333333339,1.2473206113588958e-16,-0.0004909476247251768,2.7539229448184309e-15,0.00048514267647725527,1.483411458873704,0.22875260319183746
0.47499999999999998,0,-1.5249999999999999,0.022533333333333339,1.2295926575708077e-16,-0.00048628137711828525,2.7534636734004395e-15,0.00048030773367457435,1.483411458873704,0.22875260319183746
0.47999999999999998,0,-1.52,0.022533333333333339,1.2066982969948891e-16,-0.00048161512951139392,2.7528339503216327e-15,0.00047550500918689629,1.483411458873704,0.22875260319183746
0.48499999999999999,0,-1.5150000000000001,0.022533333333333339,1.1786375296311388e-16,-0.00047694888190450259,2.752034905008338e-15,0.00047073439534917689,1.483411458873704,0.22875260319183746
0.48999999999999999,0,-1.51,0.022533333333333339,1.1454103554795557e-16,-0.00047228263429761083,2.7510676668868827e-15,0.00046599578449637143,1.483411458873704,0.22875260319183746
0.495,0,-1.5049999999999999,0.022533333333333339,1.1070167745401402e-16,-0.00046761638669071928,2.7499333653835918e-15,0.00046128906896343569,1.483411458873704,0.22875260319183746
0.5,0,-1.5,0.022533333333333339,1.0634567868128951e-16,-0.0004629501390838279,2.7486331299247944e-15,0.00045661414108532576,1.483411458873704,0.22875260319183746
0.505,0,-1.4950000000000001,0.022533333333333339,1.0147303922978185e-16,-0.00045828389147693663,2.7471680899368173e-15,0.00045197089319699699,1.483411458873704,0.22875260319183746
0.51000000000000001,0,-1.49,0.022533333333333339,9.6083759099490786e-17,-0.00045361764387004497,2.7455393748459861e-15,0.00044735921763340483,1.483411458873704,0.22875260319183746
0.51500000000000001,0,-1.4849999999999999,0.022533333333333339,9.0177838290416527e-17,-0.00044895139626315337,2.7437481140786294e-15,0.00044277900672950505,1.483411458873704,0.22875260319183746
0.52000000000000002,0,-1.48,0.022533333333333339,8.3755276802559376e-17,-0.00044428514865626199,2.7417954370610732e-15,0.00043823015282025386,1.483411458873704,0.22875260319183746
0.52500000000000002,0,-1.4750000000000001,0.022533333333333339,7.6816074635919073e-17,-0.00043961890104937061,2.739682473219645e-15,0.00043371254824060639,1.483411458873704,0.22875260319183746
0.53000000000000003,0,-1.47,0.022533333333333339,6.9360231790495274e-17,-0.00043495265344247901,2.7374103519806712e-15,0.00042922608532551814,1.483411458873704,0.22875260319183746
0.53500000000000003,0,-1.4649999999999999,0.022533333333333339,6.13877482662883e-17,-0.00043028640583558741,2.7349802027704792e-15,0.0004247706564099451,1.483411458873704,0.22875260319183746
0.54000000000000004,0,-1.46,0.022533333333333339,5.2898624063298489e-17,-0.00042562015822869608,2.7323931550153962e-15,0.00042034615382884294,1.483411458873704,0.22875260319183746
0.54500000000000004,0,-1.4550000000000001,0.022533333333333339,4.3892859181525558e-17,-0.00042095391062180469,2.7296503381417494e-15,0.00041595246991716749,1.483411458873704,0.22875260319183746
0.55000000000000004,0,-1.45,0.022533333333333339,3.4370453620969026e-17,-0.00041628766301491315,2.7267528815758647e-15,0.00041158949700987381,1.483411458873704,0.22875260319183746
0.55500000000000005,0,-1.4449999999999998,0.022533333333333339,2.4331407381629306e-17,-0.0004116214154080216,2.7237019147440708e-15,0.00040725712744191808,1.483411458873704,0.22875260319183746
0.56000000000000005,0,-1.4399999999999999,0.022533333333333339,1.3775720463506891e-17,-0.00040695516780113022,2.7204985670726932e-15,0.00040295525354825588,1.483411458873704,0.22875260319183746
0.56499999999999995,0,-1.4350000000000001,0.022533333333333339,2.7033928666012938e-18,-0.00040228892019423878,2.7171439679880598e-15,0.00039868376766384297,1.483411458873704,0.22875260319183746
0.56999999999999995,0,-1.4300000000000002,0.022533333333333339,-8.8855754090874295e-18,-0.0003976226725873474,2.7136392469164967e-15,0.00039444256212363486,1.483411458873704,0.22875260319183746
0.57499999999999996,0,-1.425,0.022533333333333339,-2.0991184363559858e-17,-0.00039295642498045585,2.7099855332843314e-15,0.00039023152926258693,1.483411458873704,0.22875260319183746
0.57999999999999996,0,-1.4199999999999999,0.022533333333333339,-3.3613433996815463e-17,-0.00038829017737356425,2.7061839565178909e-15,0.0003860505614156551,1.483411458873704,0.22875260319183746
0.58499999999999996,0,-1.415,0.022533333333333339,-4.6752324308853695e-17,-0.00038362392976667292,2.7022356460435027e-15,0.00038189955091779543,1.483411458873704,0.22875260319183746
0.58999999999999997,0,-1.4100000000000001,0.022533333333333339,-6.0407855299675065e-17,-0.00037895768215978149,2.6981417312874934e-15,0.00037777839010396302,1.483411458873704,0.22875260319183746
0.59499999999999997,0,-1.405,0.022533333333333339,-7.4580026969280222e-17,-0.00037429143455288994,2.6939033416761894e-15,0.00037368697130911373,1.483411458873704,0.22875260319183746
0.59999999999999998,0,-1.3999999999999999,0.022533333333333339,-8.9268839317668591e-17,-0.00036962518694599834,2.6895216066359189e-15,0.00036962518686820315,1.483411458873704,0.22875260319183746
0.60499999999999998,0,-1.395,0.016933333333333328,-1.048438526212472e-16,-0.00036558695031865162,1.5184111592423162e-15,0.00036484552500877548,1.2871871266940216,0.17359988497951881
0.60999999999999999,0,-1.3900000000000001,0.016933333333333328,-1.1970146411951306e-16,-0.0003615487136913049,1.4490217915103262e-15,0.00036010597844092035,1.2871871266940216,0.17359988497951881
0.61499999999999999,0,-1.385,0.016933333333333328,-1.338416738124668e-16,-0.00035751047706395806,1.38049191631821e-15,0.00035540638188953411,1.2871871266940216,0.17359988497951881
0.62,0,-1.3799999999999999,0.016933333333333328,-1.4726448170010777e-16,-0.00035347224043661112,1.3128772330866576e-15,0.00035074657007951271,1.2871871266940216,0.17359988497951881
0.625,0,-1.375,0.016933333333333328,-1.5996988778243536e-16,-0.00034943400380926446,1.246132747320977e-15,0.00034612637773575249,1.2871871266940216,0.17359988497951881
0.63,0,-1.3700000000000001,0.016933333333333328,-1.719578920594502e-16,-0.00034539576718191768,1.1802146202522314e-15,0.00034154563958314964,1.2871871266940216,0.17359988497951881
0.63500000000000001,0,-1.365,0.016933333333333328,-1.8322849453115279e-16,-0.00034135753055457085,1.115177684506785e-15,0.00033700419034659955,1.2871871266940216,0.17359988497951881
0.64000000000000001,0,-1.3599999999999999,0.016933333333333328,-1.9378169519754261e-16,-0.00033731929392722396,1.0510169670435018e-15,0.00033250186475099896,1.2871871266940216,0.17359988497951881
0.64500000000000002,0,-1.355,0.016933333333333328,-2.0361749405861915e-16,-0.00033328105729987719,9.8766983651104429e-16,0.00032803849752124377,1.2871871266940216,0.17359988497951881
0.65000000000000002,0,-1.3500000000000001,0.016933333333333328,-2.1273589111438296e-16,-0.00032924282067253052,9.2518983712139447e-16,0.00032361392338223021,1.2871871266940216,0.17359988497951881
0.65500000000000003,0,-1.345,0.016933333333333328,-2.2113688636483443e-16,-0.00032520458404518363,8.6353412487771897e-16,0.00031922797705885391,1.2871871266940216,0.17359988497951881
0.66000000000000003,0,-1.3399999999999999,0.016933333333333328,-2.2882047980997302e-16,-0.00032116634741783675,8.0275496971013836e-16,0.00031488049327601137,1.2871871266940216,0.17359988497951881
0.66500000000000004,0,-1.335,0.016933333333333328,-2.3578667144979859e-16,-0.00031712811079048997,7.4280967182583158e-16,0.00031057130675859887,1.2871871266940216,0.17359988497951881
0.67000000000000004,0,-1.3300000000000001,0.016933333333333328,-2.4203546128431137e-16,-0.0003130898741631433,6.8365665365843412e-16,0.00030630025223151201,1.2871871266940216,0.17359988497951881
0.67500000000000004,0,-1.325,0.016933333333333328,-2.4756684931351162e-16,-0.00030905163753579642,6.2534734346821482e-16,0.00030206716441964694,1.2871871266940216,0.17359988497951881
0.68000000000000005,0,-1.3199999999999998,0.016933333333333328,-2.5238083553739913e-16,-0.00030501340090844953,5.678767807762734e-16,0.00029787187804789991,1.2871871266940216,0.17359988497951881
0.68500000000000005,0,-1.3149999999999999,0.016933333333333328,-2.5647741995597362e-16,-0.00030097516428110276,5.1118570091065996e-16,0.00029371422784116725,1.2871871266940216,0.17359988497951881
0.68999999999999995,0,-1.3100000000000001,0.016933333333333328,-2.5985660256923543e-16,-0.00029693692765375609,4.5532428140396887e-16,0.0002895940485243447,1.2871871266940216,0.17359988497951881
0.69499999999999995,0,-1.3050000000000002,0.016933333333333328,-2.625183833771844e-16,-0.00029289869102640937,4.0025191015005801e-16,0.0002855111748223285,1.2871871266940216,0.17359988497951881
0.69999999999999996,0,-1.3,0.016933333333333328,-2.6446276237982075e-16,-0.00028886045439906243,3.4601752808636524e-16,0.00028146544146001449,1.2871871266940216,0.17359988497951881
0.70499999999999996,0,-1.2949999999999999,0.016933333333333328,-2.6568973957714431e-16,-0.00028482221777171554,2.9258066312334521e-16,0.00027745668316229885,1.2871871266940216,0.17359988497951881
0.70999999999999996,0,-1.29,0.016933333333333328,-2.6619931496915509e-16,-0.00028078398114436887,2.3990193189861742e-16,0.00027348473465407802,1.2871871266940216,0.17359988497951881
0.71499999999999997,0,-1.2850000000000001,0.016933333333333328,-2.6599148855585304e-16,-0.00027674574451702215,1.88046744703409e-16,0.00026954943066024803,1.2871871266940216,0.17359988497951881
0.71999999999999997,0,-1.28,0.016933333333333328,-2.6506626033723825e-16,-0.00027270750788967527,1.3694114428330284e-16,0.00026565060590570449,1.2871871266940216,0.17359988497951881
0.72499999999999998,0,-1.2749999999999999,0.016933333333333328,-2.6342363031331064e-16,-0.00026866927126232838,8.6615426861328375e-17,0.00026178809511534366,1.2871871266940216,0.17359988497951881
0.72999999999999998,0,-1.27,0.016933333333333328,-2.6106359848407034e-16,-0.00026463103463498166,3.7098816682998724e-17,0.00025796173301406212,1.2871871266940216,0.17359988497951881
0.73499999999999999,0,-1.2650000000000001,0.016933333333333328,-2.5798616484951732e-16,-0.00026059279800763494,-1.1681035539828855e-17,0.00025417135432675552,1.2871871266940216,0.17359988497951881
0.73999999999999999,0,-1.26,0.016933333333333328,-2.5419132940965136e-16,-0.00025655456138028805,-5.966139945971751e-17,0.00025041679377831993,1.2871871266940216,0.17359988497951881
0.745,0,-1.2549999999999999,0.016933333333333328,-2.4967909216447257e-16,-0.00025251632475294111,-1.0688058646153182e-16,0.00024669788609365151,1.2871871266940216,0.17359988497951881
0.75,0,-1.25,0.016933333333333328,-2.4444945311398125e-16,-0.0002484780881255945,-1.5337585270226881e-16,0.00024301446599764661,1.2871871266940216,0.17359988497951881
0.755,0,-1.2450000000000001,0.016933333333333328,-2.3850241225817719e-16,-0.00024443985149824777,-1.9908605067629272e-16,0.00023936636821520109,1.2871871266940216,0.17359988497951881
0.76000000000000001,0,-1.24,0.016933333333333328,-2.3183796959706006e-16,-0.00024040161487090086,-2.4408089160207735e-16,0.00023575342747121094,1.2871871266940216,0.17359988497951881
0.76500000000000001,0,-1.2349999999999999,0.016933333333333328,-2.2445612513063015e-16,-0.00023636337824355398,-2.8833220646197717e-16,0.00023217547849057232,1.2871871266940216,0.17359988497951881
0.77000000000000002,0,-1.23,0.016933333333333328,-2.1635687885888785e-16,-0.00023232514161620725,-3.3181286471656591e-16,0.00022863235599818158,1.2871871266940216,0.17359988497951881
0.77500000000000002,0,-1.2250000000000001,0.016933333333333328,-2.0754023078183272e-16,-0.00022828690498886053,-3.7459101986698908e-16,0.00022512389471893458,1.2871871266940216,0.17359988497951881
0.78000000000000003,0,-1.22,0.016933333333333328,-1.9800618089946449e-16,-0.00022424866836151362,-4.166081206031577e-16,0.00022164992937772745,1.2871871266940216,0.17359988497951881
0.78500000000000003,0,-1.2149999999999999,0.016933333333333328,-1.877547292117834e-16,-0.00022021043173416674,-4.5790038460385036e-16,0.00021821029469945612,1.2871871266940216,0.17359988497951881
0.79000000000000004,0,-1.21,0.016933333333333328,-1.7678587571879e-16,-0.00021617219510682001,-4.9850300781927475e-16,0.00021480482540901707,1.2871871266940216,0.17359988497951881
0.79500000000000004,0,-1.2050000000000001,0.016933333333333328,-1.650996204204839e-16,-0.00021213395847947334,-5.3835897153219845e-16,0.00021143335623130619,1.2871871266940216,0.17359988497951881
0.80000000000000004,0,-1.2,0.016933333333333328,-1.5269596331686444e-16,-0.00020809572185212641,-5.7753387492234003e-16,0.00020809572189121937,1.2871871266940216,0.17359988497951881
0.80500000000000005,0,-1.1949999999999998,0.012133333333333336,-1.4166249682105166e-16,-0.0002054306334873359,-1.2536355796617747e-15,0.00020482940807774622,1.0897238989977256,0.1248142152834355
0.81000000000000005,0,-1.1899999999999999,0.012133333333333336,-1.3096036217048545e-16,-0.00020276554512254556,-1.23276480156138e-15,0.00020159596972831785,1.0897238989977256,0.1248142152834355
0.81499999999999995,0,-1.1850000000000001,0.012133333333333336,-1.2058955936516525e-16,-0.00020010045675775522,-1.2120898453065955e-15,0.00019839524552269424,1.0897238989977256,0.1248142152834355
0.81999999999999995,0,-1.1800000000000002,0.012133333333333336,-1.1055008840509115e-16,-0.00019743536839296482,-1.1916548573714173e-15,0.00019522707414063541,1.0897238989977256,0.1248142152834355
0.82499999999999996,0,-1.175,0.012133333333333336,-1.0084194929026265e-16,-0.00019477028002817438,-1.1714360161053613e-15,0.00019209129426190136,1.0897238989977256,0.1248142152834355
0.82999999999999996,0,-1.1699999999999999,0.012133333333333336,-9.1465142020680297e-17,-0.00019210519166338387,-1.1514102571316701e-15,0.00018898774456625243,1.0897238989977256,0.1248142152834355
0.83499999999999996,0,-1.165,0.012133333333333336,-8.2419666596344354e-17,-0.00018944010329859348,-1.131620591013753e-15,0.00018591626373344865,1.0897238989977256,0.1248142152834355
0.83999999999999997,0,-1.1600000000000001,0.012133333333333336,-7.3705523017254529e-17,-0.00018677501493380314,-1.1120221765409882e-15,0.00018287669044325016,1.0897238989977256,0.1248142152834355
0.84499999999999997,0,-1.155,0.012133333333333336,-6.5322711283410342e-17,-0.00018410992656901261,-1.0926358720148445e-15,0.00017986886337541678,1.0897238989977256,0.1248142152834355
0.84999999999999998,0,-1.1499999999999999,0.012133333333333336,-5.7271231394812273e-17,-0.00018144483820422216,-1.0734817912982163e-15,0.00017689262120970881,1.0897238989977256,0.1248142152834355
0.85499999999999998,0,-1.145,0.012133333333333336,-4.9551083351460625e-17,-0.00017877974983943179,-1.0545162098383471e-15,0.00017394780262588644,1.0897238989977256,0.1248142152834355
0.85999999999999999,0,-1.1400000000000001,0.012133333333333336,-4.2162267153355033e-17,-0.00017611466147464142,-1.0357802771022041e-15,0.00017103424630370974,1.0897238989977256,0.1248142152834355
0.86499999999999999,0,-1.135,0.012133333333333336,-3.5104782800495196e-17,-0.00017344957310985094,-1.017251673151604e-15,0.00016815179092293859,1.0897238989977256,0.1248142152834355
0.87,0,-1.1299999999999999,0.012133333333333336,-2.8378630292881428e-17,-0.00017078448474506044,-9.9890880965179513e-16,0.00016530027516333312,1.0897238989977256,0.1248142152834355
0.875,0,-1.125,0.012133333333333336,-2.1983809630514025e-17,-0.00016811939638027007,-9.8079173866460205e-16,0.00016247953770465368,1.0897238989977256,0.1248142152834355
0.88,0,-1.1200000000000001,0.012133333333333336,-1.5920320813392679e-17,-0.0001654543080154797,-9.6285856464583961e-16,0.00015968941722666028,1.0897238989977256,0.1248142152834355
0.88500000000000001,0,-1.115,0.012133333333333336,-1.0188163841517156e-17,-0.0001627892196506892,-9.4512866985497135e-16,0.00015692975240911281,1.0897238989977256,0.1248142152834355
0.89000000000000001,0,-1.1099999999999999,0.012133333333333336,-4.7873387148877009e-18,-0.0001601241312858987,-9.2762071778318168e-16,0.0001542003819317714,1.0897238989977256,0.1248142152834355
0.89500000000000002,0,-1.105,0.012133333333333336,2.8215456649541357e-19,-0.00015745904292110836,-9.1029389103870828e-16,0.00015150114447439646,1.0897238989977256,0.1248142152834355
0.90000000000000002,0,-1.1000000000000001,0.012133333333333336,5.0203160026324959e-18,-0.00015479395455631799,-8.9318644476267127e-16,0.00014883187871674781,1.0897238989977256,0.1248142152834355
0.90500000000000003,0,-1.095,0.012133333333333336,9.4271455935236818e-18,-0.00015212886619152751,-8.7627750938859835e-16,0.00014619242333858553,1.0897238989977256,0.1248142152834355
0.91000000000000003,0,-1.0899999999999999,0.012133333333333336,1.3502643339168829e-17,-0.00014946377782673704,-8.5954692128315188e-16,0.00014358261701966977,1.0897238989977256,0.1248142152834355
0.91500000000000004,0,-1.085,0.012133333333333336,1.7246809239567698e-17,-0.00014679868946194664,-8.4302243302715511e-16,0.00014100229843976074,1.0897238989977256,0.1248142152834355
0.92000000000000004,0,-1.0800000000000001,0.012133333333333336,2.0659643294720529e-17,-0.00014413360109715627,-8.2668396622067215e-16,0.00013845130627861843,1.0897238989977256,0.1248142152834355
0.92500000000000004,0,-1.075,0.012133333333333336,2.3741145504627408e-17,-0.0001414685127323658,-8.1055848829446377e-16,0.00013592947921600284,1.0897238989977256,0.1248142152834355
0.93000000000000005,0,-1.0699999999999998,0.012133333333333336,2.649131586928823e-17,-0.00013880342436757532,-7.9461682574248097e-16,0.00013343665593167414,1.0897238989977256,0.1248142152834355
0.93500000000000005,0,-1.0649999999999999,0.012133333333333336,2.8910154388702848e-17,-0.00013613833600278492,-7.7885813363388267e-16,0.00013097267510539257,1.0897238989977256,0.1248142152834355
0.93999999999999995,0,-1.0600000000000001,0.012133333333333336,3.0997661062871396e-17,-0.00013347324763799456,-7.6330860507902308e-16,0.00012853737541691809,1.0897238989977256,0.1248142152834355
0.94499999999999995,0,-1.0550000000000002,0.012133333333333336,3.2753835891793919e-17,-0.00013080815927320422,-7.479487695425496e-16,0.00012613059554601082,1.0897238989977256,0.1248142152834355
0.94999999999999996,0,-1.05,0.012133333333333336,3.4178678875470409e-17,-0.00012814307090841371,-7.3275983675194522e-16,0.00012375217417243071,1.0897238989977256,0.1248142152834355
0.95499999999999996,0,-1.0449999999999999,0.012133333333333336,3.5272190013900837e-17,-0.00012547798254362324,-7.1776748962043808e-16,0.00012140194997593797,1.0897238989977256,0.1248142152834355
0.95999999999999996,0,-1.04,0.012133333333333336,3.603436930708514e-17,-0.00012281289417883287,-7.0295301990013027e-16,0.00011907976163629283,1.0897238989977256,0.1248142152834355
0.96499999999999997,0,-1.0350000000000001,0.012133333333333336,3.6465216755023392e-17,-0.00012014780581404247,-6.8834135423326942e-16,0.00011678544783325523,1.0897238989977256,0.1248142152834355
0.96999999999999997,0,-1.03,0.012133333333333336,3.6564732357715576e-17,-0.00011748271744925201,-6.739053599023181e-16,0.0001145188472465852,1.0897238989977256,0.1248142152834355
0.97499999999999998,0,-1.0249999999999999,0.012133333333333336,3.6332916115161665e-17,-0.00011481762908446155,-6.5964418235007397e-16,0.00011227979855604291,1.0897238989977256,0.1248142152834355
0.97999999999999998,0,-1.02,0.012133333333333336,3.5769768027361723e-17,-0.00011215254071967117,-6.4558200277746345e-16,0.00011006814044138861,1.0897238989977256,0.1248142152834355
0.98499999999999999,0,-1.0150000000000001,0.012133333333333336,3.4875288094315711e-17,-0.00010948745235488078,-6.3170069833965927e-16,0.00010788371158238222,1.0897238989977256,0.1248142152834355
0.98999999999999999,0,-1.01,0.012133333333333336,3.3649476316023576e-17,-0.00010682236399009032,-6.1798280078437655e-16,0.00010572635065878377,1.0897238989977256,0.1248142152834355
0.995,0,-1.0049999999999999,0.012133333333333336,3.2092332692485371e-17,-0.0001041572756252998,-6.0445200036813577e-16,0.00010359589635035344,1.0897238989977256,0.1248142152834355
1,0,-1,0.012133333333333336,3.020385722370114e-17,-0.00010149218726050945,-5.9110695158932784e-16,0.00010149218733685145,1.0897238989977256,0.1248142152834355
1.0049999999999999,0,-0.99500000000000011,0.0081333333333333379,2.906135768114653e-17,-9.9992438482779573e-05,2.5398159744239496e-16,9.9572817518985682e-05,0.89143184536084807,0.083692218588266726
1.01,0,-0.98999999999999999,0.0081333333333333379,2.8065032980333405e-17,-9.8492689705049601e-05,2.5860436834017242e-16,9.7676707363587455e-05,0.89143184536084807,0.083692218588266726
1.0149999999999999,0,-0.9850000000000001,0.0081333333333333379,2.7214883121261861e-17,-9.6992940927319711e-05,2.6309550499718983e-16,9.5803719452119601e-05,0.89143184536084807,0.083692218588266726
1.02,0,-0.97999999999999998,0.0081333333333333379,2.6510908103931831e-17,-9.5493192149589766e-05,2.6745610458765212e-16,9.3953716366044677e-05,0.89143184536084807,0.083692218588266726
1.0249999999999999,0,-0.97500000000000009,0.0081333333333333379,2.5953107928343373e-17,-9.3993443371859876e-05,2.7168726428576345e-16,9.2126560686825587e-05,0.89143184536084807,0.083692218588266726
1.03,0,-0.96999999999999997,0.0081333333333333379,2.5541482594496439e-17,-9.2493694594129904e-05,2.7579008126572853e-16,9.0322114995924872e-05,0.89143184536084807,0.083692218588266726
1.0349999999999999,0,-0.96500000000000008,0.0081333333333333379,2.5276032102391064e-17,-9.0993945816400014e-05,2.7976565270175133e-16,8.8540241874805384e-05,0.89143184536084807,0.083692218588266726
1.04,0,-0.95999999999999996,0.0081333333333333379,2.5156756452027216e-17,-8.9494197038670042e-05,2.8361507576803686e-16,8.6780803904929719e-05,0.89143184536084807,0.083692218588266726
1.0449999999999999,0,-0.95500000000000007,0.0081333333333333379,2.5183655643404924e-17,-8.7994448260940151e-05,2.8733944763878913e-16,8.5043663667760781e-05,0.89143184536084807,0.083692218588266726
1.05,0,-0.94999999999999996,0.0081333333333333379,2.5356729676524188e-17,-8.6494699483210207e-05,2.9093986548821287e-16,8.3328683744761072e-05,0.89143184536084807,0.083692218588266726
1.0549999999999999,0,-0.94500000000000006,0.0081333333333333379,2.5675978551384976e-17,-8.4994950705480303e-05,2.9441742649051218e-16,8.163572671739347e-05,0.89143184536084807,0.083692218588266726
1.0600000000000001,0,-0.93999999999999995,0.0081333333333333379,2.6141402267987322e-17,-8.3495201927750331e-05,2.9777322781989189e-16,7.9964655167120584e-05,0.89143184536084807,0.083692218588266726
1.0649999999999999,0,-0.93500000000000005,0.0081333333333333379,2.675300082633119e-17,-8.1995453150020454e-05,3.0100836665055609e-16,7.8315331675405278e-05,0.89143184536084807,0.083692218588266726
1.0700000000000001,0,-0.92999999999999994,0.0081333333333333379,2.7510774226416639e-17,-8.0495704372290496e-05,3.0412394015670947e-16,7.6687618823710054e-05,0.89143184536084807,0.083692218588266726
1.075,0,-0.92500000000000004,0.0081333333333333379,2.8414722468243587e-17,-7.8995955594560592e-05,3.0712104551255627e-16,7.5081379193497858e-05,0.89143184536084807,0.083692218588266726
1.0800000000000001,0,-0.91999999999999993,0.0081333333333333379,2.946484555181214e-17,-7.7496206816830661e-05,3.1000077989230122e-16,7.3496475366231231e-05,0.89143184536084807,0.083692218588266726
1.085,0,-0.91500000000000004,0.0081333333333333379,3.0661143477122178e-17,-7.5996458039100757e-05,3.1276424047014838e-16,7.193276992337301e-05,0.89143184536084807,0.083692218588266726
1.0900000000000001,0,-0.90999999999999992,0.0081333333333333379,3.2003616244173804e-17,-7.4496709261370785e-05,3.1541252442030243e-16,7.0390125446385818e-05,0.89143184536084807,0.083692218588266726
1.095,0,-0.90500000000000003,0.0081333333333333379,3.3492263852966928e-17,-7.2996960483640895e-05,3.1794672891696775e-16,6.886840451673248e-05,0.89143184536084807,0.083692218588266726
1.1000000000000001,0,-0.89999999999999991,0.0081333333333333379,3.5127086303501654e-17,-7.1497211705910937e-05,3.2036795113434874e-16,6.7367469715875577e-05,0.89143184536084807,0.083692218588266726
1.105,0,-0.89500000000000002,0.0081333333333333379,3.6908083595777858e-17,-6.9997462928181046e-05,3.2267728824664989e-16,6.5887183625278002e-05,0.89143184536084807,0.083692218588266726
1.1100000000000001,0,-0.8899999999999999,0.0081333333333333379,3.8835255729795688e-17,-6.8497714150451088e-05,3.2487583742807578e-16,6.4427408826402309e-05,0.89143184536084807,0.083692218588266726
1.115,0,-0.88500000000000001,0.0081333333333333379,4.0908602705554978e-17,-6.6997965372721197e-05,3.2696469585283051e-16,6.2988007900711322e-05,0.89143184536084807,0.083692218588266726
1.1200000000000001,0,-0.87999999999999989,0.0081333333333333379,4.3128124523055895e-17,-6.5498216594991239e-05,3.2894496069511876e-16,6.1568843429667664e-05,0.89143184536084807,0.083692218588266726
1.125,0,-0.875,0.0081333333333333379,4.5493821182298247e-17,-6.3998467817261349e-05,3.3081772912914498e-16,6.0169777994734187e-05,0.89143184536084807,0.083692218588266726
1.1299999999999999,0,-0.87000000000000011,0.0081333333333333379,4.8005692683282163e-17,-6.2498719039531445e-05,3.3258409832911335e-16,5.8790674177373512e-05,0.89143184536084807,0.083692218588266726
1.135,0,-0.86499999999999999,0.0081333333333333379,5.0663739026007706e-17,-6.0998970261801487e-05,3.3424516546922871e-16,5.7431394559048315e-05,0.89143184536084807,0.083692218588266726
1.1399999999999999,0,-0.8600000000000001,0.0081333333333333379,5.3467960210474709e-17,-5.949922148407161e-05,3.3580202772369525e-16,5.6091801721221436e-05,0.89143184536084807,0.083692218588266726
1.145,0,-0.85499999999999998,0.0081333333333333379,5.6418356236683375e-17,-5.7999472706341645e-05,3.3725578226671736e-16,5.4771758245355468e-05,0.89143184536084807,0.083692218588266726
1.1499999999999999,0,-0.85000000000000009,0.0081333333333333379,5.9514927104633446e-17,-5.6499723928611754e-05,3.3860752627249959e-16,5.3471126712913244e-05,0.89143184536084807,0.083692218588266726
1.155,0,-0.84499999999999997,0.0081333333333333379,6.2757672814325186e-17,-5.4999975150881803e-05,3.3985835691524637e-16,5.2189769705357371e-05,0.89143184536084807,0.083692218588266726
1.1599999999999999,0,-0.84000000000000008,0.0081333333333333379,6.6146593365758349e-17,-5.3500226373151899e-05,3.4100937136916213e-16,5.0927549804150689e-05,0.89143184536084807,0.083692218588266726
1.165,0,-0.83499999999999996,0.0081333333333333379,6.9681688758933181e-17,-5.2000477595421941e-05,3.4206166680845128e-16,4.9684329590755777e-05,0.89143184536084807,0.083692218588266726
1.1699999999999999,0,-0.83000000000000007,0.0081333333333333379,7.3362958993849437e-17,-5.0500728817692044e-05,3.4301634040731829e-16,4.8459971646635497e-05,0.89143184536084807,0.083692218588266726
1.175,0,-0.82499999999999996,0.0081333333333333379,7.7190404070507361e-17,-4.9000980039962092e-05,3.4387448933996766e-16,4.7254338553252434e-05,0.89143184536084807,0.083692218588266726
1.1799999999999999,0,-0.82000000000000006,0.0081333333333333379,8.1164023988906709e-17,-4.7501231262232188e-05,3.4463721078060358e-16,4.6067292892069408e-05,0.89143184536084807,0.083692218588266726
1.1850000000000001,0,-0.81499999999999995,0.0081333333333333379,8.5283818749047714e-17,-4.6001482484502237e-05,3.4530560190343078e-16,4.489869724454904e-05,0.89143184536084807,0.083692218588266726
1.1899999999999999,0,-0.81000000000000005,0.0081333333333333379,8.954978835093013e-17,-4.4501733706772339e-05,3.4588075988265361e-16,4.3748414192154155e-05,0.89143184536084807,0.083692218588266726
1.1950000000000001,0,-0.80499999999999994,0.0081333333333333379,9.3961932794554264e-17,-4.3001984929042381e-05,3.4636378189247641e-16,4.2616306316347362e-05,0.89143184536084807,0.083692218588266726
1.2,0,-0.80000000000000004,0.0081333333333333379,9.8520252079919748e-17,-4.1502236151312484e-05,3.4675576510710366e-16,4.1502236198591478e-05,0.89143184536084807,0.083692218588266726
1.2050000000000001,0,-0.79499999999999993,0.0049333333333333321,1.0451561105140965e-16,-4.0788556697919333e-05,-4.1426732143931552e-18,4.0529058036472198e-05,0.69251787411117149,0.050662744353513631
1.21,0,-0.79000000000000004,0.0049333333333333321,1.1025416274022275e-16,-4.0074877244526244e-05,-7.447644957441746e-18,3.9570558396586466e-05,0.69251787411117149,0.050662744353513631
1.2150000000000001,0,-0.78499999999999992,0.0049333333333333321,1.157359071463595e-16,-3.936119779113312e-05,-1.06682281314196e-17,3.8626629050290331e-05,0.69251787411117149,0.050662744353513631
1.22,0,-0.78000000000000003,0.0049333333333333321,1.2096084426981942e-16,-3.864751833774003e-05,-1.3805229558224013e-17,3.769716176894009e-05,0.69251787411117149,0.050662744353513631
1.2250000000000001,0,-0.77499999999999991,0.0049333333333333321,1.2592897411060298e-16,-3.7933838884346907e-05,-1.6859456059752746e-17,3.6782048323891805e-05,0.69251787411117149,0.050662744353513631
1.23,0,-0.77000000000000002,0.0049333333333333321,1.306402966687097e-16,-3.7220159430953817e-05,-1.9831714457903056e-17,3.5881180486501759e-05,0.69251787411117149,0.050662744353513631
1.2350000000000001,0,-0.7649999999999999,0.0049333333333333321,1.3509481194414002e-16,-3.6506479977560693e-05,-2.2722811574572769e-17,3.4994450028126022e-05,0.69251787411117149,0.050662744353513631
1.24,0,-0.76000000000000001,0.0049333333333333321,1.3929251993689357e-16,-3.5792800524167604e-05,-2.5533554231659145e-17,3.4121748720120876e-05,0.69251787411117149,0.050662744353513631
1.2450000000000001,0,-0.75499999999999989,0.0049333333333333321,1.4323342064697068e-16,-3.507912107077448e-05,-2.8264749251059978e-17,3.3262968333842412e-05,0.69251787411117149,0.050662744353513631
1.25,0,-0.75,0.0049333333333333321,1.4691751407437103e-16,-3.436544161738139e-05,-3.091720345467255e-17,3.2418000640646858e-05,0.69251787411117149,0.050662744353513631
1.2549999999999999,0,-0.74500000000000011,0.0049333333333333321,1.5034480021909479e-16,-3.3651762163988287e-05,-3.3491723664394522e-17,3.1586737411890386e-05,0.69251787411117149,0.050662744353513631
1.26,0,-0.73999999999999999,0.0049333333333333321,1.535152790811421e-16,-3.293808271059517e-05,-3.5989116702123529e-17,3.0769070418929127e-05,0.69251787411117149,0.050662744353513631
1.2649999999999999,0,-0.7350000000000001,0.0049333333333333321,1.5642895066051267e-16,-3.222440325720208e-05,-3.8410189389756877e-17,2.9964891433119317e-05,0.69251787411117149,0.050662744353513631
1.27,0,-0.72999999999999998,0.0049333333333333321,1.5908581495720679e-16,-3.1510723803808957e-05,-4.0755748549192329e-17,2.9174092225817077e-05,0.69251787411117149,0.050662744353513631
1.2749999999999999,0,-0.72500000000000009,0.0049333333333333321,1.6148587197122416e-16,-3.0797044350415867e-05,-4.3026601002327198e-17,2.8396564568378644e-05,0.69251787411117149,0.050662744353513631
1.28,0,-0.71999999999999997,0.0049333333333333321,1.6362912170256506e-16,-3.0083364897022744e-05,-4.5223553571059217e-17,2.7632200232160123e-05,0.69251787411117149,0.050662744353513631
1.2849999999999999,0,-0.71500000000000008,0.0049333333333333321,1.6551556415122926e-16,-2.9369685443629654e-05,-4.7347413077285735e-17,2.6880890988517775e-05,0.69251787411117149,0.050662744353513631
1.29,0,-0.70999999999999996,0.0049333333333333321,1.6714519931721694e-16,-2.865600599023653e-05,-4.9398986342904447e-17,2.6142528608807695e-05,0.69251787411117149,0.050662744353513631
1.2949999999999999,0,-0.70500000000000007,0.0049333333333333321,1.6851802720052792e-16,-2.7942326536843434e-05,-5.137908018981273e-17,2.541700486438613e-05,0.69251787411117149,0.050662744353513631
1.3,0,-0.69999999999999996,0.0049333333333333321,1.6963404780116241e-16,-2.722864708345031e-05,-5.3288501439908289e-17,2.4704211526609189e-05,0.69251787411117149,0.050662744353513631
1.3049999999999999,0,-0.69500000000000006,0.0049333333333333321,1.7049326111912023e-16,-2.651496763005722e-05,-5.5128056915088475e-17,2.4004040366833119e-05,0.69251787411117149,0.050662744353513631
1.3100000000000001,0,-0.68999999999999995,0.0049333333333333321,1.7109566715440149e-16,-2.58012881766641e-05,-5.689855343725099e-17,2.3316383156414035e-05,0.69251787411117149,0.050662744353513631
1.3149999999999999,0,-0.68500000000000005,0.0049333333333333321,1.7144126590700611e-16,-2.5087608723271007e-05,-5.8600797828293215e-17,2.2641131666708168e-05,0.69251787411117149,0.050662744353513631
1.3200000000000001,0,-0.67999999999999994,0.0049333333333333321,1.7153005737693416e-16,-2.4373929269877883e-05,-6.0235596910112837e-17,2.1978177669071636e-05,0.69251787411117149,0.050662744353513631
1.325,0,-0.67500000000000004,0.0049333333333333321,1.7136204156418561e-16,-2.3660249816484794e-05,-6.1803757504607209e-17,2.1327412934860684e-05,0.69251787411117149,0.050662744353513631
1.3300000000000001,0,-0.66999999999999993,0.0049333333333333321,1.7093721846876044e-16,-2.2946570363091674e-05,-6.3306086433674049e-17,2.0688729235431412e-05,0.69251787411117149,0.050662744353513631
1.335,0,-0.66500000000000004,0.0049333333333333321,1.702555880906587e-16,-2.223289090969858e-05,-6.4743390519210719e-17,2.0062018342140075e-05,0.69251787411117149,0.050662744353513631
1.3400000000000001,0,-0.65999999999999992,0.0049333333333333321,1.6931715042988031e-16,-2.1519211456305453e-05,-6.6116476583114916e-17,1.9447172026342785e-05,0.69251787411117149,0.050662744353513631
1.345,0,-0.65500000000000003,0.0049333333333333321,1.6812190548642535e-16,-2.0805532002912367e-05,-6.7426151447284013e-17,1.8844082059395779e-05,0.69251787411117149,0.050662744353513631
1.3500000000000001,0,-0.64999999999999991,0.0049333333333333321,1.6666985326029377e-16,-2.0091852549519243e-05,-6.867322193361567e-17,1.8252640212655165e-05,0.69251787411117149,0.050662744353513631
1.355,0,-0.64500000000000002,0.0049333333333333321,1.6496099375148566e-16,-1.937817309612615e-05,-6.9858494864007334e-17,1.7672738257477198e-05,0.69251787411117149,0.050662744353513631
1.3600000000000001,0,-0.6399999999999999,0.0049333333333333321,1.6299532696000086e-16,-1.866449364273303e-05,-7.0982777060356615e-17,1.7104267965217982e-05,0.69251787411117149,0.050662744353513631
1.365,0,-0.63500000000000001,0.0049333333333333321,1.6077285288583954e-16,-1.7950814189339937e-05,-7.2046875344560962e-17,1.6547121107233755e-05,0.69251787411117149,0.050662744353513631
1.3700000000000001,0,-0.62999999999999989,0.0049333333333333321,1.5829357152900152e-16,-1.7237134735946813e-05,-7.305159653851797e-17,1.6001189454880642e-05,0.69251787411117149,0.050662744353513631
1.375,0,-0.625,0.0049333333333333321,1.5555748288948702e-16,-1.6523455282553727e-05,-7.3997747464125114e-17,1.5466364779514867e-05,0.69251787411117149,0.050662744353513631
1.3799999999999999,0,-0.62000000000000011,0.0049333333333333321,1.5256458696729598e-16,-1.5809775829160634e-05,-7.4886134943279965e-17,1.4942538852492592e-05,0.69251787411117149,0.050662744353513631
1.385,0,-0.61499999999999999,0.0049333333333333321,1.4931488376242812e-16,-1.5096096375767509e-05,-7.5717565797880095e-17,1.4429603445169961e-05,0.69251787411117149,0.050662744353513631
1.3899999999999999,0,-0.6100000000000001,0.0049333333333333321,1.4580837327488386e-16,-1.4382416922374421e-05,-7.6492846849822941e-17,1.3927450328903203e-05,0.69251787411117149,0.050662744353513631
1.395,0,-0.60499999999999998,0.0049333333333333321,1.4204505550466283e-16,-1.3668737468981295e-05,-7.7212784921006161e-17,1.3435971275048451e-05,0.69251787411117149,0.050662744353513631
1.3999999999999999,0,-0.60000000000000009,0.0049333333333333321,1.3802493045176538e-16,-1.2955058015588202e-05,-7.7878186833327155e-17,1.2955058054961924e-05,0.69251787411117149,0.050662744353513631
1.405,0,-0.59499999999999997,0.0025333333333333336,1.3515158801235436e-16,-1.2692363818381978e-05,2.0335237218091593e-19,1.255691436944824e-05,0.49313170613000173,0.025861476685499814
1.4099999999999999,0,-0.59000000000000008,0.0025333333333333336,1.3231462303582086e-16,-1.2429669621175785e-05,9.6084989926614283e-19,1.2166699620152478e-05,0.49313170613000173,0.025861476685499814
1.415,0,-0.58499999999999996,0.0025333333333333336,1.2951403552216456e-16,-1.2166975423969581e-05,1.6926921905512197e-18,1.1784336216915118e-05,0.49313170613000173,0.025861476685499814
1.4199999999999999,0,-0.58000000000000007,0.0025333333333333336,1.2674982547138568e-16,-1.1904281226763387e-05,2.3992071263236421e-18,1.1409746569576708e-05,0.49313170613000173,0.025861476685499814
1.425,0,-0.57499999999999996,0.0025333333333333336,1.2402199288348398e-16,-1.1641587029557182e-05,3.0807225868710249e-18,1.1042853087977742e-05,0.49313170613000173,0.025861476685499814
1.4299999999999999,0,-0.57000000000000006,0.0025333333333333336,1.2133053775845969e-16,-1.137889283235099e-05,3.7375664524808551e-18,1.0683578181958761e-05,0.49313170613000173,0.025861476685499814
1.4350000000000001,0,-0.56499999999999995,0.0025333333333333336,1.1867546009631259e-16,-1.1116198635144786e-05,4.3700666034407518e-18,1.0331844261360251e-05,0.49313170613000173,0.025861476685499814
1.4399999999999999,0,-0.56000000000000005,0.0025333333333333336,1.1605675989704288e-16,-1.0853504437938593e-05,4.9785509200382112e-18,9.9875737360227694e-06,0.49313170613000173,0.025861476685499814
1.4450000000000001,0,-0.55499999999999994,0.0025333333333333336,1.1347443716065034e-16,-1.0590810240732387e-05,5.5633472825608409e-18,9.6506890157867922e-06,0.49313170613000173,0.025861476685499814
1.45,0,-0.55000000000000004,0.0025333333333333336,1.1092849188713525e-16,-1.0328116043526196e-05,6.1247835712961427e-18,9.3211125104928769e-06,0.49313170613000173,0.025861476685499814
1.4550000000000001,0,-0.54499999999999993,0.0025333333333333336,1.0841892407649733e-16,-1.006542184631999e-05,6.6631876665317242e-18,8.9987666299815046e-06,0.49313170613000173,0.025861476685499814
1.46,0,-0.54000000000000004,0.0025333333333333336,1.0594573372873684e-16,-9.802727649113798e-06,7.1788874485550866e-18,8.6835737840932244e-06,0.49313170613000173,0.025861476685499814
1.4650000000000001,0,-0.53499999999999992,0.0025333333333333336,1.0350892084385353e-16,-9.540033451907592e-06,7.672210797653832e-18,8.3754563826685293e-06,0.49313170613000173,0.025861476685499814
1.47,0,-0.53000000000000003,0.0025333333333333336,1.0110848542184763e-16,-9.2773392547013996e-06,8.1434855941154678e-18,8.0743368355479564e-06,0.49313170613000173,0.025861476685499814
1.4750000000000001,0,-0.52499999999999991,0.0025333333333333336,9.8744427462718897e-17,-9.0146450574951919e-06,8.5930397182275923e-18,7.7801375525719989e-06,0.49313170613000173,0.025861476685499814
1.48,0,-0.52000000000000002,0.0025333333333333336,9.6416746966467599e-17,-8.7519508602890028e-06,9.0212010502777221e-18,7.4927809435812057e-06,0.49313170613000173,0.025861476685499814
1.4850000000000001,0,-0.5149999999999999,0.0025333333333333336,9.4125443933093477e-17,-8.4892566630827951e-06,9.4282974705534431e-18,7.2121894184160657e-06,0.49313170613000173,0.025861476685499814
1.49,0,-0.51000000000000001,0.0025333333333333336,9.1870518362596777e-17,-8.2265624658766044e-06,9.8146568593422765e-18,6.9382853869171193e-06,0.49313170613000173,0.025861476685499814
1.4950000000000001,0,-0.50499999999999989,0.0025333333333333336,8.9651970254977251e-17,-7.9638682686704001e-06,1.0180607096931811e-17,6.6709912589248605e-06,0.49313170613000173,0.025861476685499814
1.5,0,-0.5,0.0025333333333333336,8.7469799610235123e-17,-7.7011740714642043e-06,1.0526476063609566e-17,6.4102294442798331e-06,0.49313170613000173,0.025861476685499814
1.5049999999999999,0,-0.49500000000000011,0.0025333333333333336,8.5324006428370306e-17,-7.4384798742580118e-06,1.0852591639663112e-17,6.1559223528225389e-06,0.49313170613000173,0.025861476685499814
1.51,0,-0.48999999999999999,0.0025333333333333336,8.3214590709382688e-17,-7.1757856770518075e-06,1.1159281705380019e-17,5.9079923943934876e-06,0.49313170613000173,0.025861476685499814
1.5149999999999999,0,-0.4850000000000001,0.0025333333333333336,8.1141552453272467e-17,-6.9130914798456142e-06,1.1446874141047816e-17,5.6663619788332166e-06,0.49313170613000173,0.025861476685499814
1.52,0,-0.47999999999999998,0.0025333333333333336,7.9104891660039434e-17,-6.6503972826394091e-06,1.1715696826954074e-17,5.4309535159822222e-06,0.49313170613000173,0.025861476685499814
1.5249999999999999,0,-0.47500000000000009,0.0025333333333333336,7.7104608329683823e-17,-6.3877030854332149e-06,1.1966077643386331e-17,5.2016894156810432e-06,0.49313170613000173,0.025861476685499814
1.53,0,-0.46999999999999997,0.0025333333333333336,7.5140702462205424e-17,-6.1250088882270123e-06,1.219834447063216e-17,4.978492087770177e-06,0.49313170613000173,0.025861476685499814
1.5349999999999999,0,-0.46500000000000008,0.0025333333333333336,7.3213174057604384e-17,-5.8623146910208182e-06,1.2412825188979089e-17,4.7612839420901582e-06,0.49313170613000173,0.025861476685499814
1.54,0,-0.45999999999999996,0.0025333333333333336,7.1322023115880557e-17,-5.599620493814613e-06,1.2609847678714704e-17,4.5499873884814892e-06,0.49313170613000173,0.025861476685499814
1.5449999999999999,0,-0.45500000000000007,0.0025333333333333336,6.9467249637034115e-17,-5.3369262966084206e-06,1.2789739820126531e-17,4.3445248367847019e-06,0.49313170613000173,0.025861476685499814
1.55,0,-0.44999999999999996,0.0025333333333333336,6.7648853621064897e-17,-5.0742320994022154e-06,1.2952829493502138e-17,4.1448186968402962e-06,0.49313170613000173,0.025861476685499814
1.5549999999999999,0,-0.44500000000000006,0.0025333333333333336,6.5866835067973064e-17,-4.8115379021960221e-06,1.3099444579129077e-17,3.9507913784888094e-06,0.49313170613000173,0.025861476685499814
1.5600000000000001,0,-0.43999999999999995,0.0025333333333333336,6.4121193977758455e-17,-4.5488437049898187e-06,1.3229912957294903e-17,3.7623652915707399e-06,0.49313170613000173,0.025861476685499814
1.5649999999999999,0,-0.43500000000000005,0.0025333333333333336,6.2411930350421219e-17,-4.2861495077836245e-06,1.3344562508287162e-17,3.5794628459266214e-06,0.49313170613000173,0.025861476685499814
1.5700000000000001,0,-0.42999999999999994,0.0025333333333333336,6.0739044185961183e-17,-4.0234553105774202e-06,1.3443721112393417e-17,3.4020064513969552e-06,0.49313170613000173,0.025861476685499814
1.575,0,-0.42500000000000004,0.0025333333333333336,5.9102535484378543e-17,-3.7607611133712278e-06,1.3527716649901218e-17,3.2299185178222749e-06,0.49313170613000173,0.025861476685499814
1.5800000000000001,0,-0.41999999999999993,0.0025333333333333336,5.7502404245673129e-17,-3.4980669161650226e-06,1.3596877001098123e-17,3.0631214550430813e-06,0.49313170613000173,0.025861476685499814
1.585,0,-0.41500000000000004,0.0025333333333333336,5.5938650469845086e-17,-3.2353727189588285e-06,1.3651530046271679e-17,2.9015376728999068e-06,0.49313170613000173,0.025861476685499814
1.5900000000000001,0,-0.40999999999999992,0.0025333333333333336,5.4411274156894256e-17,-2.972678521752625e-06,1.3692003665709453e-17,2.7450895812332551e-06,0.49313170613000173,0.025861476685499814
1.595,0,-0.40500000000000003,0.0025333333333333336,5.2920275306820816e-17,-2.7099843245464313e-06,1.3718625739698982e-17,2.5936995898836556e-06,0.49313170613000173,0.025861476685499814
1.6000000000000001,0,-0.39999999999999991,0.0025333333333333336,5.1465653919624589e-17,-2.4472901273402266e-06,1.3731724148527828e-17,2.4472901086916134e-06,0.49313170613000173,0.025861476685499814
1.605,0,-0.39500000000000002,0.00093333333333333256,5.061397353760832e-17,-2.3887151406392401e-06,3.1284776929500323e-18,2.336997950428867e-06,0.29341077055969755,0.0093469028044941421
1.6100000000000001,0,-0.3899999999999999,0.00093333333333333256,4.9461062904915924e-17,-2.3301401539382514e-06,2.9072957997333661e-18,2.2299606489202198e-06,0.29341077055969755,0.0093469028044941421
1.615,0,-0.38500000000000001,0.00093333333333333256,4.80069220215475e-17,-2.2715651672372649e-06,2.6943763534969593e-18,2.1261306230460287e-06,0.29341077055969755,0.0093469028044941421
1.6200000000000001,0,-0.37999999999999989,0.00093333333333333256,4.6251550887502906e-17,-2.2129901805362762e-06,2.4895788402323322e-18,2.025460291686632e-06,0.29341077055969755,0.0093469028044941421
1.625,0,-0.375,0.00093333333333333256,4.4194949502782308e-17,-2.1544151938352897e-06,2.2927627459310446e-18,1.9279020737223853e-06,0.29341077055969755,0.0093469028044941421
1.6299999999999999,0,-0.37000000000000011,0.00093333333333333256,4.1837117867385627e-17,-2.0958402071343032e-06,2.1037875565846286e-18,1.8334083880336332e-06,0.29341077055969755,0.0093469028044941421
1.635,0,-0.36499999999999999,0.00093333333333333256,3.9178055981312744e-17,-2.0372652204333145e-06,1.9225127581846148e-18,1.7419316535007173e-06,0.29341077055969755,0.0093469028044941421
1.6399999999999999,0,-0.3600000000000001,0.00093333333333333256,3.6217763844563889e-17,-1.978690233732328e-06,1.7487978367225599e-18,1.6534242890039946e-06,0.29341077055969755,0.0093469028044941421
1.645,0,-0.35499999999999998,0.00093333333333333256,3.2956241457138815e-17,-1.9201152470313394e-06,1.5825022781899894e-18,1.5678387134238038e-06,0.29341077055969755,0.0093469028044941421
1.6499999999999999,0,-0.35000000000000009,0.00093333333333333256,2.9393488819037787e-17,-1.861540260330353e-06,1.4234855685784579e-18,1.4851273456405009e-06,0.29341077055969755,0.0093469028044941421
1.655,0,-0.34499999999999997,0.00093333333333333256,2.5529505930260483e-17,-1.8029652736293642e-06,1.2716071938794917e-18,1.4052426045344251e-06,0.29341077055969755,0.0093469028044941421
1.6599999999999999,0,-0.34000000000000008,0.00093333333333333256,2.13642927908073e-17,-1.7443902869283779e-06,1.1267266400846445e-18,1.3281369089859323e-06,0.29341077055969755,0.0093469028044941421
1.665,0,-0.33499999999999996,0.00093333333333333256,1.6897849400677811e-17,-1.685815300227389e-06,9.8870339318544431e-19,1.2537626778753624e-06,0.29341077055969755,0.0093469028044941421
1.6699999999999999,0,-0.33000000000000007,0.00093333333333333256,1.2130175759872454e-17,-1.6272403135264025e-06,8.5739693917344343e-19,1.1820723300830703e-06,0.29341077055969755,0.0093469028044941421
1.675,0,-0.32499999999999996,0.00093333333333333256,7.0612718683907723e-18,-1.5686653268254134e-06,7.3266676404017029e-19,1.1130182844893958e-06,0.29341077055969755,0.0093469028044941421
1.6799999999999999,0,-0.32000000000000006,0.00093333333333333256,1.691137726233254e-18,-1.5100903401244273e-06,6.1437235377717616e-19,1.0465529599746939e-06,0.29341077055969755,0.0093469028044941421
1.6850000000000001,0,-0.31499999999999995,0.00093333333333333256,-3.9802266666006501e-18,-1.4515153534234382e-06,5.023731943759915e-19,9.8262877541930567e-07,0.29341077055969755,0.0093469028044941421
1.6899999999999999,0,-0.31000000000000005,0.00093333333333333256,-9.952821310110342e-18,-1.3929403667224521e-06,3.9652877182816609e-19,9.2119814970358487e-07,0.29341077055969755,0.0093469028044941421
1.6950000000000001,0,-0.30499999999999994,0.00093333333333333256,-1.6226646204296426e-17,-1.334365380021463e-06,2.9669857212523073e-19,8.6221350170787309e-07,0.29341077055969755,0.0093469028044941421
1.7,0,-0.30000000000000004,0.00093333333333333256,-2.2801701349158322e-17,-1.2757903933204763e-06,2.0274208125873503e-19,8.0562725031252352e-07,0.29341077055969755,0.0093469028044941421
1.7050000000000001,0,-0.29499999999999993,0.00093333333333333256,-2.967798674469661e-17,-1.2172154066194877e-06,1.1451878522021081e-19,7.5139181439787856e-07,0.29341077055969755,0.0093469028044941421
1.71,0,-0.29000000000000004,0.00093333333333333256,-3.6855502390910661e-17,-1.1586404199185013e-06,3.1888170001206053e-20,6.9945961284429064e-07,0.29341077055969755,0.0093469028044941421
1.7150000000000001,0,-0.28499999999999992,0.00093333333333333256,-4.4334248287801117e-17,-1.1000654332175123e-06,-4.5290278406746278e-20,6.4978306453210312e-07,0.29341077055969755,0.0093469028044941421
1.72,0,-0.28000000000000003,0.00093333333333333256,-5.2114224435367336e-17,-1.041490446516526e-06,-1.1715707401209882e-19,6.0231458834166749e-07,0.29341077055969755,0.0093469028044941421
1.7250000000000001,0,-0.27499999999999991,0.00093333333333333256,-6.019543083361002e-17,-9.8291545981553709e-07,-1.838527308233177e-19,5.5700660315332741e-07,0.29341077055969755,0.0093469028044941421
1.73,0,-0.27000000000000002,0.00093333333333333256,-6.8577867482528419e-17,-9.2434047311455088e-07,-2.4551776284885661e-19,5.1381152784743481e-07,0.29341077055969755,0.0093469028044941421
1.7350000000000001,0,-0.2649999999999999,0.00093333333333333256,-7.7261534382123283e-17,-8.6576548641356192e-07,-3.0229268409718086e-19,4.726817813043334e-07,0.29341077055969755,0.0093469028044941421
1.74,0,-0.26000000000000001,0.00093333333333333256,-8.6246431532393861e-17,-8.0719049971257539e-07,-3.5431800857674501e-19,4.3356978240437415e-07,0.29341077055969755,0.0093469028044941421
1.7450000000000001,0,-0.25499999999999989,0.00093333333333333256,-9.5532558933340942e-17,-7.4861551301158642e-07,-4.017342502960133e-19,3.9642795002790157e-07,0.29341077055969755,0.0093469028044941421
1.75,0,-0.25,0.00093333333333333256,-1.0511991658496369e-16,-6.9004052631060042e-07,-4.4468192326344129e-19,3.6120870305526662e-07,0.29341077055969755,0.0093469028044941421
1.7549999999999999,0,-0.24500000000000011,0.00093333333333333256,-1.1500850448726249e-16,-6.3146553960961389e-07,-4.8330154148749096e-19,3.2786446036681514e-07,0.29341077055969755,0.0093469028044941421
1.76,0,-0.23999999999999999,0.00093333333333333256,-1.2519832264023785e-16,-5.7289055290862514e-07,-5.1773361897662309e-19,2.963476408428936e-07,0.29341077055969755,0.0093469028044941421
1.7649999999999999,0,-0.2350000000000001,0.00093333333333333256,-1.3568937104388887e-16,-5.1431556620763861e-07,-5.4811866973929459e-19,2.6661066336385243e-07,0.29341077055969755,0.0093469028044941421
1.77,0,-0.22999999999999998,0.00093333333333333256,-1.4648164969821644e-16,-4.557405795066497e-07,-5.7459720778396778e-19,2.3860594681003677e-07,0.29341077055969755,0.0093469028044941421
1.7749999999999999,0,-0.22500000000000009,0.00093333333333333256,-1.5757515860321953e-16,-3.9716559280566365e-07,-5.9730974711909995e-19,2.1228591006179671e-07,0.29341077055969755,0.0093469028044941421
1.78,0,-0.21999999999999997,0.00093333333333333256,-1.6896989775889932e-16,-3.3859060610467447e-07,-6.1639680175315247e-19,1.8760297199947769e-07,0.29341077055969755,0.0093469028044941421
1.7849999999999999,0,-0.21500000000000008,0.00093333333333333256,-1.806658671652547e-16,-2.8001561940368805e-07,-6.3199888569458407e-19,1.6450955150342961e-07,0.29341077055969755,0.0093469028044941421
1.79,0,-0.20999999999999996,0.00093333333333333256,-1.9266306682228661e-16,-2.2144063270269935e-07,-6.4425651295185563e-19,1.4295806745399818e-07,0.29341077055969755,0.0093469028044941421
1.7949999999999999,0,-0.20500000000000007,0.00093333333333333256,-2.0496149672999414e-16,-1.6286564600171282e-07,-6.5331019753342513e-19,1.2290093873153297e-07,0.29341077055969755,0.0093469028044941421
1.8,0,-0.19999999999999996,0.00093333333333333256,-2.1756115688837826e-16,-1.042906593007241e-07,-6.5930045344775362e-19,1.0429058421638008e-07,0.29341077055969755,0.0093469028044941421
1.8049999999999999,0,-0.19500000000000006,0.00013333333333333331,-2.3210258808717998e-16,-1.0168339418771571e-07,-2.7138642337905553e-19,9.5998585348022559e-08,0.09348919365324343,0.0011246685314021171
1.8100000000000001,0,-0.18999999999999995,0.00013333333333333331,-2.4583434428319419e-16,-9.9076129074707272e-08,-2.5071319111800669e-19,8.8155140568575196e-08,0.09348919365324343,0.0011246685314021171
1.8149999999999999,0,-0.18500000000000005,0.00013333333333333331,-2.5875642547641957e-16,-9.6468863961698968e-08,-2.311171445276743e-19,8.0747852831598216e-08,0.09348919365324343,0.0011246685314021171
1.8200000000000001,0,-0.17999999999999994,0.00013333333333333331,-2.7086883166685739e-16,-9.3861598848690546e-08,-2.1256947028633671e-19,7.3764325090650444e-08,0.09348919365324343,0.0011246685314021171
1.825,0,-0.17500000000000004,0.00013333333333333331,-2.8217156285450647e-16,-9.1254333735682216e-08,-1.9504135507227573e-19,6.719216029929198e-08,0.09348919365324343,0.0011246685314021171
1.8300000000000001,0,-0.16999999999999993,0.00013333333333333331,-2.926646190393679e-16,-8.8647068622673793e-08,-1.7850398556376984e-19,6.1018961411081755e-08,0.09348919365324343,0.0011246685314021171
1.835,0,-0.16500000000000004,0.00013333333333333331,-3.0234800022144069e-16,-8.603980350966549e-08,-1.6292854843910059e-19,5.5232331379579807e-08,0.09348919365324343,0.0011246685314021171
1.8400000000000001,0,-0.15999999999999992,0.00013333333333333331,-3.1122170640072573e-16,-8.3432538396657067e-08,-1.4828623037654662e-19,4.9819873158345108e-08,0.09348919365324343,0.0011246685314021171
1.845,0,-0.15500000000000003,0.00013333333333333331,-3.1928573757722217e-16,-8.082527328364875e-08,-1.3454821805438929e-19,4.4769189700937624e-08,0.09348919365324343,0.0011246685314021171
1.8500000000000001,0,-0.14999999999999991,0.00013333333333333331,-3.2654009375093077e-16,-7.8218008170640315e-08,-1.2168569815090752e-19,4.0067883960916399e-08,0.09348919365324343,0.0011246685314021171
1.855,0,-0.14500000000000002,0.00013333333333333331,-3.3298477492185097e-16,-7.5610743057632024e-08,-1.0966985734438246e-19,3.5703558891841352e-08,0.09348919365324343,0.0011246685314021171
1.8600000000000001,0,-0.1399999999999999,0.00013333333333333331,-3.3861978108998317e-16,-7.3003477944623589e-08,-9.8471882313093161e-20,3.1663817447271582e-08,0.09348919365324343,0.0011246685314021171
1.865,0,-0.13500000000000001,0.00013333333333333331,-3.4344511225532703e-16,-7.0396212831615285e-08,-8.806295973532064e-20,2.7936262580766903e-08,0.09348919365324343,0.0011246685314021171
1.8700000000000001,0,-0.12999999999999989,0.00013333333333333331,-3.4746076841788294e-16,-6.7788947718606863e-08,-7.8414276289344073e-20,2.4508497245886478e-08,0.09348919365324343,0.0011246685314021171
1.875,0,-0.125,0.00013333333333333331,-3.5066674957765041e-16,-6.5181682605598533e-08,-6.949701865344439e-20,2.1368124396190112e-08,0.09348919365324343,0.0011246685314021171
1.8799999999999999,0,-0.12000000000000011,0.00013333333333333331,-3.5306305573462983e-16,-6.2574417492590229e-08,-6.12823735059012e-20,1.8502746985237111e-08,0.09348919365324343,0.0011246685314021171
1.885,0,-0.11499999999999999,0.00013333333333333331,-3.546496868888211e-16,-5.9967152379581794e-08,-5.3741527524994258e-20,1.5899967966586846e-08,0.09348919365324343,0.0011246685314021171
1.8899999999999999,0,-0.1100000000000001,0.00013333333333333331,-3.5542664304022418e-16,-5.7359887266573503e-08,-4.6845667389004298e-20,1.3547390293799021e-08,0.09348919365324343,0.0011246685314021171
1.895,0,-0.10499999999999998,0.00013333333333333331,-3.5539392418883911e-16,-5.4752622153565074e-08,-4.0565979776210794e-20,1.1432616920432919e-08,0.09348919365324343,0.0011246685314021171
1.8999999999999999,0,-0.10000000000000009,0.00013333333333333331,-3.5455153033466584e-16,-5.2145357040556751e-08,-3.4873651364894358e-20,9.5432508000481803e-09,0.09348919365324343,0.0011246685314021171
1.905,0,-0.094999999999999973,0.00013333333333333331,-3.5289946147770438e-16,-4.9538091927548335e-08,-2.973986883333458e-20,7.8668948862041261e-09,0.09348919365324343,0.0011246685314021171
1.9099999999999999,0,-0.09000000000000008,0.00013333333333333331,-3.5043771761795482e-16,-4.6930826814540018e-08,-2.5135818859811944e-20,6.3911521324603718e-09,0.09348919365324343,0.0011246685314021171
1.915,0,-0.084999999999999964,0.00013333333333333331,-3.4716629875541696e-16,-4.4323561701531576e-08,-2.1032688122606137e-20,5.1036254923762538e-09,0.09348919365324343,0.0011246685314021171
1.9199999999999999,0,-0.080000000000000071,0.00013333333333333331,-3.4308520489009106e-16,-4.1716296588523279e-08,-1.7401663299997586e-20,3.9919179195113532e-09,0.09348919365324343,0.0011246685314021171
1.925,0,-0.074999999999999956,0.00013333333333333331,-3.3819443602197682e-16,-3.910903147551485e-08,-1.4213931070266046e-20,3.0436323674250444e-09,0.09348919365324343,0.0011246685314021171
1.9299999999999999,0,-0.070000000000000062,0.00013333333333333331,-3.3249399215107467e-16,-3.6501766362506546e-08,-1.1440678111691862e-20,2.246371789676875e-09,0.09348919365324343,0.0011246685314021171
1.9350000000000001,0,-0.064999999999999947,0.00013333333333333331,-3.2598387327738398e-16,-3.3894501249498111e-08,-9.0530911025548579e-21,1.5877391398262359e-09,0.09348919365324343,0.0011246685314021171
1.9399999999999999,0,-0.060000000000000053,0.00013333333333333331,-3.1866407940090549e-16,-3.1287236136489794e-08,-7.0223567211353179e-21,1.0553373714326515e-09,0.09348919365324343,0.0011246685314021171
1.9450000000000001,0,-0.054999999999999938,0.00013333333333333331,-3.1053461052163841e-16,-2.8679971023481375e-08,-5.3196616457131262e-21,6.3676943805553325e-10,0.09348919365324343,0.0011246685314021171
1.95,0,-0.050000000000000044,0.00013333333333333331,-3.0159546663958363e-16,-2.6072705910473065e-08,-3.9161925545685097e-21,3.1963829325437847e-10,0.09348919365324343,0.0011246685314021171
1.9550000000000001,0,-0.044999999999999929,0.00013333333333333331,-2.9184664775474026e-16,-2.3465440797464639e-08,-2.7831361259814072e-21,9.1546890588617831e-11,0.09348919365324343,0.0011246685314021171
1.96,0,-0.040000000000000036,0.00013333333333333331,-2.8128815386710913e-16,-2.0858175684456339e-08,-1.8916790382319939e-21,-5.9901816382271357e-11,0.09348919365324343,0.0011246685314021171
1.9650000000000001,0,-0.03499999999999992,0.00013333333333333331,-2.6991998497668927e-16,-1.8250910571447909e-08,-1.2130079696002591e-21,-1.4710487409884777e-10,0.09348919365324343,0.0011246685314021171
1.97,0,-0.030000000000000027,0.00013333333333333331,-2.5774214108348185e-16,-1.5643645458439589e-08,-7.1830959836633135e-22,-1.8245932900164881e-10,0.09348919365324343,0.0011246685314021171
1.9750000000000001,0,-0.024999999999999911,0.00013333333333333331,-2.4475462218748569e-16,-1.3036380345431177e-08,-3.7877060281023639e-22,-1.783622275312259e-10,0.09348919365324343,0.0011246685314021171
1.98,0,-0.020000000000000018,0.00013333333333333331,-2.3095742828870193e-16,-1.0429115232422857e-08,-1.6557766121207366e-22,-1.4721061612812769e-10,0.09348919365324343,0.0011246685314021171
1.9850000000000001,0,-0.014999999999999902,0.00013333333333333331,-2.1635055938712936e-16,-7.8218501194144359e-09,-4.9917451851893749e-23,-1.0140154123290216e-10,0.09348919365324343,0.0011246685314021171
1.99,0,-0.010000000000000009,0.00013333333333333331,-2.0093401548276928e-16,-5.2145850064061209e-09,-2.9766530097776618e-24,-5.3332049286104776e-11,0.09348919365324343,0.0011246685314021171
1.9950000000000001,0,-0.0049999999999998934,0.00013333333333333331,-1.8470779657562031e-16,-2.6073198933976838e-09,4.0580570342105854e-24,-1.5399186728284842e-11,0.09348919365324343,0.0011246685314021171
2,0,0,0.00013333333333333331,-1.6767190266568391e-16,-5.4780389386791572e-14,0,-0,0.09348919365324343,0.0011246685314021171
2.0049999999999999,0,0.0049999999999998934,0,-1.5122709243856134e-16,-5.4144482750965874e-14,-0,-0,-0.10650483485793066,0
2.0099999999999998,0,0.0099999999999997868,0,-1.3543610121644965e-16,-5.3508576119584985e-14,-0,-0,-0.10650483485793066,0
2.0150000000000001,0,0.015000000000000124,0,-1.2029892899934742e-16,-5.2872669488204051e-14,-0,-0,-0.10650483485793066,0
2.02,0,0.020000000000000018,0,-1.0581557578725742e-16,-5.2236762856823168e-14,-0,-0,-0.10650483485793066,0
2.0249999999999999,0,0.024999999999999911,0,-9.1986041580178215e-17,-5.1600856225442285e-14,-0,-0,-0.10650483485793066,0
2.0299999999999998,0,0.029999999999999805,0,-7.881032637810986e-17,-5.0964949594061402e-14,-0,-0,-0.10650483485793066,0
2.0350000000000001,0,0.035000000000000142,0,-6.628843018105122e-17,-5.0329042962680462e-14,-0,-0,-0.10650483485793066,0
2.04,0,0.040000000000000036,0,-5.4420352989004524e-17,-4.9693136331299578e-14,-0,-0,-0.10650483485793066,0
2.0449999999999999,0,0.044999999999999929,0,-4.3206094801968713e-17,-4.9057229699918689e-14,-0,-0,-0.10650483485793066,0
2.0499999999999998,0,0.049999999999999822,0,-3.2645655619943701e-17,-4.8421323068537806e-14,-0,-0,-0.10650483485793066,0
2.0550000000000002,0,0.05500000000000016,0,-2.2739035442928686e-17,-4.7785416437156866e-14,0,-0,-0.10650483485793066,0
2.0600000000000001,0,0.060000000000000053,0,-1.348623427092537e-17,-4.7149509805775982e-14,0,-0,-0.10650483485793066,0
2.0649999999999999,0,0.064999999999999947,0,-4.8872521039328762e-18,-4.6513603174395099e-14,0,-0,-0.10650483485793066,0
2.0699999999999998,0,0.06999999999999984,0,3.0579110580487447e-18,-4.5877696543014222e-14,0,-0,-0.10650483485793066,0
2.0750000000000002,0,0.075000000000000178,0,1.0349255215020208e-17,-4.5241789911633276e-14,0,-0,-0.10650483485793066,0
2.0800000000000001,0,0.080000000000000071,0,1.6986780366980133e-17,-4.4605883280252405e-14,0,-0,-0.10650483485793066,0
2.085,0,0.084999999999999964,0,2.2970486513929248e-17,-4.3969976648871522e-14,0,-0,-0.10650483485793066,0
2.0899999999999999,0,0.089999999999999858,0,2.8300373655867563e-17,-4.3334070017490633e-14,0,-0,-0.10650483485793066,0
2.0950000000000002,0,0.095000000000000195,0,3.2976441792795389e-17,-4.2698163386109693e-14,0,-0,-0.10650483485793066,0
2.1000000000000001,0,0.10000000000000009,0,3.6998690924711984e-17,-4.206225675472881e-14,0,-0,-0.10650483485793066,0
2.105,0,0.10499999999999998,0,4.0367121051617732e-17,-4.1426350123347926e-14,0,-0,-0.10650483485793066,0
2.1099999999999999,0,0.10999999999999988,0,4.3081732173512681e-17,-4.0790443491967043e-14,0,-0,-0.10650483485793066,0
2.1150000000000002,0,0.11500000000000021,0,4.514252429039693e-17,-4.0154536860586097e-14,0,-0,-0.10650483485793066,0
2.1200000000000001,0,0.12000000000000011,0,4.6549497402270171e-17,-3.951863022920522e-14,0,-0,-0.10650483485793066,0
2.125,0,0.125,0,4.7302651509132576e-17,-3.8882723597824331e-14,0,-0,-0.10650483485793066,0
2.1299999999999999,0,0.12999999999999989,0,4.7401986610984134e-17,-3.8246816966443447e-14,0,-0,-0.10650483485793066,0
2.1349999999999998,0,0.13499999999999979,0,4.684750270782493e-17,-3.7610910335062564e-14,0,-0,-0.10650483485793066,0
2.1400000000000001,0,0.14000000000000012,0,4.5639199799654681e-17,-3.697500370368163e-14,0,-0,-0.10650483485793066,0
2.145,0,0.14500000000000002,0,4.377707788647372e-17,-3.6339097072300747e-14,0,-0,-0.10650483485793066,0
2.1499999999999999,0,0.14999999999999991,0,4.126113696828196e-17,-3.5703190440919864e-14,0,-0,-0.10650483485793066,0
2.1549999999999998,0,0.1549999999999998,0,3.8091377045079353e-17,-3.5067283809538987e-14,0,-0,-0.10650483485793066,0
2.1600000000000001,0,0.16000000000000014,0,3.4267798116865564e-17,-3.4431377178158047e-14,0,0,-0.10650483485793066,0
2.165,0,0.16500000000000004,0,2.9790400183641218e-17,-3.3795470546777158e-14,0,0,-0.10650483485793066,0
2.1699999999999999,0,0.16999999999999993,0,2.4659183245406091e-17,-3.3159563915396274e-14,0,0,-0.10650483485793066,0
2.1749999999999998,0,0.17499999999999982,0,1.8874147302160136e-17,-3.2523657284015391e-14,0,0,-0.10650483485793066,0
2.1800000000000002,0,0.18000000000000016,0,1.243529235390274e-17,-3.1887750652634451e-14,0,0,-0.10650483485793066,0
2.1850000000000001,0,0.18500000000000005,0,5.3426184006350702e-18,-3.1251844021253568e-14,0,0,-0.10650483485793066,0
2.1899999999999999,0,0.18999999999999995,0,-2.4038745576434292e-18,-3.0615937389872679e-14,0,0,-0.10650483485793066,0
2.1949999999999998,0,0.19499999999999984,0,-1.0804186520932747e-17,-2.9980030758491795e-14,0,0,-0.10650483485793066,0
2.2000000000000002,0,0.20000000000000018,0,-1.9858317489233727e-17,-2.9344124127110855e-14,0,0,-0.10650483485793066,0
2.2050000000000001,0,0.20500000000000007,0,-2.8432788735787158e-17,-2.9011559541268653e-14,-0,0,-0.3065048348579571,0
2.21,0,0.20999999999999996,0,-3.6515095485556535e-17,-2.8678994955426439e-14,-0,0,-0.3065048348579571,0
2.2149999999999999,0,0.21499999999999986,0,-4.4105237738541884e-17,-2.8346430369584227e-14,-0,0,-0.3065048348579571,0
2.2200000000000002,0,0.2200000000000002,0,-5.1203215494743804e-17,-2.8013865783741981e-14,-0,0,-0.3065048348579571,0
2.2250000000000001,0,0.22500000000000009,0,-5.7809028754161043e-17,-2.7681301197899769e-14,-0,0,-0.3065048348579571,0
2.23,0,0.22999999999999998,0,-6.3922677516794255e-17,-2.7348736612057555e-14,-0,0,-0.3065048348579571,0
2.2349999999999999,0,0.23499999999999988,0,-6.9544161782643414e-17,-2.7016172026215343e-14,-0,0,-0.3065048348579571,0
2.2400000000000002,0,0.24000000000000021,0,-7.4673481551709014e-17,-2.6683607440373097e-14,-0,0,-0.3065048348579571,0
2.2450000000000001,0,0.24500000000000011,0,-7.9310636823990069e-17,-2.6351042854530882e-14,-0,0,-0.3065048348579571,0
2.25,0,0.25,0,-8.3455627599487109e-17,-2.601847826868867e-14,-0,0,-0.3065048348579571,0
2.2549999999999999,0,0.25499999999999989,0,-8.7108453878200097e-17,-2.5685913682846456e-14,-0,0,-0.3065048348579571,0
2.2599999999999998,0,0.25999999999999979,0,-9.0269115660129083e-17,-2.5353349097004247e-14,-0,0,-0.3065048348579571,0
2.2650000000000001,0,0.26500000000000012,0,-9.2937612945274237e-17,-2.5020784511162001e-14,-0,0,-0.3065048348579571,0
2.27,0,0.27000000000000002,0,-9.5113945733635081e-17,-2.4688219925319786e-14,-0,0,-0.3065048348579571,0
2.2749999999999999,0,0.27499999999999991,0,-9.6798114025211923e-17,-2.4355655339477578e-14,-0,0,-0.3065048348579571,0
2.2799999999999998,0,0.2799999999999998,0,-9.7990117820004712e-17,-2.4023090753635363e-14,-0,0,-0.3065048348579571,0
2.2850000000000001,0,0.28500000000000014,0,-9.8689957118013523e-17,-2.3690526167793123e-14,-0,0,-0.3065048348579571,0
2.29,0,0.29000000000000004,0,-9.8897631919238232e-17,-2.3357961581950909e-14,-0,0,-0.3065048348579571,0
2.2949999999999999,0,0.29499999999999993,0,-9.8613142223678865e-17,-2.3025396996108694e-14,-0,0,-0.3065048348579571,0
2.2999999999999998,0,0.29999999999999982,0,-9.7836488031335507e-17,-2.2692832410266479e-14,-0,0,-0.3065048348579571,0
2.3050000000000002,0,0.30500000000000016,0,-9.6567669342207962e-17,-2.2360267824424239e-14,-0,0,-0.3065048348579571,0
2.3100000000000001,0,0.31000000000000005,0,-9.4806686156296487e-17,-2.2027703238582024e-14,-0,0,-0.3065048348579571,0
2.3149999999999999,0,0.31499999999999995,0,-9.2553538473600961e-17,-2.169513865273981e-14,-0,0,-0.3065048348579571,0
2.3199999999999998,0,0.31999999999999984,0,-8.980822629412142e-17,-2.1362574066897595e-14,-0,0,-0.3065048348579571,0
2.3250000000000002,0,0.32500000000000018,0,-8.6570749617857543e-17,-2.1030009481055355e-14,-0,0,-0.3065048348579571,0
2.3300000000000001,0,0.33000000000000007,0,-8.2841108444809872e-17,-2.069744489521314e-14,-0,0,-0.3065048348579571,0
2.335,0,0.33499999999999996,0,-7.8619302774978212e-17,-2.0364880309370926e-14,-0,0,-0.3065048348579571,0
2.3399999999999999,0,0.33999999999999986,0,-7.3905332608362474e-17,-2.0032315723528714e-14,-0,0,-0.3065048348579571,0
2.3450000000000002,0,0.3450000000000002,0,-6.8699197944962241e-17,-1.9699751137686471e-14,-0,0,-0.3065048348579571,0
2.3500000000000001,0,0.35000000000000009,0,-6.3000898784778411e-17,-1.9367186551844259e-14,-0,0,-0.3065048348579571,0
2.355,0,0.35499999999999998,0,-5.6810435127810567e-17,-1.9034621966002048e-14,-0,0,-0.3065048348579571,0
2.3599999999999999,0,0.35999999999999988,0,-5.0127806974058682e-17,-1.8702057380159833e-14,-0,-0,-0.3065048348579571,0
2.3650000000000002,0,0.36500000000000021,0,-4.2953014323522093e-17,-1.836949279431759e-14,-0,-0,-0.3065048348579571,0
2.3700000000000001,0,0.37000000000000011,0,-3.5286057176202092e-17,-1.8036928208475375e-14,-0,-0,-0.3065048348579571,0
2.375,0,0.375,0,-2.7126935532098067e-17,-1.7704363622633164e-14,-0,-0,-0.3065048348579571,0
2.3799999999999999,0,0.37999999999999989,0,-1.8475649391210008e-17,-1.7371799036790952e-14,-0,-0,-0.3065048348579571,0
2.3849999999999998,0,0.38499999999999979,0,-9.3321987535379123e-18,-1.7039234450948734e-14,-0,-0,-0.3065048348579571,0
2.3900000000000001,0,0.39000000000000012,0,3.03416380919092e-19,-1.6706669865106491e-14,-0,-0,-0.3065048348579571,0
2.395,0,0.39500000000000002,0,1.0431196012159295e-17,-1.637410527926428e-14,-0,-0,-0.3065048348579571,0
2.3999999999999999,0,0.39999999999999991,0,2.1051140140183531e-17,-1.6041540693422068e-14,-0,-0,-0.3065048348579571,0
2.4049999999999998,0,0.4049999999999998,0,3.0948159363877863e-17,-1.5663002840169563e-14,0,-0,-0.50650483485799858,0
2.4100000000000001,0,0.41000000000000014,0,4.0628713185276484e-17,-1.5284464986917026e-14,0,-0,-0.50650483485799858,0
2.415,0,0.41500000000000004,0,5.0092801604377734e-17,-1.4905927133664517e-14,0,-0,-0.50650483485799858,0
2.4199999999999999,0,0.41999999999999993,0,5.9340424621182501e-17,-1.4527389280412018e-14,0,-0,-0.50650483485799858,0
2.4249999999999998,0,0.42499999999999982,0,6.8371582235690749e-17,-1.4148851427159511e-14,0,-0,-0.50650483485799858,0
2.4300000000000002,0,0.43000000000000016,0,7.7186274447903316e-17,-1.3770313573906972e-14,0,-0,-0.50650483485799858,0
2.4350000000000001,0,0.43500000000000005,0,8.5784501257818574e-17,-1.3391775720654467e-14,0,-0,-0.50650483485799858,0
2.4399999999999999,0,0.43999999999999995,0,9.4166262665437338e-17,-1.3013237867401961e-14,0,-0,-0.50650483485799858,0
2.4449999999999998,0,0.44499999999999984,0,1.0233155867075963e-16,-1.2634700014149456e-14,0,-0,-0.50650483485799858,0
2.4500000000000002,0,0.45000000000000018,0,1.1028038927378611e-16,-1.2256162160896917e-14,0,-0,-0.50650483485799858,0
2.4550000000000001,0,0.45500000000000007,0,1.1801275447451541e-16,-1.1877624307644412e-14,0,-0,-0.50650483485799858,0
2.46,0,0.45999999999999996,0,1.2552865427294821e-16,-1.1499086454391908e-14,0,-0,-0.50650483485799858,0
2.4649999999999999,0,0.46499999999999986,0,1.328280886690845e-16,-1.1120548601139402e-14,0,-0,-0.50650483485799858,0
2.4700000000000002,0,0.4700000000000002,0,1.3991105766292489e-16,-1.0742010747886865e-14,0,-0,-0.50650483485799858,0
2.4750000000000001,0,0.47500000000000009,0,1.4677756125446819e-16,-1.036347289463436e-14,0,-0,-0.50650483485799858,0
2.48,0,0.47999999999999998,0,1.5342759944371499e-16,-9.9849350413818542e-15,0,-0,-0.50650483485799858,0
2.4849999999999999,0,0.48499999999999988,0,1.5986117223066529e-16,-9.6063971881293471e-15,0,-0,-0.50650483485799858,0
2.4900000000000002,0,0.49000000000000021,0,1.6607827961531966e-16,-9.2278593348768101e-15,0,-0,-0.50650483485799858,0
2.4950000000000001,0,0.49500000000000011,0,1.7207892159767696e-16,-8.849321481624303e-15,0,-0,-0.50650483485799858,0
2.5,0,0.5,0,1.7786309817773777e-16,-8.4707836283717991e-15,0,-0,-0.50650483485799858,0
2.5049999999999999,0,0.50499999999999989,0,1.8343080935550208e-16,-8.0922457751192952e-15,0,-0,-0.50650483485799858,0
2.5099999999999998,0,0.50999999999999979,0,1.8878205513096992e-16,-7.7137079218667881e-15,0,-0,-0.50650483485799858,0
2.5150000000000001,0,0.51500000000000012,0,1.9391683550414171e-16,-7.3351700686142495e-15,0,-0,-0.50650483485799858,0
2.52,0,0.52000000000000002,0,1.9883515047501652e-16,-6.9566322153617448e-15,0,-0,-0.50650483485799858,0
2.5249999999999999,0,0.52499999999999991,0,2.0353700004359487e-16,-6.5780943621092401e-15,0,-0,-0.50650483485799858,0
2.5299999999999998,0,0.5299999999999998,0,2.0802238420987671e-16,-6.1995565088567338e-15,0,-0,-0.50650483485799858,0
2.5350000000000001,0,0.53500000000000014,0,2.1229130297386242e-16,-5.821018655604196e-15,0,-0,-0.50650483485799858,0
2.54,0,0.54000000000000004,0,2.1634375633555125e-16,-5.4424808023516905e-15,0,-0,-0.50650483485799858,0
2.5449999999999999,0,0.54499999999999993,0,2.2017974429494359e-16,-5.0639429490991842e-15,0,-0,-0.50650483485799858,0
2.5499999999999998,0,0.54999999999999982,0,2.2379926685203946e-16,-4.6854050958466803e-15,0,-0,-0.50650483485799858,0
2.5550000000000002,0,0.55500000000000016,0,2.2720232400683911e-16,-4.3068672425941417e-15,0,-0,-0.50650483485799858,0
2.5600000000000001,0,0.56000000000000005,0,2.3038891575934196e-16,-3.928329389341637e-15,0,0,-0.50650483485799858,0
2.5649999999999999,0,0.56499999999999995,0,2.333590421095483e-16,-3.5497915360891307e-15,0,0,-0.50650483485799858,0
2.5699999999999998,0,0.56999999999999984,0,2.3611270305745818e-16,-3.1712536828366272e-15,0,0,-0.50650483485799858,0
2.5750000000000002,0,0.57500000000000018,0,2.3864989860307176e-16,-2.7927158295840874e-15,0,0,-0.50650483485799858,0
2.5800000000000001,0,0.58000000000000007,0,2.4097062874638863e-16,-2.4141779763315831e-15,0,0,-0.50650483485799858,0
2.585,0,0.58499999999999996,0,2.4307489348740894e-16,-2.0356401230790768e-15,0,0,-0.50650483485799858,0
2.5899999999999999,0,0.58999999999999986,0,2.4496269282613285e-16,-1.6571022698265717e-15,0,0,-0.50650483485799858,0
2.5950000000000002,0,0.5950000000000002,0,2.4663402676256039e-16,-1.2785644165740335e-15,0,0,-0.50650483485799858,0
2.6000000000000001,0,0.60000000000000009,0,2.4808889529669128e-16,-9.0002656332152742e-16,0,0,-0.50650483485799858,0
2.605,0,0.60499999999999998,0,2.5224347125409887e-16,-4.5949997638773874e-16,0,0,-0.70650483485795634,0
2.6099999999999999,0,0.60999999999999988,0,2.5587894878352133e-16,-1.8973389453950071e-17,0,0,-0.70650483485795634,0
2.6150000000000002,0,0.61500000000000021,0,2.5899532788495901e-16,4.215531974798789e-16,0,0,-0.70650483485795634,0
2.6200000000000001,0,0.62000000000000011,0,2.6159260855841142e-16,8.6207978441366862e-16,0,0,-0.70650483485795634,0
2.625,0,0.625,0,2.6367079080387875e-16,1.3026063713474592e-15,0,0,-0.70650483485795634,0
2.6299999999999999,0,0.62999999999999989,0,2.6522987462136111e-16,1.7431329582812486e-15,0,0,-0.70650483485795634,0
2.6349999999999998,0,0.63499999999999979,0,2.6626986001085839e-16,2.1836595452150381e-15,0,0,-0.70650483485795634,0
2.6400000000000001,0,0.64000000000000012,0,2.6679074697237069e-16,2.6241861321488666e-15,0,0,-0.70650483485795634,0
2.645,0,0.64500000000000002,0,2.6679253550589786e-16,3.0647127190826565e-15,0,0,-0.70650483485795634,0
2.6499999999999999,0,0.64999999999999991,0,2.6627522561144001e-16,3.505239306016446e-15,0,0,-0.70650483485795634,0
2.6549999999999998,0,0.6549999999999998,0,2.6523881728899712e-16,3.9457658929502358e-15,0,0,-0.70650483485795634,0
2.6600000000000001,0,0.66000000000000014,0,2.6368331053856907e-16,4.3862924798840651e-15,0,0,-0.70650483485795634,0
2.665,0,0.66500000000000004,0,2.6160870536015613e-16,4.8268190668178534e-15,0,0,-0.70650483485795634,0
2.6699999999999999,0,0.66999999999999993,0,2.5901500175375812e-16,5.2673456537516441e-15,0,0,-0.70650483485795634,0
2.6749999999999998,0,0.67499999999999982,0,2.5590219971937508e-16,5.7078722406854324e-15,0,0,-0.70650483485795634,0
2.6800000000000002,0,0.68000000000000016,0,2.5227029925700667e-16,6.1483988276192617e-15,0,0,-0.70650483485795634,0
2.6850000000000001,0,0.68500000000000005,0,2.4811930036665353e-16,6.5889254145530507e-15,0,0,-0.70650483485795634,0
2.6899999999999999,0,0.68999999999999995,0,2.4344920304831536e-16,7.0294520014868406e-15,0,0,-0.70650483485795634,0
2.6949999999999998,0,0.69499999999999984,0,2.3826000730199212e-16,7.4699785884206305e-15,0,0,-0.70650483485795634,0
2.7000000000000002,0,0.70000000000000018,0,2.3255171312768335e-16,7.9105051753544598e-15,-0,0,-0.70650483485795634,0
2.7050000000000001,0,0.70500000000000007,0,2.2632432052539005e-16,8.3510317622882496e-15,-0,0,-0.70650483485795634,0
2.71,0,0.70999999999999996,0,2.1957782949511172e-16,8.7915583492220395e-15,-0,0,-0.70650483485795634,0
2.7149999999999999,0,0.71499999999999986,0,2.1231224003684834e-16,9.2320849361558278e-15,-0,0,-0.70650483485795634,0
2.7200000000000002,0,0.7200000000000002,0,2.0452755215059922e-16,9.6726115230896587e-15,-0,0,-0.70650483485795634,0
2.7250000000000001,0,0.72500000000000009,0,1.9622376583636574e-16,1.0113138110023444e-14,-0,0,-0.70650483485795634,0
2.73,0,0.72999999999999998,0,1.8740088109414723e-16,1.0553664696957235e-14,-0,0,-0.70650483485795634,0
2.7349999999999999,0,0.73499999999999988,0,1.7805889792394369e-16,1.0994191283891025e-14,-0,0,-0.70650483485795634,0
2.7400000000000002,0,0.74000000000000021,0,1.6819781632575421e-16,1.1434717870824854e-14,-0,0,-0.70650483485795634,0
2.7450000000000001,0,0.74500000000000011,0,1.578176362995806e-16,1.1875244457758644e-14,-0,0,-0.70650483485795634,0
2.75,0,0.75,0,1.4691835784542191e-16,1.2315771044692434e-14,-0,0,-0.70650483485795634,0
2.7549999999999999,0,0.75499999999999989,0,1.3549998096327821e-16,1.2756297631626224e-14,-0,0,-0.70650483485795634,0
2.7599999999999998,0,0.75999999999999979,0,1.2356250565314949e-16,1.3196824218560012e-14,-0,-0,-0.70650483485795634,0
2.7650000000000001,0,0.76500000000000012,0,1.1110593191503458e-16,1.3637350805493838e-14,-0,-0,-0.70650483485795634,0
2.77,0,0.77000000000000002,0,9.813025974893573e-17,1.4077877392427633e-14,-0,-0,-0.70650483485795634,0
2.7749999999999999,0,0.77499999999999991,0,8.4635489154851864e-17,1.4518403979361418e-14,-0,-0,-0.70650483485795634,0
2.7799999999999998,0,0.7799999999999998,0,7.0621620132782972e-17,1.4958930566295208e-14,-0,-0,-0.70650483485795634,0
2.7850000000000001,0,0.78500000000000014,0,5.6088652682727721e-17,1.5399457153229039e-14,-0,-0,-0.70650483485795634,0
2.79,0,0.79000000000000004,0,4.1036586804688712e-17,1.5839983740162826e-14,-0,-0,-0.70650483485795634,0
2.7949999999999999,0,0.79499999999999993,0,2.5465422498664664e-17,1.6280510327096619e-14,-0,-0,-0.70650483485795634,0
2.7999999999999998,0,0.79999999999999982,0,9.3751597646556104e-18,1.6721036914030405e-14,-0,-0,-0.70650483485795634,0
2.8050000000000002,0,0.80500000000000016,0,-7.9154525337829575e-18,1.7052677958831657e-14,0,-0,-0.90650483485799305,0
2.8100000000000001,0,0.81000000000000005,0,-2.4469796323068777e-17,1.7384319003632865e-14,0,-0,-0.90650483485799305,0
2.8149999999999999,0,0.81499999999999995,0,-4.0287871603203298e-17,1.7715960048434069e-14,0,-0,-0.90650483485799305,0
2.8199999999999998,0,0.81999999999999984,0,-5.5369678374186507e-17,1.804760109323528e-14,0,-0,-0.90650483485799305,0
2.8250000000000002,0,0.82500000000000018,0,-6.9715216636019643e-17,1.8379242138036516e-14,0,-0,-0.90650483485799305,0
2.8300000000000001,0,0.83000000000000007,0,-8.3324486388700171e-17,1.8710883182837721e-14,0,-0,-0.90650483485799305,0
2.835,0,0.83499999999999996,0,-9.6197487632229406e-17,1.9042524227638928e-14,0,-0,-0.90650483485799305,0
2.8399999999999999,0,0.83999999999999986,0,-1.0833422036660734e-16,1.9374165272440139e-14,0,-0,-0.90650483485799305,0
2.8450000000000002,0,0.8450000000000002,0,-1.1973468459183493e-16,1.9705806317241375e-14,0,-0,-0.90650483485799305,0
2.8500000000000001,0,0.85000000000000009,0,-1.3039888030791017e-16,2.0037447362042583e-14,0,-0,-0.90650483485799305,0
2.855,0,0.85499999999999998,0,-1.4032680751483412e-16,2.0369088406843794e-14,0,-0,-0.90650483485799305,0
2.8599999999999999,0,0.85999999999999988,0,-1.4951846621260673e-16,2.0700729451644998e-14,0,-0,-0.90650483485799305,0
2.8650000000000002,0,0.86500000000000021,0,-1.579738564012288e-16,2.1032370496446237e-14,0,-0,-0.90650483485799305,0
2.8700000000000001,0,0.87000000000000011,0,-1.6569297808069875e-16,2.1364011541247445e-14,0,-0,-0.90650483485799305,0
2.875,0,0.875,0,-1.726758312510174e-16,2.1695652586048653e-14,0,-0,-0.90650483485799305,0
2.8799999999999999,0,0.87999999999999989,0,-1.7892241591218478e-16,2.202729363084986e-14,0,-0,-0.90650483485799305,0
2.8849999999999998,0,0.88499999999999979,0,-1.8443273206420082e-16,2.2358934675651068e-14,0,-0,-0.90650483485799305,0
2.8900000000000001,0,0.89000000000000012,0,-1.8920677970706593e-16,2.2690575720452307e-14,0,-0,-0.90650483485799305,0
2.895,0,0.89500000000000002,0,-1.9324455884077928e-16,2.3022216765253515e-14,0,-0,-0.90650483485799305,0
2.8999999999999999,0,0.89999999999999991,0,-1.9654606946534136e-16,2.3353857810054719e-14,0,-0,-0.90650483485799305,0
2.9049999999999998,0,0.9049999999999998,0,-1.9911131158075208e-16,2.368549885485593e-14,-0,-0,-0.90650483485799305,0
2.9100000000000001,0,0.91000000000000014,0,-2.009402851870117e-16,2.4017139899657163e-14,-0,-0,-0.90650483485799305,0
2.915,0,0.91500000000000004,0,-2.020329902841198e-16,2.4348780944458377e-14,-0,-0,-0.90650483485799305,0
2.9199999999999999,0,0.91999999999999993,0,-2.0238942687207656e-16,2.4680421989259585e-14,-0,-0,-0.90650483485799305,0
2.9249999999999998,0,0.92499999999999982,0,-2.02009594950882e-16,2.5012063034060792e-14,-0,-0,-0.90650483485799305,0
2.9300000000000002,0,0.93000000000000016,0,-2.0089349452053607e-16,2.5343704078862028e-14,-0,-0,-0.90650483485799305,0
2.9350000000000001,0,0.93500000000000005,0,-1.9904112558103885e-16,2.5675345123663236e-14,-0,-0,-0.90650483485799305,0
2.9399999999999999,0,0.93999999999999995,0,-1.9645248813239031e-16,2.6006986168464441e-14,-0,-0,-0.90650483485799305,0
2.9449999999999998,0,0.94499999999999984,0,-1.9312758217459052e-16,2.6338627213265651e-14,-0,-0,-0.90650483485799305,0
2.9500000000000002,0,0.95000000000000018,0,-1.89066407707639e-16,2.6670268258066887e-14,-0,-0,-0.90650483485799305,0
2.9550000000000001,0,0.95500000000000007,0,-1.8426896473153651e-16,2.7001909302868095e-14,-0,-0,-0.90650483485799305,0
2.96,0,0.95999999999999996,0,-1.7873525324628272e-16,2.7333550347669309e-14,-0,0,-0.90650483485799305,0
2.9649999999999999,0,0.96499999999999986,0,-1.7246527325187761e-16,2.7665191392470514e-14,-0,0,-0.90650483485799305,0
2.9700000000000002,0,0.9700000000000002,0,-1.6545902474832052e-16,2.799683243727175e-14,-0,0,-0.90650483485799305,0
2.9750000000000001,0,0.97500000000000009,0,-1.5771650773561275e-16,2.8328473482072957e-14,-0,0,-0.90650483485799305,0
2.98,0,0.97999999999999998,0,-1.4923772221375369e-16,2.8660114526874165e-14,-0,0,-0.90650483485799305,0
2.9849999999999999,0,0.98499999999999988,0,-1.4002266818274328e-16,2.8991755571675373e-14,-0,0,-0.90650483485799305,0
2.9900000000000002,0,0.99000000000000021,0,-1.3007134564258067e-16,2.9323396616476612e-14,-0,0,-0.90650483485799305,0
2.9950000000000001,0,0.99500000000000011,0,-1.193837545932676e-16,2.9655037661277826e-14,-0,0,-0.90650483485799305,0
3,0,1,0,-1.0795989503480323e-16,2.9986678706079027e-14,-0,0,-0.90650483485799305,0
3.0049999999999999,0,1.0049999999999999,0,-9.8707541441151873e-17,2.9915088952533414e-14,0,0,-1.1065048348580957,0
3.0099999999999998,0,1.0099999999999998,0,-8.9594454633752519e-17,2.98434991989878e-14,0,0,-1.1065048348580957,0
3.0150000000000001,0,1.0150000000000001,0,-8.0620634612604437e-17,2.977190944544218e-14,0,0,-1.1065048348580957,0
3.02,0,1.02,0,-7.1786081377709155e-17,2.970031969189656e-14,0,0,-1.1065048348580957,0
3.0249999999999999,0,1.0249999999999999,0,-6.3090794929065897e-17,2.962872993835094e-14,0,0,-1.1065048348580957,0
3.0299999999999998,0,1.0299999999999998,0,-5.4534775266674687e-17,2.9557140184805327e-14,0,0,-1.1065048348580957,0
3.0350000000000001,0,1.0350000000000001,0,-4.6118022390534761e-17,2.9485550431259701e-14,0,0,-1.1065048348580957,0
3.04,0,1.04,0,-3.7840536300647629e-17,2.9413960677714081e-14,0,0,-1.1065048348580957,0
3.0449999999999999,0,1.0449999999999999,0,-2.9702316997012509e-17,2.9342370924168467e-14,0,0,-1.1065048348580957,0
3.0499999999999998,0,1.0499999999999998,0,-2.1703364479629415e-17,2.9270781170622854e-14,0,0,-1.1065048348580957,0
3.0550000000000002,0,1.0550000000000002,0,-1.384367874849767e-17,2.9199191417077228e-14,0,0,-1.1065048348580957,0
3.0600000000000001,0,1.0600000000000001,0,-6.1232598036186519e-18,2.9127601663531614e-14,0,0,-1.1065048348580957,0
3.0649999999999999,0,1.0649999999999999,0,1.457892355008312e-18,2.9056011909985994e-14,0,0,-1.1065048348580957,0
3.0699999999999998,0,1.0699999999999998,0,8.8997777273832676e-18,2.8984422156440381e-14,0,0,-1.1065048348580957,0
3.0750000000000002,0,1.0750000000000002,0,1.620239631350684e-17,2.8912832402894761e-14,0,0,-1.1065048348580957,0
3.0800000000000001,0,1.0800000000000001,0,2.3365748113377721e-17,2.8841242649349148e-14,0,0,-1.1065048348580957,0
3.085,0,1.085,0,3.0389833126996575e-17,2.8769652895803534e-14,0,0,-1.1065048348580957,0
3.0899999999999999,0,1.0899999999999999,0,3.7274651354363402e-17,2.8698063142257908e-14,0,0,-1.1065048348580957,0
3.0950000000000002,0,1.0950000000000002,0,4.4020202795478778e-17,2.8626473388712288e-14,0,0,-1.1065048348580957,0
3.1000000000000001,0,1.1000000000000001,0,5.0626487450341539e-17,2.8554883635166668e-14,-0,0,-1.1065048348580957,0
3.105,0,1.105,0,5.7093505318952258e-17,2.8483293881621055e-14,-0,0,-1.1065048348580957,0
3.1099999999999999,0,1.1099999999999999,0,6.3421256401310965e-17,2.8411704128075441e-14,-0,0,-1.1065048348580957,0
3.1150000000000002,0,1.1150000000000002,0,6.9609740697418142e-17,2.8340114374529815e-14,-0,0,-1.1065048348580957,0
3.1200000000000001,0,1.1200000000000001,0,7.5658958207272777e-17,2.8268524620984195e-14,-0,0,-1.1065048348580957,0
3.125,0,1.125,0,8.1568908930875364e-17,2.8196934867438582e-14,-0,0,-1.1065048348580957,0
3.1299999999999999,0,1.1299999999999999,0,8.7339592868225928e-17,2.8125345113892962e-14,-0,0,-1.1065048348580957,0
3.1349999999999998,0,1.1349999999999998,0,9.297101001932448e-17,2.8053755360347348e-14,-0,0,-1.1065048348580957,0
3.1400000000000001,0,1.1400000000000001,0,9.8463160384171464e-17,2.7982165606801722e-14,-0,0,-1.1065048348580957,0
3.145,0,1.145,0,1.0381604396276592e-16,2.7910575853256112e-14,-0,0,-1.1065048348580957,0
3.1499999999999999,0,1.1499999999999999,0,1.0902966075510836e-16,2.7838986099710495e-14,-0,0,-1.1065048348580957,0
3.1549999999999998,0,1.1549999999999998,0,1.1410401076119875e-16,2.7767396346164882e-14,-0,0,-1.1065048348580957,0
3.1600000000000001,0,1.1600000000000001,0,1.1903909398103759e-16,2.7695806592619259e-14,-0,-0,-1.1065048348580957,0
3.165,0,1.165,0,1.2383491041462387e-16,2.7624216839073636e-14,-0,-0,-1.1065048348580957,0
3.1699999999999999,0,1.1699999999999999,0,1.284914600619582e-16,2.7552627085528025e-14,-0,-0,-1.1065048348580957,0
3.1749999999999998,0,1.1749999999999998,0,1.3300874292304046e-16,2.7481037331982405e-14,-0,-0,-1.1065048348580957,0
3.1800000000000002,0,1.1800000000000002,0,1.3738675899787111e-16,2.7409447578436785e-14,-0,-0,-1.1065048348580957,0
3.1850000000000001,0,1.1850000000000001,0,1.416255082864493e-16,2.7337857824891169e-14,-0,-0,-1.1065048348580957,0
3.1899999999999999,0,1.1899999999999999,0,1.4572499078877548e-16,2.7266268071345552e-14,-0,-0,-1.1065048348580957,0
3.1949999999999998,0,1.1949999999999998,0,1.4968520650484965e-16,2.7194678317799935e-14,-0,-0,-1.1065048348580957,0
3.2000000000000002,0,1.2000000000000002,0,1.5350615543467208e-16,2.7123088564254312e-14,-0,-0,-1.1065048348580957,0
3.2050000000000001,0,1.2050000000000001,0,1.5921056279407241e-16,2.7017442140307294e-14,0,-0,-1.3065048348580897,0
3.21,0,1.21,0,1.6445026684630079e-16,2.6911795716360272e-14,0,-0,-1.3065048348580897,0
3.2149999999999999,0,1.2149999999999999,0,1.692252675913571e-16,2.6806149292413251e-14,0,-0,-1.3065048348580897,0
3.2200000000000002,0,1.2200000000000002,0,1.7353556502924183e-16,2.6700502868466219e-14,0,-0,-1.3065048348580897,0
3.2250000000000001,0,1.2250000000000001,0,1.7738115915995412e-16,2.6594856444519198e-14,0,-0,-1.3065048348580897,0
3.23,0,1.23,0,1.8076204998349449e-16,2.6489210020572176e-14,0,-0,-1.3065048348580897,0
3.2349999999999999,0,1.2349999999999999,0,1.8367823749986277e-16,2.6383563596625154e-14,0,-0,-1.3065048348580897,0
3.2400000000000002,0,1.2400000000000002,0,1.8612972170905934e-16,2.627791717267812e-14,0,-0,-1.3065048348580897,0
3.2450000000000001,0,1.2450000000000001,0,1.8811650261108365e-16,2.6172270748731099e-14,0,-0,-1.3065048348580897,0
3.25,0,1.25,0,1.8963858020593596e-16,2.6066624324784077e-14,0,-0,-1.3065048348580897,0
3.2549999999999999,0,1.2549999999999999,0,1.9069595449361624e-16,2.5960977900837055e-14,0,-0,-1.3065048348580897,0
3.2599999999999998,0,1.2599999999999998,0,1.9128862547412458e-16,2.5855331476890034e-14,0,-0,-1.3065048348580897,0
3.2650000000000001,0,1.2650000000000001,0,1.9141659314746093e-16,2.5749685052943002e-14,0,-0,-1.3065048348580897,0
3.27,0,1.27,0,1.9107985751362522e-16,2.5644038628995981e-14,0,-0,-1.3065048348580897,0
3.2749999999999999,0,1.2749999999999999,0,1.9027841857261757e-16,2.5538392205048965e-14,0,-0,-1.3065048348580897,0
3.2799999999999998,0,1.2799999999999998,0,1.8901227632443783e-16,2.5432745781101937e-14,0,-0,-1.3065048348580897,0
3.2850000000000001,0,1.2850000000000001,0,1.8728143076908598e-16,2.5327099357154909e-14,0,-0,-1.3065048348580897,0
3.29,0,1.29,0,1.8508588190656229e-16,2.5221452933207888e-14,0,-0,-1.3065048348580897,0
3.2949999999999999,0,1.2949999999999999,0,1.8242562973686656e-16,2.5115806509260866e-14,0,-0,-1.3065048348580897,0
3.2999999999999998,0,1.2999999999999998,0,1.7930067425999887e-16,2.5010160085313844e-14,0,-0,-1.3065048348580897,0
3.3050000000000002,0,1.3050000000000002,0,1.7571101547595885e-16,2.4904513661366816e-14,-0,-0,-1.3065048348580897,0
3.3100000000000001,0,1.3100000000000001,0,1.7165665338474712e-16,2.4798867237419795e-14,-0,-0,-1.3065048348580897,0
3.3149999999999999,0,1.3149999999999999,0,1.671375879863634e-16,2.469322081347277e-14,-0,-0,-1.3065048348580897,0
3.3199999999999998,0,1.3199999999999998,0,1.6215381928080768e-16,2.4587574389525748e-14,-0,-0,-1.3065048348580897,0
3.3250000000000002,0,1.3250000000000002,0,1.5670534726807947e-16,2.4481927965578717e-14,-0,-0,-1.3065048348580897,0
3.3300000000000001,0,1.3300000000000001,0,1.5079217194817975e-16,2.4376281541631696e-14,-0,-0,-1.3065048348580897,0
3.335,0,1.335,0,1.4441429332110802e-16,2.4270635117684674e-14,-0,-0,-1.3065048348580897,0
3.3399999999999999,0,1.3399999999999999,0,1.3757171138686428e-16,2.4164988693737655e-14,-0,-0,-1.3065048348580897,0
3.3450000000000002,0,1.3450000000000002,0,1.3026442614544791e-16,2.4059342269790624e-14,-0,-0,-1.3065048348580897,0
3.3500000000000001,0,1.3500000000000001,0,1.2249243759686016e-16,2.3953695845843603e-14,-0,-0,-1.3065048348580897,0
3.355,0,1.355,0,1.1425574574110042e-16,2.3848049421896584e-14,-0,-0,-1.3065048348580897,0
3.3599999999999999,0,1.3599999999999999,0,1.055543505781687e-16,2.3742402997949562e-14,-0,0,-1.3065048348580897,0
3.3650000000000002,0,1.3650000000000002,0,9.6388252108064092e-17,2.3636756574002525e-14,-0,0,-1.3065048348580897,0
3.3700000000000001,0,1.3700000000000001,0,8.6757450330788354e-17,2.353111015005551e-14,-0,0,-1.3065048348580897,0
3.375,0,1.375,0,7.6661945246340595e-17,2.3425463726108485e-14,-0,0,-1.3065048348580897,0
3.3799999999999999,0,1.3799999999999999,0,6.6101736854720851e-17,2.3319817302161466e-14,-0,0,-1.3065048348580897,0
3.3849999999999998,0,1.3849999999999998,0,5.5076825155929098e-17,2.3214170878214441e-14,-0,0,-1.3065048348580897,0
3.3900000000000001,0,1.3900000000000001,0,4.3587210149964325e-17,2.310852445426741e-14,-0,0,-1.3065048348580897,0
3.395,0,1.395,0,3.1632891836828548e-17,2.3002878030320389e-14,-0,0,-1.3065048348580897,0
3.3999999999999999,0,1.3999999999999999,0,1.9213870216520799e-17,2.2897231606373367e-14,-0,0,-1.3065048348580897,0
3.4049999999999998,0,1.4049999999999998,0,5.7788099555710951e-18,2.2935145684199777e-14,0,0,-1.5065048348580734,0
3.4100000000000001,0,1.4100000000000001,0,-7.0154914214580667e-18,2.2973059762026199e-14,0,0,-1.5065048348580734,0
3.415,0,1.415,0,-1.9169033914564326e-17,2.3010973839852621e-14,0,0,-1.5065048348580734,0
3.4199999999999999,0,1.4199999999999999,0,-3.0681817523748823e-17,2.3048887917679044e-14,0,0,-1.5065048348580734,0
3.4249999999999998,0,1.4249999999999998,0,-4.1553842249011568e-17,2.3086801995505466e-14,0,0,-1.5065048348580734,0
3.4300000000000002,0,1.4300000000000002,0,-5.1785108090353444e-17,2.3124716073331894e-14,0,0,-1.5065048348580734,0
3.4350000000000001,0,1.4350000000000001,0,-6.1375615047772639e-17,2.3162630151158313e-14,0,0,-1.5065048348580734,0
3.4399999999999999,0,1.4399999999999999,0,-7.0325363121270091e-17,2.3200544228984736e-14,0,0,-1.5065048348580734,0
3.4449999999999998,0,1.4449999999999998,0,-7.8634352310845786e-17,2.3238458306811158e-14,0,0,-1.5065048348580734,0
3.4500000000000002,0,1.4500000000000002,0,-8.6302582616500379e-17,2.3276372384637583e-14,0,0,-1.5065048348580734,0
3.4550000000000001,0,1.4550000000000001,0,-9.3330054038232526e-17,2.3314286462464003e-14,0,0,-1.5065048348580734,0
3.46,0,1.46,0,-9.9716766576042892e-17,2.3352200540290428e-14,0,0,-1.5065048348580734,0
3.4649999999999999,0,1.4649999999999999,0,-1.0546272022993154e-16,2.3390114618116847e-14,0,0,-1.5065048348580734,0
3.4700000000000002,0,1.4700000000000002,0,-1.1056791499989886e-16,2.3428028695943273e-14,0,0,-1.5065048348580734,0
3.4750000000000001,0,1.4750000000000001,0,-1.1503235088594393e-16,2.3465942773769695e-14,0,0,-1.5065048348580734,0
3.48,0,1.48,0,-1.1885602788806725e-16,2.3503856851596117e-14,0,0,-1.5065048348580734,0
3.4849999999999999,0,1.4849999999999999,0,-1.2203894600626885e-16,2.3541770929422539e-14,0,0,-1.5065048348580734,0
3.4900000000000002,0,1.4900000000000002,0,-1.2458110524054888e-16,2.3579685007248965e-14,0,0,-1.5065048348580734,0
3.4950000000000001,0,1.4950000000000001,0,-1.2648250559090687e-16,2.3617599085075387e-14,0,0,-1.5065048348580734,0
3.5,0,1.5,0,-1.2774314705734318e-16,2.3655513162901806e-14,-0,0,-1.5065048348580734,0
3.5049999999999999,0,1.5049999999999999,0,-1.2836302963985768e-16,2.3693427240728228e-14,-0,0,-1.5065048348580734,0
3.5099999999999998,0,1.5099999999999998,0,-1.2834215333845049e-16,2.3731341318554651e-14,-0,0,-1.5065048348580734,0
3.5150000000000001,0,1.5150000000000001,0,-1.276805181531214e-16,2.3769255396381076e-14,-0,0,-1.5065048348580734,0
3.52,0,1.52,0,-1.2637812408387065e-16,2.3807169474207498e-14,-0,0,-1.5065048348580734,0
3.5249999999999999,0,1.5249999999999999,0,-1.2443497113069808e-16,2.3845083552033921e-14,-0,0,-1.5065048348580734,0
3.5299999999999998,0,1.5299999999999998,0,-1.2185105929360381e-16,2.3882997629860343e-14,-0,0,-1.5065048348580734,0
3.5350000000000001,0,1.5350000000000001,0,-1.1862638857258745e-16,2.3920911707686768e-14,-0,0,-1.5065048348580734,0
3.54,0,1.54,0,-1.1476095896764962e-16,2.3958825785513188e-14,-0,0,-1.5065048348580734,0
3.5449999999999999,0,1.5449999999999999,0,-1.1025477047879005e-16,2.399673986333961e-14,-0,0,-1.5065048348580734,0
3.5499999999999998,0,1.5499999999999998,0,-1.0510782310600871e-16,2.4034653941166032e-14,-0,0,-1.5065048348580734,0
3.5550000000000002,0,1.5550000000000002,0,-9.9320116849305071e-17,2.4072568018992458e-14,-0,0,-1.5065048348580734,0
3.5600000000000001,0,1.5600000000000001,0,-9.2891651708680181e-17,2.4110482096818886e-14,-0,-0,-1.5065048348580734,0
3.5649999999999999,0,1.5649999999999999,0,-8.5822427684133535e-17,2.4148396174645299e-14,-0,-0,-1.5065048348580734,0
3.5699999999999998,0,1.5699999999999998,0,-7.8112444775665133e-17,2.4186310252471724e-14,-0,-0,-1.5065048348580734,0
3.5750000000000002,0,1.5750000000000002,0,-6.9761702983274224e-17,2.4224224330298147e-14,-0,-0,-1.5065048348580734,0
3.5800000000000001,0,1.5800000000000001,0,-6.0770202306962273e-17,2.4262138408124569e-14,-0,-0,-1.5065048348580734,0
3.585,0,1.585,0,-5.1137942746728572e-17,2.4300052485950994e-14,-0,-0,-1.5065048348580734,0
3.5899999999999999,0,1.5899999999999999,0,-4.0864924302573116e-17,2.4337966563777413e-14,-0,-0,-1.5065048348580734,0
3.5950000000000002,0,1.5950000000000002,0,-2.9951146974494923e-17,2.4375880641603842e-14,-0,-0,-1.5065048348580734,0
3.6000000000000001,0,1.6000000000000001,0,-1.8396610762495911e-17,2.4413794719430261e-14,-0,-0,-1.5065048348580734,0
3.605,0,1.605,0,-5.8155077055588245e-18,2.414239435143718e-14,0,-0,-1.7065048348581475,0
3.6099999999999999,0,1.6099999999999999,0,6.1859407212944349e-18,2.3870993983444098e-14,0,-0,-1.7065048348581475,0
3.6150000000000002,0,1.6150000000000002,0,1.7607734518064855e-17,2.3599593615450992e-14,0,-0,-1.7065048348581475,0
3.6200000000000001,0,1.6200000000000001,0,2.8449873684750409e-17,2.3328193247457907e-14,0,-0,-1.7065048348581475,0
3.625,0,1.625,0,3.8712358221352129e-17,2.3056792879464826e-14,0,-0,-1.7065048348581475,0
3.6299999999999999,0,1.6299999999999999,0,4.8395188127870023e-17,2.2785392511471741e-14,0,-0,-1.7065048348581475,0
3.6349999999999998,0,1.6349999999999998,0,5.7498363404304089e-17,2.2513992143478657e-14,0,-0,-1.7065048348581475,0
3.6400000000000001,0,1.6400000000000001,0,6.6021884050655073e-17,2.224259177548555e-14,0,-0,-1.7065048348581475,0
3.645,0,1.645,0,7.3965750066921435e-17,2.1971191407492465e-14,0,-0,-1.7065048348581475,0
3.6499999999999999,0,1.6499999999999999,0,8.1329961453103964e-17,2.1699791039499381e-14,0,-0,-1.7065048348581475,0
3.6549999999999998,0,1.6549999999999998,0,8.8114518209202659e-17,2.1428390671506299e-14,0,-0,-1.7065048348581475,0
3.6600000000000001,0,1.6600000000000001,0,9.4319420335218063e-17,2.1156990303513193e-14,0,-0,-1.7065048348581475,0
3.665,0,1.665,0,9.9944667831149067e-17,2.0885589935520111e-14,0,-0,-1.7065048348581475,0
3.6699999999999999,0,1.6699999999999999,0,1.0499026069699621e-16,2.0614189567527023e-14,0,-0,-1.7065048348581475,0
3.6749999999999998,0,1.6749999999999998,0,1.0945619893275957e-16,2.0342789199533945e-14,0,-0,-1.7065048348581475,0
3.6800000000000002,0,1.6800000000000002,0,1.133424825384394e-16,2.0071388831540835e-14,0,-0,-1.7065048348581475,0
3.6850000000000001,0,1.6850000000000001,0,1.1664911151403504e-16,1.9799988463547754e-14,0,-0,-1.7065048348581475,0
3.6899999999999999,0,1.6899999999999999,0,1.1937608585954685e-16,1.9528588095554669e-14,0,-0,-1.7065048348581475,0
3.6949999999999998,0,1.6949999999999998,0,1.2152340557497481e-16,1.9257187727561585e-14,0,-0,-1.7065048348581475,0
3.7000000000000002,0,1.7000000000000002,0,1.2309107066031908e-16,1.8985787359568478e-14,0,-0,-1.7065048348581475,0
3.7050000000000001,0,1.7050000000000001,0,1.2407908111557934e-16,1.8714386991575397e-14,-0,-0,-1.7065048348581475,0
3.71,0,1.71,0,1.2448743694075582e-16,1.8442986623582315e-14,-0,-0,-1.7065048348581475,0
3.7149999999999999,0,1.7149999999999999,0,1.2431613813584839e-16,1.8171586255589228e-14,-0,-0,-1.7065048348581475,0
3.7200000000000002,0,1.7200000000000002,0,1.2356518470085708e-16,1.7900185887596121e-14,-0,-0,-1.7065048348581475,0
3.7250000000000001,0,1.7250000000000001,0,1.22234576635782e-16,1.7628785519603036e-14,-0,-0,-1.7065048348581475,0
3.73,0,1.73,0,1.2032431394062307e-16,1.7357385151609955e-14,-0,-0,-1.7065048348581475,0
3.7349999999999999,0,1.7349999999999999,0,1.1783439661538034e-16,1.708598478361687e-14,-0,-0,-1.7065048348581475,0
3.7400000000000002,0,1.7400000000000002,0,1.1476482466005344e-16,1.6814584415623764e-14,-0,-0,-1.7065048348581475,0
3.7450000000000001,0,1.7450000000000001,0,1.1111559807464299e-16,1.6543184047630682e-14,-0,-0,-1.7065048348581475,0
3.75,0,1.75,0,1.068867168591487e-16,1.6271783679637598e-14,-0,-0,-1.7065048348581475,0
3.7549999999999999,0,1.7549999999999999,0,1.020781810135706e-16,1.6000383311644516e-14,-0,-0,-1.7065048348581475,0
3.7599999999999998,0,1.7599999999999998,0,9.668999053790866e-17,1.5728982943651432e-14,-0,0,-1.7065048348581475,0
3.7650000000000001,0,1.7650000000000001,0,9.0722145432162305e-17,1.5457582575658325e-14,-0,0,-1.7065048348581475,0
3.77,0,1.77,0,8.4174645696332683e-17,1.5186182207665244e-14,-0,0,-1.7065048348581475,0
3.7749999999999999,0,1.7749999999999999,0,7.7047491330419202e-17,1.4914781839672159e-14,-0,0,-1.7065048348581475,0
3.7799999999999998,0,1.7799999999999998,0,6.9340682334421901e-17,1.4643381471679075e-14,-0,0,-1.7065048348581475,0
3.7850000000000001,0,1.7850000000000001,0,6.105421870833999e-17,1.4371981103685968e-14,-0,0,-1.7065048348581475,0
3.79,0,1.79,0,5.2188100452174985e-17,1.4100580735692883e-14,-0,0,-1.7065048348581475,0
3.7949999999999999,0,1.7949999999999999,0,4.2742327565926146e-17,1.38291803676998e-14,-0,0,-1.7065048348581475,0
3.7999999999999998,0,1.7999999999999998,0,3.2716900049593468e-17,1.3557779999706719e-14,-0,0,-1.7065048348581475,0
3.8050000000000002,0,1.8050000000000002,0,2.315742277144414e-17,1.3218835499714034e-14,0,0,-1.906504834858159,0
3.8100000000000001,0,1.8100000000000001,0,1.404623035365001e-17,1.2879890999721371e-14,0,0,-1.906504834858159,0
3.8149999999999999,0,1.8149999999999999,0,5.3833227962101519e-18,1.254094649972871e-14,0,0,-1.906504834858159,0
3.8199999999999998,0,1.8199999999999998,0,-2.8312999008754315e-18,1.2202001999736052e-14,0,0,-1.906504834858159,0
3.8250000000000002,0,1.8250000000000002,0,-1.0597637737607391e-17,1.1863057499743359e-14,0,0,-1.906504834858159,0
3.8300000000000001,0,1.8300000000000001,0,-1.7915690713984363e-17,1.15241129997507e-14,0,0,-1.906504834858159,0
3.835,0,1.835,0,-2.4785458830007064e-17,1.118516849975804e-14,0,0,-1.906504834858159,0
3.8399999999999999,0,1.8399999999999999,0,-3.12069420856755e-17,1.0846223999765379e-14,0,0,-1.906504834858159,0
3.8450000000000002,0,1.8450000000000002,0,-3.7180140480990151e-17,1.0507279499772688e-14,0,0,-1.906504834858159,0
3.8500000000000001,0,1.8500000000000001,0,-4.270505401594997e-17,1.0168334999780028e-14,0,0,-1.906504834858159,0
3.855,0,1.855,0,-4.7781682690555523e-17,9.8293904997873658e-15,0,0,-1.906504834858159,0
3.8599999999999999,0,1.8599999999999999,0,-5.2410026504806774e-17,9.4904459997947062e-15,0,0,-1.906504834858159,0
3.8650000000000002,0,1.8650000000000002,0,-5.6590085458704123e-17,9.1515014998020151e-15,0,0,-1.906504834858159,0
3.8700000000000001,0,1.8700000000000001,0,-6.0321859552246788e-17,8.8125569998093555e-15,0,0,-1.906504834858159,0
3.875,0,1.875,0,-6.3605348785435187e-17,8.4736124998166959e-15,0,0,-1.906504834858159,0
3.8799999999999999,0,1.8799999999999999,0,-6.6440553158269284e-17,8.1346679998240348e-15,0,0,-1.906504834858159,0
3.8849999999999998,0,1.8849999999999998,0,-6.8827472670749128e-17,7.7957234998313736e-15,0,0,-1.906504834858159,0
3.8900000000000001,0,1.8900000000000001,0,-7.0766107322874842e-17,7.4567789998386841e-15,0,0,-1.906504834858159,0
3.895,0,1.895,0,-7.2256457114646057e-17,7.1178344998460214e-15,0,0,-1.906504834858159,0
3.8999999999999999,0,1.8999999999999999,0,-7.3298522046063018e-17,6.7788899998533618e-15,-0,0,-1.906504834858159,0
3.9049999999999998,0,1.9049999999999998,0,-7.389230211712569e-17,6.4399454998607014e-15,-0,0,-1.906504834858159,0
3.9100000000000001,0,1.9100000000000001,0,-7.4037797327834108e-17,6.1010009998680119e-15,-0,0,-1.906504834858159,0
3.915,0,1.915,0,-7.3735007678188175e-17,5.76205649987535e-15,-0,0,-1.906504834858159,0
3.9199999999999999,0,1.9199999999999999,0,-7.2983933168187977e-17,5.4231119998826896e-15,-0,0,-1.906504834858159,0
3.9249999999999998,0,1.9249999999999998,0,-7.1784573797833488e-17,5.08416749989003e-15,-0,0,-1.906504834858159,0
3.9300000000000002,0,1.9300000000000002,0,-7.0136929567124574e-17,4.7452229998973381e-15,-0,0,-1.906504834858159,0
3.9350000000000001,0,1.9350000000000001,0,-6.8041000476061505e-17,4.4062784999046778e-15,-0,0,-1.906504834858159,0
3.9399999999999999,0,1.9399999999999999,0,-6.5496786524644146e-17,4.0673339999120174e-15,-0,0,-1.906504834858159,0
3.9449999999999998,0,1.9449999999999998,0,-6.2504287712872522e-17,3.7283894999193562e-15,-0,0,-1.906504834858159,0
3.9500000000000002,0,1.9500000000000002,0,-5.9063504040746288e-17,3.3894449999266659e-15,-0,0,-1.906504834858159,0
3.9550000000000001,0,1.9550000000000001,0,-5.5174435508266059e-17,3.0505004999340056e-15,-0,0,-1.906504834858159,0
3.96,0,1.96,0,-5.0837082115431546e-17,2.7115559999413456e-15,-0,0,-1.906504834858159,0
3.9649999999999999,0,1.9649999999999999,0,-4.6051443862242756e-17,2.372611499948684e-15,-0,0,-1.906504834858159,0
3.9700000000000002,0,1.9700000000000002,0,-4.0817520748699201e-17,2.0336669999559937e-15,-0,0,-1.906504834858159,0
3.9750000000000001,0,1.9750000000000001,0,-3.5135312774801825e-17,1.6947224999633333e-15,-0,0,-1.906504834858159,0
3.98,0,1.98,0,-2.9004819940550164e-17,1.3557779999706736e-15,-0,0,-1.906504834858159,0
3.9849999999999999,0,1.9849999999999999,0,-2.2426042245944223e-17,1.0168334999780122e-15,-0,0,-1.906504834858159,0
3.9900000000000002,0,1.9900000000000002,0,-1.5398979690983354e-17,6.778889999853219e-16,-0,0,-1.906504834858159,0
3.9950000000000001,0,1.9950000000000001,0,-7.923632275668819e-18,3.3894449999266135e-16,-0,0,-1.906504834858159,0
4,0,2,0,0,0,-0,0,-1.906504834858159,0
