distance,x,y,porosity,stokes_velocity_x,stokes_velocity_y,darcy_segregation_flux_x,darcy_segregation_flux_y,stokes_pressure_assembled,darcy_pressure_assembled
0,0,-2,0.039008168117285892,0,0,5.3232241096390527e-06,0,1.9380814550024335,0.35765785525862065
0.0050000000000000001,0,-1.9950000000000001,0.038964071675224712,-5.8322944695025381e-05,-4.6246765389904075e-05,5.1065661857472601e-06,2.6370266996116364e-05,1.9333558954775762,0.3573843239505699
0.01,0,-1.99,0.038964071675224712,-0.00010306536390767662,-8.5965833257600039e-05,4.8943516423424806e-06,5.2472125983911612e-05,1.9333558954775762,0.3573843239505699
0.014999999999999999,0,-1.9850000000000001,0.038964071675224712,-0.00013467445618544529,-0.00011936279999313883,4.6864286568397285e-06,7.8306683751013537e-05,1.9333558954775762,0.3573843239505699
0.02,0,-1.98,0.038964071675224712,-0.00015357799449885838,-0.0001466343314110545,4.4826535271459065e-06,0.00010387504404563376,1.9333558954775762,0.3573843239505699
0.025000000000000001,0,-1.9750000000000001,0.038964071675224712,-0.00016018536967956658,-0.00016796864245309989,4.2828901443478645e-06,0.00012917830770671482,1.9333558954775762,0.3573843239505699
0.029999999999999999,0,-1.97,0.038964071675224712,-0.00015488856731581669,-0.00018354594629917099,4.0870095047778462e-06,0.00015421757278717655,1.9333558954775762,0.3573843239505699
0.035000000000000003,0,-1.9650000000000001,0.038964071675224712,-0.00013806308300406636,-0.00019353887513851324,3.8948892581394525e-06,0.00017899393467063346,1.9333558954775762,0.3573843239505699
0.040000000000000001,0,-1.96,0.038964071675224712,-0.00011006878044766337,-0.00019811287466585989,3.7064132886859096e-06,0.00020350848618200338,1.9333558954775762,0.3573843239505699
0.044999999999999998,0,-1.9550000000000001,0.038964071675224712,-7.1250696523446705e-05,-0.00019742657419697079,3.5214713267239273e-06,0.00022776231769232899,1.9333558954775762,0.3573843239505699
0.050000000000000003,0,-1.95,0.038964071675224712,-2.1939797100989615e-05,-0.00019163213414355595,3.3399585879638134e-06,0.00025175651721818566,1.9333558954775762,0.3573843239505699
0.055,0,-1.9450000000000001,0.037098110285335315,3.288704382547958e-05,-0.00023014818765714913,-3.5857091047964732e-07,0.00027224014754193135,1.8926327315831803,0.34718406292382442
0.059999999999999998,0,-1.9399999999999999,0.037098110285335315,7.7449072590367795e-05,-0.00029281136374075521,-3.7290003414589722e-07,0.00029008072647816112,1.8926327315831803,0.34718406292382442
0.065000000000000002,0,-1.9350000000000001,0.037098110285335315,0.00011013885259679305,-0.00034149347255172307,-3.7340937793222008e-07,0.00030772411527754993,1.8926327315831803,0.34718406292382442
0.070000000000000007,0,-1.9299999999999999,0.037098110285335315,0.00013035322789776516,-0.00037563895449274626,-3.5938035975935451e-07,0.00032517129385162502,1.8926327315831803,0.34718406292382442
0.074999999999999997,0,-1.925,0.037098110285335315,0.00013744734374980438,-0.00039465383631764861,-3.3003186839724638e-07,0.00034242324326580215,1.8926327315831803,0.34718406292382442
0.080000000000000002,0,-1.9199999999999999,0.037027437535295096,0.0001304469683517147,-0.00039953675095722043,6.9092741534520378e-07,0.00036044099688664171,1.8879206619499815,0.34678843623774214
0.085000000000000006,0,-1.915,0.037027437535295096,0.00010743915005212297,-0.00040188188889140594,4.1621966988950204e-07,0.00037669724324709001,1.8879206619499815,0.34678843623774214
0.089999999999999997,0,-1.9099999999999999,0.037027437535295096,7.1748455790960277e-05,-0.0003886071530980779,1.6265178412044359e-07,0.00039277321167251905,1.8879206619499815,0.34678843623774214
0.095000000000000001,0,-1.905,0.037027437535295096,2.4005682854871011e-05,-0.00036028894930425283,-7.1276597351434914e-08,0.00040866937524798407,1.8879206619499815,0.34678843623774214
0.10000000000000001,0,-1.8999999999999999,0.035158882554797939,1.6662513231688412e-06,-0.00034921995076319951,7.3061498772510455e-07,0.00042184163766146031,1.8434433699438866,0.33496792199438574
0.105,0,-1.895,0.035158882554797939,7.3460443428693308e-06,-0.00036134302777570196,7.868106906340651e-07,0.00043277257690847981,1.8434433699438866,0.33496792199438574
0.11,0,-1.8899999999999999,0.035158882554797939,1.2858522070235163e-05,-0.00037346016678326379,8.4234324770702405e-07,0.00044356928023009791,1.8434433699438866,0.33496792199438574
0.115,0,-1.885,0.035158882554797939,1.8203796779552566e-05,-0.00038557136882875543,8.9721584430745003e-07,0.00045423232152774074,1.8434433699438866,0.33496792199438574
0.12,0,-1.8799999999999999,0.035158882554797939,2.3381980644764454e-05,-0.00039767663495411231,9.5143166159641917e-07,0.00046476227455514931,1.8434433699438866,0.33496792199438574
0.125,0,-1.875,0.035158882554797939,2.8393185739580618e-05,-0.00040977596620033163,1.0049938765399843e-06,0.00047515971291854306,1.8434433699438866,0.33496792199438574
0.13,0,-1.8700000000000001,0.035158882554797939,3.3237524037591289e-05,-0.00042186936360747693,1.0579056619136438e-06,0.00048542521007678918,1.8434433699438866,0.33496792199438574
0.13500000000000001,0,-1.865,0.035158882554797939,3.7915107412378185e-05,-0.00043395682821467782,1.1101701863098714e-06,0.00049555933934156604,1.8434433699438866,0.33496792199438574
0.14000000000000001,0,-1.8599999999999999,0.035158882554797939,4.242604763762572e-05,-0.00044603836106012982,1.161790614144048e-06,0.00050556267387752906,1.8434433699438866,0.33496792199438574
0.14499999999999999,0,-1.855,0.035158882554797939,4.6770456387232986e-05,-0.0004581139631810962,1.2127701056602697e-06,0.00051543578670247645,1.8434433699438866,0.33496792199438574
0.14999999999999999,0,-1.8500000000000001,0.035158882554797939,5.0948445235425406e-05,-0.00047018363561391067,1.2631118169373818e-06,0.00052517925068751531,1.8434433699438866,0.33496792199438574
0.155,0,-1.845,0.033237281514278592,2.387977640056353e-05,-0.00049480927141157304,2.6699108564693618e-06,0.00053309051045420663,1.7963495212100602,0.32145616441024655
0.16,0,-1.8400000000000001,0.033237281514278592,-3.0704989950400587e-05,-0.00052794437401076162,2.6218365159725523e-06,0.00053893390320112718,1.7963495212100602,0.32145616441024655
0.16500000000000001,0,-1.835,0.033237281514278592,-7.440772716020879e-05,-0.00055308685673280899,2.5673804567383908e-06,0.0005446909850385167,1.7963495212100602,0.32145616441024655
0.17000000000000001,0,-1.8300000000000001,0.033237281514278592,-0.00010681812260126838,-0.00056998940443744254,2.5063136137836658e-06,0.00055036225591683068,1.7963495212100602,0.32145616441024655
0.17499999999999999,0,-1.825,0.033237281514278592,-0.00012750507225471472,-0.00057839215582259251,2.4383922530793483e-06,0.00055594821810628164,1.7963495212100602,0.32145616441024655
0.17999999999999999,0,-1.8200000000000001,0.033237281514278592,-0.00013601534685187233,-0.00057802189853800817,2.3633568551374158e-06,0.00056144937631668495,1.7963495212100602,0.32145616441024655
0.185,0,-1.8149999999999999,0.033187776943988098,-0.00012959128942497818,-0.00057198964712113333,2.0286727611169354e-06,0.00056716935714466743,1.7918844778888972,0.32105834572398578
0.19,0,-1.8100000000000001,0.033187776943988098,-0.00010778235116742254,-0.00056076928754475929,2.015549637883161e-06,0.00057215365775891661,1.7918844778888972,0.32105834572398578
0.19500000000000001,0,-1.8049999999999999,0.033187776943988098,-7.3256029771743235e-05,-0.00054132068085580107,2.0017599645907433e-06,0.00057705706080880056,1.7918844778888972,0.32105834572398578
0.20000000000000001,0,-1.8,0.033187776943988098,-2.6482962890897693e-05,-0.0005138935597556757,1.9873508419352007e-06,0.00058187992543103355,1.7918844778888972,0.32105834572398578
0.20499999999999999,0,-1.7949999999999999,0.033187776943988098,3.208918936196957e-05,-0.00047872547399420933,1.9723663953735514e-06,0.00058662261157448601,1.7918844778888972,0.32105834572398578
0.20999999999999999,0,-1.79,0.031498224166793154,4.6751853562365089e-05,-0.00046639820433006901,7.1648898117398638e-07,0.0005899378323948422,1.7490514572158733,0.30815630300823371
0.215,0,-1.7849999999999999,0.031498224166793154,3.2372535407004262e-05,-0.00047122813221174369,6.3008220523847307e-07,0.00059228114445140315,1.7490514572158733,0.30815630300823371
0.22,0,-1.78,0.031498224166793154,2.219421409076448e-05,-0.00047554151649257967,5.4499953518946018e-07,0.00059456832790456176,1.7490514572158733,0.30815630300823371
0.22500000000000001,0,-1.7749999999999999,0.031498224166793154,1.618543747060596e-05,-0.0004793418861900765,4.6122661527449263e-07,0.00059679969612123906,1.7490514572158733,0.30815630300823371
0.23000000000000001,0,-1.77,0.031498224166793154,1.431506705336537e-05,-0.00048263273510336618,3.7874926271690804e-07,0.0005989755619419646,1.7490514572158733,0.30815630300823371
0.23499999999999999,0,-1.7650000000000001,0.031498224166793154,1.6552274095761638e-05,-0.0004854175222511253,2.9755346501811167e-07,0.00060109623768623221,1.7490514572158733,0.30815630300823371
0.23999999999999999,0,-1.76,0.031498224166793154,2.2866535762453371e-05,-0.00048769967230296717,2.1762537731482643e-07,0.00060316203515777054,1.7490514572158733,0.30815630300823371
0.245,0,-1.7549999999999999,0.029857140691963723,2.6310424330007432e-05,-0.00049015417131031839,1.261369830257163e-07,0.00060470905953147235,1.7037171653647394,0.29486061469364289
0.25,0,-1.75,0.029857140691963723,7.2880582266635373e-06,-0.00049470634651476906,5.6888247207800081e-08,0.00060446497658408658,1.7037171653647394,0.29486061469364289
0.255,0,-1.7450000000000001,0.029857140691963723,-8.3049602820507871e-06,-0.00049885702110078292,-1.116893459544973e-08,0.00060419255610410269,1.7037171653647394,0.29486061469364289
0.26000000000000001,0,-1.74,0.029857140691963723,-2.0493556449384151e-05,-0.00050260907159472982,-7.8048839954960044e-08,0.00060389199330834666,1.7037171653647394,0.29486061469364289
0.26500000000000001,0,-1.7349999999999999,0.029857140691963723,-2.9302414603692488e-05,-0.00050596534671567964,-1.4376556904809031e-07,0.00060356348292606068,1.7037171653647394,0.29486061469364289
0.27000000000000002,0,-1.73,0.029857140691963723,-3.4755981052370826e-05,-0.00050892866771057213,-2.0833304733951415e-07,0.00060320721920440541,1.7037171653647394,0.29486061469364289
0.27500000000000002,0,-1.7250000000000001,0.029857140691963723,-3.6878466943882305e-05,-0.00051150182868454918,-2.7176502821557525e-07,0.00060282339591388723,1.7037171653647394,0.29486061469364289
0.28000000000000003,0,-1.72,0.029857140691963723,-3.5693851088588215e-05,-0.0005136875969265301,-3.3407509557474482e-07,0.00060241220635370461,1.7037171653647394,0.29486061469364289
0.28499999999999998,0,-1.7150000000000001,0.029857140691963723,-3.1225882739072939e-05,-0.0005154887132301153,-3.9527666636906253e-07,0.00060197384335701986,1.7037171653647394,0.29486061469364289
0.28999999999999998,0,-1.71,0.029857140691963723,-2.3498084330636967e-05,-0.00051690789220989,-4.55382993107407e-07,0.00060150849929615472,1.7037171653647394,0.29486061469364289
0.29499999999999998,0,-1.7050000000000001,0.029857140691963723,-1.2533754182626069e-05,-0.00051794782261320828,-5.1440716631092743e-07,0.00060101636608771354,1.7037171653647394,0.29486061469364289
0.29999999999999999,0,-1.7,0.028163257735169679,4.3169933117714031e-05,-0.00056078767492804312,-1.5196129882219573e-06,0.00059918245680465462,1.6582101670990115,0.28044990456211111
0.30499999999999999,0,-1.6950000000000001,0.028163257735169679,9.1310584404872034e-05,-0.00059770324302513397,-1.4573884985463043e-06,0.00059725413323446401,1.6582101670990115,0.28044990456211111
0.31,0,-1.6899999999999999,0.028163257735169679,0.00012727000712501517,-0.00062439274342476628,-1.3904444027923197e-06,0.00059531837683406065,1.6582101670990115,0.28044990456211111
0.315,0,-1.6850000000000001,0.028163257735169679,0.00015052608016802538,-0.00064050798994147549,-1.3185644480002473e-06,0.00059337534613102124,1.6582101670990115,0.28044990456211111
0.32000000000000001,0,-1.6799999999999999,0.028163257735169679,0.00016052628742357393,-0.00064568052714224547,-1.2415166411817193e-06,0.00059142520137516602,1.6582101670990115,0.28044990456211111
0.32500000000000001,0,-1.675,0.028163257735169679,0.00015668547333007077,-0.00063952013360909598,-1.1590518675850616e-06,0.00058946810460732855,1.6582101670990115,0.28044990456211111
0.33000000000000002,0,-1.6699999999999999,0.028110904761721619,0.00013698872471812679,-0.00062537798926044861,-1.2541108133459877e-06,0.00058713861828003824,1.652656878570687,0.27998029323001533
0.33500000000000002,0,-1.665,0.028110904761721619,0.00010255501824510227,-0.00060490062170610859,-1.2632336466156802e-06,0.00058475543770328123,1.652656878570687,0.27998029323001533
0.34000000000000002,0,-1.6599999999999999,0.028110904761721619,5.6405181836170605e-05,-0.00057368949612222149,-1.2658282942231101e-06,0.00058236898223176651,1.652656878570687,0.27998029323001533
0.34499999999999997,0,-1.655,0.028110904761721619,-9.5979660393521603e-07,-0.00053209568866344334,-1.2623650319657112e-06,0.00057997922441774296,1.652656878570687,0.27998029323001533
0.34999999999999998,0,-1.6499999999999999,0.026457572602098054,-2.089341007239617e-05,-0.00052311043157614008,6.1321161285620475e-08,0.0005767086245142798,1.6065149210863339,0.2653313158536062
0.35499999999999998,0,-1.645,0.026457572602098054,-2.7000895037499925e-05,-0.00052375940286659018,1.4267514962806189e-07,0.00057325311189970274,1.6065149210863339,0.2653313158536062
0.35999999999999999,0,-1.6400000000000001,0.026457572602098054,-3.0154852424201303e-05,-0.00052416776137728205,2.2349994536166684e-07,0.00056980574883766218,1.6065149210863339,0.2653313158536062
0.36499999999999999,0,-1.635,0.026457572602098054,-3.0336491752062267e-05,-0.00052433402491161725,3.0379553700814593e-07,0.00056636656274965526,1.6065149210863339,0.2653313158536062
0.37,0,-1.6299999999999999,0.026457572602098054,-2.7526862849558937e-05,-0.0005242566986798095,3.8356191065000744e-07,0.00056293558101498133,1.6065149210863339,0.2653313158536062
0.375,0,-1.625,0.026457572602098054,-2.170685415405361e-05,-0.00052393427516482126,4.627990499223691e-07,0.00055951283097053269,1.6065149210863339,0.2653313158536062
0.38,0,-1.6200000000000001,0.026457572602098054,-1.2857190990001142e-05,-0.00052336523398658393,5.4150693600256755e-07,0.00055609833991058448,1.6065149210863339,0.2653313158536062
0.38500000000000001,0,-1.615,0.026457572602098054,-9.5843382506616576e-07,-0.00052254804176447649,6.1968554760353983e-07,0.00055269213508658008,1.6065149210863339,0.2653313158536062
0.39000000000000001,0,-1.6099999999999999,0.026457572602098054,1.4009023496178901e-05,-0.00052148115197803505,6.9733486096217354e-07,0.00054929424370691714,1.6065149210863339,0.2653313158536062
0.39500000000000002,0,-1.605,0.026457572602098054,3.2064955541316059e-05,-0.00052016300482586814,7.7445484983315184e-07,0.00054590469293672747,1.6065149210863339,0.2653313158536062
0.40000000000000002,0,-1.6000000000000001,0.024789137023164372,3.2039556988698527e-05,-0.00052330816274342529,1.5404726370950876e-06,0.0005423014931766354,1.5572103888789985,0.25006355741731534
0.40500000000000003,0,-1.595,0.024789137023164372,-2.0637041892309926e-05,-0.00053669639844683707,1.5382279440343848e-06,0.00053810509206590577,1.5572103888789985,0.25006355741731534
0.40999999999999998,0,-1.5900000000000001,0.024789137023164372,-6.351290352225907e-05,-0.00054526691797637458,1.5332034968612286e-06,0.00053392945734572937,1.5572103888789985,0.25006355741731534
0.41499999999999998,0,-1.585,0.024789137023164372,-9.6305110415402184e-05,-0.00054890297142622764,1.5253471916013252e-06,0.0005297745990234824,1.5572103888789985,0.25006355741731534
0.41999999999999998,0,-1.5800000000000001,0.024757736090947568,-0.00011806642104320658,-0.00054804097919847303,1.1006355261891056e-06,0.00052659015245854412,1.5533776250590305,0.24974856169595028
0.42499999999999999,0,-1.575,0.024757736090947568,-0.00012635641156255508,-0.00054424970317317888,1.0937548125029038e-06,0.00052229337184055364,1.5533776250590305,0.24974856169595028
0.42999999999999999,0,-1.5700000000000001,0.024757736090947568,-0.00012351325134947314,-0.00053563979746768745,1.0870403681348816e-06,0.00051801942342074052,1.5533776250590305,0.24974856169595028
0.435,0,-1.5649999999999999,0.024757736090947568,-0.00010985048638262682,-0.00052232849407280357,1.0804840229689739e-06,0.00051376825166547986,1.5533776250590305,0.24974856169595028
0.44,0,-1.5600000000000001,0.024757736090947568,-8.5670004320064148e-05,-0.0005044286681848819,1.0740780109383641e-06,0.00050953980086150725,1.5533776250590305,0.24974856169595028
0.44500000000000001,0,-1.5549999999999999,0.024757736090947568,-5.1262571360013052e-05,-0.00048204903883407671,1.0678149473946061e-06,0.00050533401512403437,1.5533776250590305,0.24974856169595028
0.45000000000000001,0,-1.55,0.024757736090947568,-6.9083397057673567e-06,-0.00045529435852716317,1.061687807931764e-06,0.00050115083840446761,1.5533776250590305,0.24974856169595028
0.45500000000000002,0,-1.5449999999999999,0.024757736090947568,4.7122672504511755e-05,-0.00042426559260031691,1.0556899085642846e-06,0.00049699021449774422,1.5533776250590305,0.24974856169595028
0.46000000000000002,0,-1.54,0.023215761569363207,1.4594394727752765e-05,-0.00042136217221508539,3.7568646367115712e-07,0.00049244908317430235,1.5057581094894754,0.23524757013098743
0.46500000000000002,0,-1.5349999999999999,0.023215761569363207,-1.6146916301725255e-05,-0.00041839566384129032,3.2064951306051133e-07,0.00048788581256957361,1.5057581094894754,0.23524757013098743
0.46999999999999997,0,-1.53,0.023215761569363207,-3.7938041102915412e-05,-0.00041299818283846022,2.6678190534572993e-07,0.00048334938462803347,1.5057581094894754,0.23524757013098743
0.47499999999999998,0,-1.5249999999999999,0.023215761569363207,-5.0941228017480005e-05,-0.00040521058612639279,2.1405943820747495e-07,0.00047883974987354558,1.5057581094894754,0.23524757013098743
0.47999999999999998,0,-1.52,0.023215761569363207,-5.53148224552334e-05,-0.00039507274729034175,1.6245861480127894e-07,0.00047435685811213132,1.5057581094894754,0.23524757013098743
0.48499999999999999,0,-1.5150000000000001,0.023215761569363207,-5.121338354936619e-05,-0.00038262358597192323,1.1195661784500749e-07,0.00046990065845000929,1.5057581094894754,0.23524757013098743
0.48999999999999999,0,-1.51,0.023215761569363207,-3.8787796652456879e-05,-0.00036790109621212715,6.2531284797254982e-08,0.00046547109931101624,1.5057581094894754,0.23524757013098743
0.495,0,-1.5049999999999999,0.023215761569363207,-1.8185381845269701e-05,-0.00035094237378976219,1.4161084081270127e-08,0.00046106812845343276,1.5057581094894754,0.23524757013098743
0.5,0,-1.5,0.021806768266919463,1.5064469911040726e-05,-0.00034565849681450391,-1.0773001761219328e-06,0.00045664695021180448,1.4622229381343974,0.22175514086262382
0.505,0,-1.4950000000000001,0.021806768266919463,6.7055818748669164e-05,-0.00039623356233157493,-9.895626638959959e-07,0.00045207233387359493,1.4622229381343974,0.22175514086262382
0.51000000000000001,0,-1.49,0.021806768266919463,0.00010816307366769257,-0.00043231834927135257,-8.9588196768736659e-07,0.00044752963329301254,1.4622229381343974,0.22175514086262382
0.51500000000000001,0,-1.4849999999999999,0.021806768266919463,0.00013782859547000043,-0.00045339519856174495,-7.9591077073527317e-07,0.0004430188079906008,1.4622229381343974,0.22175514086262382
0.52000000000000002,0,-1.48,0.021806768266919463,0.0001554558646103128,-0.00045891035624309501,-6.8927159004573859e-07,0.00043853981772828498,1.4622229381343974,0.22175514086262382
0.52500000000000002,0,-1.4750000000000001,0.021806768266919463,0.00016040603251023141,-0.00044827077185246033,-5.7555358830263813e-07,0.000434092622334123,1.4622229381343974,0.22175514086262382
0.53000000000000003,0,-1.47,0.021744951299438074,0.00014806896561525646,-0.00043970758484326638,-5.8010904559294662e-07,0.00042944704129750443,1.4565483473546703,0.22115188599824934
0.53500000000000003,0,-1.4649999999999999,0.021744951299438074,0.00012255182686018488,-0.00042022058806235859,-6.1908898731702855e-07,0.00042476575235343077,1.4565483473546703,0.22115188599824934
0.54000000000000004,0,-1.46,0.021744951299438074,8.5582703369106361e-05,-0.00038573202393368702,-6.4966810797099805e-07,0.00042011839354902375,1.4565483473546703,0.22115188599824934
0.54500000000000004,0,-1.4550000000000001,0.021744951299438074,3.7735732777646691e-05,-0.00033678446105828321,-6.725243438878518e-07,0.00041550475795495956,1.4565483473546703,0.22115188599824934
0.55000000000000004,0,-1.45,0.020345798961609974,-1.9020926558047095e-05,-0.00029864088398205035,6.2702618005097146e-07,0.00041091273276752834,1.4127489374610909,0.20753251670614595
0.55500000000000005,0,-1.4449999999999998,0.020345798961609974,-6.8637621667948538e-05,-0.00032403146923786619,5.6592311784999635e-07,0.00040635336263810881,1.4127489374610909,0.20753251670614595
0.56000000000000005,0,-1.4399999999999999,0.020345798961609974,-0.00010733578282864241,-0.00034293830970318989,5.0307170183557221e-07,0.00040182893215477916,1.4127489374610909,0.20753251670614595
0.56499999999999995,0,-1.4350000000000001,0.020345798961609974,-0.00013475937040846933,-0.00035519436282248844,4.3841011655781489e-07,0.00039733934283175438,1.4127489374610909,0.20753251670614595
0.56999999999999995,0,-1.4300000000000002,0.020345798961609974,-0.00015053667678745558,-0.00036062523473511903,3.7187317752650286e-07,0.00039288449688592821,1.4127489374610909,0.20753251670614595
0.57499999999999996,0,-1.425,0.020345798961609974,-0.00015427945490736065,-0.00035904877139741312,3.0339211130420977e-07,0.00038846429727246911,1.4127489374610909,0.20753251670614595
0.57999999999999996,0,-1.4199999999999999,0.020345798961609974,-0.00014558198800361229,-0.00035027462210773244,2.328943185324274e-07,0.00038407864772227522,1.4127489374610909,0.20753251670614595
0.58499999999999996,0,-1.415,0.020345798961609974,-0.00012402009583489332,-0.00033410377323669146,1.6030311835949815e-07,0.00037972745278139002,1.4127489374610909,0.20753251670614595
0.58999999999999997,0,-1.4100000000000001,0.020345798961609974,-8.9150072294873537e-05,-0.00031032804976238374,8.5537472572802839e-08,0.00037541061785248983,1.4127489374610909,0.20753251670614595
0.59499999999999997,0,-1.405,0.020314964758001708,-4.0322547222774972e-05,-0.00028349245501364605,6.2418668571846391e-07,0.00036990558289528045,1.4083286702071678,0.20722376173096813
0.59999999999999998,0,-1.3999999999999999,0.018928624206902479,1.5589425594719578e-05,-0.00027041967675833886,-6.3025162222471199e-07,0.00036540194654221576,1.3631426317319058,0.193559894591668
0.60499999999999998,0,-1.395,0.018928624206902479,5.9599577560871948e-05,-0.00028362649639102343,-5.9080430440986566e-07,0.00036097393534074247,1.3631426317319058,0.193559894591668
0.60999999999999999,0,-1.3900000000000001,0.018907182583245218,9.2855020488289279e-05,-0.00029648904589074963,-2.4236275994802766e-07,0.00035739399033789926,1.3592333233330007,0.19334090172023125
0.61499999999999999,0,-1.385,0.018907182583245218,0.0001151351179432512,-0.00030673186716925782,-2.6291730102525538e-07,0.00035279428304642627,1.3592333233330007,0.19334090172023125
0.62,0,-1.3799999999999999,0.018907182583245218,0.00012714669182700743,-0.0003126003825645567,-2.8252969814152025e-07,0.00034823364156104055,1.3592333233330007,0.19334090172023125
0.625,0,-1.375,0.018907182583245218,0.00012914153261184242,-0.00031417886403047984,-3.0123555563745612e-07,0.00034371188232264275,1.3592333233330007,0.19334090172023125
0.63,0,-1.3700000000000001,0.018907182583245218,0.00012136327094185319,-0.00031154885216354381,-3.1906897972738442e-07,0.00033922882265099779,1.3592333233330007,0.19334090172023125
0.63500000000000001,0,-1.365,0.018907182583245218,0.00010404770552318661,-0.00030478926595836506,-3.3606265208181713e-07,0.00033478428071123385,1.3592333233330007,0.19334090172023125
0.64000000000000001,0,-1.3599999999999999,0.018907182583245218,7.7423115329415852e-05,-0.00029397650731284982,-3.5224789925691981e-07,0.0003303780754818355,1.3592333233330007,0.19334090172023125
0.64500000000000002,0,-1.355,0.018907182583245218,4.1710556990467717e-05,-0.0002791845605738409,-3.6765475823126248e-07,0.00032601002672405039,1.3592333233330007,0.19334090172023125
0.65000000000000002,0,-1.3500000000000001,0.018907182583245218,-2.8758518209957652e-06,-0.00026048508739566218,-3.8231203830076236e-07,0.00032167995495264019,1.3592333233330007,0.19334090172023125
0.65500000000000003,0,-1.345,0.01757380450092454,-4.3830277920128621e-05,-0.00026984298372435161,2.536147364664318e-07,0.00031749507850483099,1.313462732620716,0.18005366767796688
0.66000000000000003,0,-1.3399999999999999,0.01757380450092454,-7.5553255896230312e-05,-0.00027902889592409334,2.2035125556610077e-07,0.00031335511627524299,1.313462732620716,0.18005366767796688
0.66500000000000004,0,-1.335,0.01757380450092454,-9.8267320457477638e-05,-0.00028498256640353641,1.8667420983330205e-07,0.00030925124094304782,1.313462732620716,0.18005366767796688
0.67000000000000004,0,-1.3300000000000001,0.01757380450092454,-0.0001117703355499862,-0.00028764366844783958,1.5257442053030521e-07,0.00030518330727768485,1.313462732620716,0.18005366767796688
0.67500000000000004,0,-1.325,0.01757380450092454,-0.00011585406981458371,-0.00028695005607889447,1.1804236000561369e-07,0.00030115117013849969,1.313462732620716,0.18005366767796688
0.68000000000000005,0,-1.3199999999999998,0.01757380450092454,-0.00011030396509082374,-0.0002828376949608157,8.3068136518079288e-08,0.00029715468447927832,1.313462732620716,0.18005366767796688
0.68500000000000005,0,-1.3149999999999999,0.01757380450092454,-9.489889428975542e-05,-0.00027524059013232848,4.7641478272219379e-08,0.00029319370535297419,1.313462732620716,0.18005366767796688
0.68999999999999995,0,-1.3100000000000001,0.01757380450092454,-6.9410908061446973e-05,-0.00026409071039472978,1.1751716622067333e-08,0.00028926808791663846,1.313462732620716,0.18005366767796688
0.69499999999999995,0,-1.3050000000000002,0.01757380450092454,-3.3604969647582129e-05,-0.00024931790917345493,-2.4612231611086043e-08,0.00028537768743656526,1.313462732620716,0.18005366767796688
0.69999999999999996,0,-1.3,0.016226949544660134,7.9606563426985863e-06,-0.00023751787294986181,-1.9326504454009172e-07,0.00028143916802617189,1.2600157705515473,0.16653385396029147
0.70499999999999996,0,-1.2949999999999999,0.016226949544660134,3.8348159694216055e-05,-0.00023823446894584763,-1.9014952763827842e-07,0.00027735021728614848,1.2600157705515473,0.16653385396029147
0.70999999999999996,0,-1.29,0.016226949544660134,6.2326537385367189e-05,-0.0002375383262861071,-1.8717477777785306e-07,0.0002732992620820116,1.2600157705515473,0.16653385396029147
0.71499999999999997,0,-1.2850000000000001,0.016226949544660134,7.9989645064413312e-05,-0.00023544550560343868,-1.8433596533402609e-07,0.00026928613377334872,1.2600157705515473,0.16653385396029147
0.71999999999999997,0,-1.28,0.016226949544660134,9.1429515028025105e-05,-0.00023197175601900142,-1.816283980264615e-07,0.00026531066358006703,1.2600157705515473,0.16653385396029147
0.72499999999999998,0,-1.2749999999999999,0.016226949544660134,9.6736400285477741e-05,-0.00022713252267042225,-1.7904751680330958e-07,0.00026137268258626356,1.2600157705515473,0.16653385396029147
0.72999999999999998,0,-1.27,0.016226949544660134,9.5998817351137345e-05,-0.00022094295402263854,-1.7658889186548934e-07,0.00025747202174398434,1.2600157705515473,0.16653385396029147
0.73499999999999999,0,-1.2650000000000001,0.016226949544660134,8.930358780784707e-05,-0.00021341790896875647,-1.7424821882972802e-07,0.00025360851187687872,1.2600157705515473,0.16653385396029147
0.73999999999999999,0,-1.26,0.016226949544660134,7.6735878682206195e-05,-0.00020457196372792848,-1.7202131502010253e-07,0.00024978198368375178,1.2600157705515473,0.16653385396029147
0.745,0,-1.2549999999999999,0.016226949544660134,5.8379241671179851e-05,-0.00019441941854698872,-1.6990411588617135e-07,0.00024599226774201682,1.2600157705515473,0.16653385396029147
0.75,0,-1.25,0.016226949544660134,3.4315651257981787e-05,-0.00018297430421232509,-1.6789267154241185e-07,0.00024223919451105244,1.2600157705515473,0.16653385396029147
0.755,0,-1.2450000000000001,0.016226949544660134,4.6255417537485223e-06,-0.0001702503883782298,-1.6598314342386704e-07,0.00023852259433546614,1.2600157705515473,0.16653385396029147
0.76000000000000001,0,-1.24,0.014997657449735833,-4.8017469251705809e-05,-0.00019757864648611777,5.1865541270504444e-07,0.00023505412050686266,1.2142052519981676,0.15409151781186148
0.76500000000000001,0,-1.2349999999999999,0.014997657449735833,-8.9260130752548907e-05,-0.00021726972321059389,4.5909732556903505e-07,0.00023160898644931832,1.2142052519981676,0.15409151781186148
0.77000000000000002,0,-1.23,0.014997657449735833,-0.00011745179917369144,-0.00022701197548520325,3.9828661140077368e-07,0.00022819779741970644,1.2142052519981676,0.15409151781186148
0.77500000000000002,0,-1.2250000000000001,0.014969225153394104,-0.00013134912967847456,-0.00022934258043184939,2.1737646473788419e-07,0.00022499037562220866,1.2100343379034784,0.15379633119552111
0.78000000000000003,0,-1.22,0.014969225153394104,-0.00012959207034113026,-0.00022610576417829857,2.4257352230634138e-07,0.00022147163982145045,1.2100343379034784,0.15379633119552111
0.78500000000000003,0,-1.2149999999999999,0.014969225153394104,-0.00011362210250097233,-0.00021253708099010812,2.6432465098784106e-07,0.00021798814404792399,1.2100343379034784,0.15379633119552111
0.79000000000000004,0,-1.21,0.014969225153394104,-8.399167315031838e-05,-0.00018896903629195668,2.8286068156832588e-07,0.00021453966295246923,1.2100343379034784,0.15379633119552111
0.79500000000000004,0,-1.2050000000000001,0.014969225153394104,-4.122488166896384e-05,-0.00015571706073942094,2.9839702935592816e-07,0.00021112597496051043,1.2100343379034784,0.15379633119552111
0.80000000000000004,0,-1.2,0.013800561253382986,3.2260345610095893e-06,-0.00012409106597851408,-1.2374367713156689e-07,0.00020776104596159872,1.1638334675549309,0.14194680104990615
0.80500000000000005,0,-1.1949999999999998,0.013800561253382986,1.7496211058963827e-05,-0.00012142066383212817,-1.4400623773091364e-07,0.00020448229775929048,1.1638334675549309,0.14194680104990615
0.81000000000000005,0,-1.1899999999999999,0.013800561253382986,2.8145963879471893e-05,-0.00011824518402567963,-1.6406082257464316e-07,0.00020123614855344058,1.1638334675549309,0.14194680104990615
0.81499999999999995,0,-1.1850000000000001,0.013800561253382986,3.5145566068959945e-05,-0.00011456116605634149,-1.8390762105488454e-07,0.00019802244495802676,1.1638334675549309,0.14194680104990615
0.81999999999999995,0,-1.1800000000000002,0.013800561253382986,3.8464964444741818e-05,-0.0001103651114207528,-2.0354682165698009e-07,0.00019484103355765908,1.1638334675549309,0.14194680104990615
0.82499999999999996,0,-1.175,0.013800561253382986,3.8073775107579723e-05,-0.00010565348309230359,-2.2297861196422069e-07,0.00019169176090742091,1.1638334675549309,0.14194680104990615
0.82999999999999996,0,-1.1699999999999999,0.013800561253382986,3.3941278879967384e-05,-0.00010042270498976852,-2.422031786638144e-07,0.00018857447353270635,1.1638334675549309,0.14194680104990615
0.83499999999999996,0,-1.165,0.013800561253382986,2.6036416668699356e-05,-9.4669161437120356e-05,-2.6122070755289147e-07,0.00018548901792905562,1.1638334675549309,0.14194680104990615
0.83999999999999997,0,-1.1600000000000001,0.013800561253382986,1.4327784750252977e-05,-8.8389196614352414e-05,-2.8003138354483096e-07,0.00018243524056198743,1.1638334675549309,0.14194680104990615
0.84499999999999997,0,-1.155,0.013800561253382986,-1.2163700225166823e-06,-8.157911399913534e-05,-2.9863539067603408e-07,0.00017941298786682824,1.1638334675549309,0.14194680104990615
0.84999999999999998,0,-1.1499999999999999,0.013800561253382986,-2.0628155093904519e-05,-7.4235175799130309e-05,-3.17032912113656e-07,0.00017642210624854002,1.1638334675549309,0.14194680104990615
0.85499999999999998,0,-1.145,0.012663139014502214,-1.007516522282794e-05,-8.3286222354504196e-05,-4.6806083735250133e-07,0.00017351212988428674,1.1160102668655105,0.13033385269236181
0.85999999999999999,0,-1.1400000000000001,0.012663139014502214,4.3469398426496744e-05,-0.00011049693831447475,-3.9936574032527305e-07,0.00017070392586157615,1.1160102668655105,0.13033385269236181
0.86499999999999999,0,-1.135,0.012663139014502214,8.4357121451840208e-05,-0.00012588237656546947,-3.2943039982975302e-07,0.00016792644787273867,1.1160102668655105,0.13033385269236181
0.87,0,-1.1299999999999999,0.012632645999718544,0.0001110688168903921,-0.00013673127365261721,-3.2995253565041383e-07,0.00016506140716160902,1.1118042311011078,0.13000862689445628
0.875,0,-1.125,0.012632645999718544,0.00012242751788287481,-0.00014219682646969043,-3.3266377638164107e-07,0.00016220685696120767,1.1118042311011078,0.13000862689445628
0.88,0,-1.1200000000000001,0.012632645999718544,0.00011944392913272256,-0.00013653008873735885,-3.331743328216586e-07,0.00015938333752390566,1.1118042311011078,0.13000862689445628
0.88500000000000001,0,-1.115,0.012632645999718544,0.00010271122974261607,-0.00012012571428825892,-3.3165624774590794e-07,0.00015659065595777751,1.1118042311011078,0.13000862689445628
0.89000000000000001,0,-1.1099999999999999,0.012632645999718544,7.2790261525645269e-05,-9.3356838727871747e-05,-3.2826924108397422e-07,0.00015382862180383263,1.1118042311011078,0.13000862689445628
0.89500000000000002,0,-1.105,0.012632645999718544,3.0211702965070071e-05,-5.6576526053972378e-05,-3.2316171425884476e-07,0.00015109704690906449,1.1118042311011078,0.13000862689445628
0.90000000000000002,0,-1.1000000000000001,0.011587486153188447,-2.5139811628929996e-05,-3.4424107607157052e-05,5.4001139998265814e-07,0.00014842675808334033,1.0681867098601008,0.11932936611673024
0.90500000000000003,0,-1.095,0.011587486153188447,-8.0635558952038723e-05,-8.3671739654629366e-05,4.8092869369418832e-07,0.00014591303391343734,1.0681867098601008,0.11932936611673024
0.91000000000000003,0,-1.0899999999999999,0.011587486153188447,-0.00012507085799861407,-0.00011992112258406399,4.1798600128372771e-07,0.00014342761566474031,1.0681867098601008,0.11932936611673024
0.91500000000000004,0,-1.085,0.011587486153188447,-0.00015790455872848253,-0.00014273630064030684,3.5099269597648058e-07,0.00014097040042450012,1.0681867098601008,0.11932936611673024
0.92000000000000004,0,-1.0800000000000001,0.011587486153188447,-0.00017855959710055664,-0.00015165238658543481,2.7974228465699583e-07,0.00013854128537461462,1.0681867098601008,0.11932936611673024
0.92500000000000004,0,-1.075,0.01154608523383064,-0.00018446563751259637,-0.0001521402807667904,2.5170073882345487e-07,0.00013607204535979984,1.0622671276265474,0.11890374113456641
0.93000000000000005,0,-1.0699999999999998,0.01154608523383064,-0.00017267376240701784,-0.00015255432028452018,2.8468938763605069e-07,0.00013352246685414084,1.0622671276265474,0.11890374113456641
0.93500000000000005,0,-1.0649999999999999,0.01154608523383064,-0.00014854802417782283,-0.00013878993013708232,3.1372739347809357e-07,0.00013100321136652742,1.0622671276265474,0.11890374113456641
0.93999999999999995,0,-1.0600000000000001,0.01154608523383064,-0.00011267834613860673,-0.00011134492970291847,3.3911874348909755e-07,0.00012851405765711848,1.0622671276265474,0.11890374113456641
0.94499999999999995,0,-1.0550000000000002,0.01154608523383064,-6.5617696856238219e-05,-7.0685951614341653e-05,3.6114288130388528e-07,0.0001260547874302471,1.0622671276265474,0.11890374113456641
0.94999999999999996,0,-1.05,0.010493845621456277,-8.0864238750196381e-06,-2.1667646349602059e-05,-5.0140364122227495e-07,0.00012363282173231653,1.0165593082775535,0.10812957183006125
0.95499999999999996,0,-1.0449999999999999,0.010493845621456277,4.5514425006755929e-05,-4.786803320650422e-05,-4.7877813045740388e-07,0.00012140603784731408,1.0165593082775535,0.10812957183006125
0.95999999999999996,0,-1.04,0.010493845621456277,8.9365086974444962e-05,-6.8426588538793545e-05,-4.5497426203420055e-07,0.000119205369667588,1.0165593082775535,0.10812957183006125
0.96499999999999997,0,-1.0350000000000001,0.010493845621456277,0.00012315951966706932,-8.3203469067020966e-05,-4.2997003164432582e-07,0.00011703069188228334,1.0165593082775535,0.10812957183006125
0.96999999999999997,0,-1.03,0.010493845621456277,0.00014657877715338317,-9.2052930489684739e-05,-4.0374211762385474e-07,0.0001148818792332131,1.0165593082775535,0.10812957183006125
0.97499999999999998,0,-1.0249999999999999,0.010493845621456277,0.00015929032261900625,-9.4823013164165067e-05,-3.7626580010084661e-07,0.00011275880652579459,1.0165593082775535,0.10812957183006125
0.97999999999999998,0,-1.02,0.010493845621456277,0.00016094729664858234,-9.1355207480559245e-05,-3.4751487421856718e-07,0.00011066134864052524,1.0165593082775535,0.10812957183006125
0.98499999999999999,0,-1.0150000000000001,0.010493845621456277,0.00015118773771952016,-8.1484097381115847e-05,-3.1746155692928945e-07,0.00010858938054502587,1.0165593082775535,0.10812957183006125
0.98999999999999999,0,-1.01,0.010493845621456277,0.00012963375122601939,-6.5036980341752715e-05,-2.8607638680384512e-07,0.00010654277730668192,1.0165593082775535,0.10812957183006125
0.995,0,-1.0049999999999999,0.010493845621456277,9.5890623024383594e-05,-4.1833461982280831e-05,-2.5332811624712885e-07,0.00010452141410591297,1.0165593082775535,0.10812957183006125
1,0,-1,0.010470139300241488,4.7947056437320421e-05,-1.6306810171049395e-05,-4.6622706871179283e-07,0.00010200196761286109,1.0113070715464412,0.10786259988820344
1.0049999999999999,0,-0.99500000000000011,0.010470139300241488,-1.2407753816889782e-05,1.2663025449296718e-05,-4.712068822154151e-07,9.9900850175659638e-05,1.0113070715464412,0.10786259988820344
1.01,0,-0.98999999999999999,0.0094704628674978572,-4.4410229872607152e-05,1.204120185161029e-05,8.9186048743581588e-08,9.8007596082947486e-05,0.96477838932669746,0.097591642906140252
1.0149999999999999,0,-0.9850000000000001,0.0094704628674978572,-6.8110849295618191e-05,1.2371493627071619e-05,8.7312829708757926e-08,9.6128534333690845e-05,0.96477838932669746,0.097591642906140252
1.02,0,-0.97999999999999998,0.0094704628674978572,-8.436743646561872e-05,1.4794875380646498e-05,8.5507229895388784e-08,9.4272558572800936e-05,0.96477838932669746,0.097591642906140252
1.0249999999999999,0,-0.97500000000000009,0.0094611344340235579,-9.2520374698589798e-05,1.6901144325240245e-05,1.1093288710797324e-08,9.2736433650274965e-05,0.96231070564829202,0.097495538656794223
1.03,0,-0.96999999999999997,0.0094611344340235579,-9.2426252810120046e-05,1.9423255885361328e-05,2.6534830587234235e-08,9.0844498291177186e-05,0.96231070564829202,0.097495538656794223
1.0349999999999999,0,-0.96500000000000008,0.0094611344340235579,-8.4527425398568732e-05,2.4128739251659606e-05,4.1251515466315962e-08,8.8977200726404586e-05,0.96231070564829202,0.097495538656794223
1.04,0,-0.95999999999999996,0.0094611344340235579,-6.8957638603875032e-05,3.0989970983476454e-05,5.5267547070642733e-08,8.7134369871965761e-05,0.96231070564829202,0.097495538656794223
1.0449999999999999,0,-0.95500000000000007,0.0094611344340235579,-4.5847594248841442e-05,3.9979957282746986e-05,6.8606361390289156e-08,8.5315835361813975e-05,0.96231070564829202,0.097495538656794223
1.05,0,-0.94999999999999996,0.0094611344340235579,-1.5325035966456138e-05,5.1072316180768391e-05,8.1290653664827394e-08,8.3521427526247859e-05,0.96231070564829202,0.097495538656794223
1.0549999999999999,0,-0.94500000000000006,0.0085749098346452734,1.4716215227980164e-05,5.983986386779681e-05,1.3485875510105804e-08,8.179406667986032e-05,0.9175635508006047,0.08836339628255202
1.0600000000000001,0,-0.93999999999999995,0.0085749098346452734,2.8313625878949123e-05,6.0365663495801834e-05,2.2201170229061842e-08,8.0175342026757255e-05,0.9175635508006047,0.08836339628255202
1.0649999999999999,0,-0.93500000000000005,0.0085749098346452734,3.8083296320684035e-05,6.1403976967819803e-05,3.0735519771754933e-08,7.8577493354063755e-05,0.9175635508006047,0.08836339628255202
1.0700000000000001,0,-0.92999999999999994,0.0085749098346452734,4.3995446717906408e-05,6.2957688351245782e-05,3.9090305660349919e-08,7.7000384061212874e-05,0.9175635508006047,0.08836339628255202
1.075,0,-0.92500000000000004,0.0085749098346452734,4.6019987172706936e-05,6.5029711989719342e-05,4.7266909216911833e-08,7.5443877634686133e-05,0.9175635508006047,0.08836339628255202
1.0800000000000001,0,-0.91999999999999993,0.0085749098346452734,4.4126513678712756e-05,6.7622992898113822e-05,5.5266711570053529e-08,7.390783764801361e-05,0.9175635508006047,0.08836339628255202
1.085,0,-0.91500000000000004,0.0085749098346452734,3.828430401173621e-05,7.0740507163724649e-05,6.3091093661596417e-08,7.2392127761775803e-05,0.9175635508006047,0.08836339628255202
1.0900000000000001,0,-0.90999999999999992,0.0085749098346452734,2.8462313555741064e-05,7.4385262353774488e-05,7.0741436253575742e-08,7.0896611723604599e-05,0.9175635508006047,0.08836339628255202
1.095,0,-0.90500000000000003,0.0077091526753323364,2.2137061746892919e-06,6.9443120221556891e-05,9.7433091522756623e-08,6.9397014957718508e-05,0.86808154579332852,0.079456327304078353
1.1000000000000001,0,-0.89999999999999991,0.0077091526753323364,-3.9133285267998635e-05,5.1959771289979111e-05,9.8901574360830422e-08,6.7875618521580697e-05,0.86808154579332852,0.079456327304078353
1.105,0,-0.89500000000000002,0.0077091526753323364,-7.0379244944883209e-05,3.8257304184598289e-05,1.0006164675051135e-07,6.6375273843324319e-05,0.86808154579332852,0.079456327304078353
1.1100000000000001,0,-0.8899999999999999,0.0077091526753323364,-9.1758260014824773e-05,2.8258038314113254e-05,1.0093022863182904e-07,6.4895833741935606e-05,0.86808154579332852,0.079456327304078353
1.115,0,-0.88500000000000001,0.0077091526753323364,-0.00010349725023216034,2.1886672440386753e-05,1.0152349765721446e-07,6.3437151456816662e-05,0.86808154579332852,0.079456327304078353
1.1200000000000001,0,-0.87999999999999989,0.0077091526753323364,-0.0001058162401832231,1.9070194304570445e-05,1.0185692399133256e-07,6.1999080629975055e-05,0.86808154579332852,0.079456327304078353
1.125,0,-0.875,0.0077091526753323364,-9.8928619208105308e-05,1.9737794341339739e-05,1.0194530324000417e-07,6.0581475288970475e-05,0.86808154579332852,0.079456327304078353
1.1299999999999999,0,-0.87000000000000011,0.0077091526753323364,-8.3041389652726419e-05,2.3820783267095029e-05,1.018027876214479e-07,5.91841898305795e-05,0.86808154579332852,0.079456327304078353
1.135,0,-0.86499999999999999,0.0077091526753323364,-5.8355404057913477e-05,3.1252513340724371e-05,1.0144291548546398e-07,5.7807079005145414e-05,0.86808154579332852,0.079456327304078353
1.1399999999999999,0,-0.8600000000000001,0.0077091526753323364,-2.5065591856436793e-05,4.1968303107391158e-05,1.0087863927962782e-07,5.6449997901578571e-05,0.86808154579332852,0.079456327304078353
1.145,0,-0.85499999999999998,0.0068793030660085743,1.7875033969399926e-05,5.0410014876702653e-05,-2.7534149178101037e-07,5.5111362477349244e-05,0.82311581906830911,0.07089717939719864
1.1499999999999999,0,-0.85000000000000009,0.0068793030660085743,7.5428296762674042e-05,-7.6225689387511144e-06,-2.4131337278181261e-07,5.3919782885422706e-05,0.82311581906830911,0.07089717939719864
1.155,0,-0.84499999999999997,0.0068793030660085743,0.00012096198053797755,-5.1461478024650056e-05,-2.0509285597254301e-07,5.2745336073213899e-05,0.82311581906830911,0.07089717939719864
1.1599999999999999,0,-0.84000000000000008,0.0068793030660085743,0.00015386578870577665,-8.0591045666286848e-05,-1.6657680679725e-07,5.1587931203364058e-05,0.82311581906830911,0.07089717939719864
1.165,0,-0.83499999999999996,0.0068793030660085743,0.00017348675900196996,-9.4459506490126747e-05,-1.2565291065968089e-07,5.0447477030271445e-05,0.82311581906830911,0.07089717939719864
1.1699999999999999,0,-0.83000000000000007,0.0068470365460259067,0.00017380119659090581,-0.00010982816472000233,-1.3080649333975228e-07,4.9229306803399423e-05,0.81704430864172517,0.070561908436063345
1.175,0,-0.82499999999999996,0.0068470365460259067,0.00016181342163599271,-0.00011100798796196104,-1.5466545089310466e-07,4.8006559256400739e-05,0.81704430864172517,0.070561908436063345
1.1799999999999999,0,-0.82000000000000006,0.0068470365460259067,0.00013841198088033311,-9.7788738328638929e-05,-1.7608867534055311e-07,4.6802975939746996e-05,0.81704430864172517,0.070561908436063345
1.1850000000000001,0,-0.81499999999999995,0.0068470365460259067,0.00010416275241411158,-7.0701628413847895e-05,-1.9526588710837417e-07,4.5618386920114901e-05,0.81704430864172517,0.070561908436063345
1.1899999999999999,0,-0.81000000000000005,0.0068470365460259067,5.959518363691202e-05,-3.0243670508673318e-05,-2.1237099604434371e-07,4.4452623787523907e-05,0.81704430864172517,0.070561908436063345
1.1950000000000001,0,-0.80499999999999994,0.0060232075669444905,6.4116946217929065e-06,-1.0658617433352854e-06,2.3477446415148721e-07,4.3319483749341145e-05,0.76989012565880544,0.062095500495922218
1.2,0,-0.80000000000000004,0.0060232075669444905,-4.1877556131154473e-05,-2.3962033092315033e-05,2.2841246117957517e-07,4.2288262537054981e-05,0.76989012565880544,0.062095500495922218
1.2050000000000001,0,-0.79499999999999993,0.0060232075669444905,-8.1729614596421176e-05,-4.3078721512872489e-05,2.2146014074207421e-07,4.1272880040930226e-05,0.76989012565880544,0.062095500495922218
1.21,0,-0.79000000000000004,0.0060232075669444905,-0.0001129232866300048,-5.8335994103493598e-05,2.1391878754878629e-07,4.0273229239667063e-05,0.76989012565880544,0.062095500495922218
1.2150000000000001,0,-0.78499999999999992,0.0060232075669444905,-0.00013522960008701207,-6.9651107937262143e-05,2.0578952204892301e-07,3.9289202909804555e-05,0.76989012565880544,0.062095500495922218
1.22,0,-0.78000000000000003,0.0060232075669444905,-0.00014841145991164182,-7.6938385453277397e-05,1.9707329241010874e-07,3.8320693626457146e-05,0.76989012565880544,0.062095500495922218
1.2250000000000001,0,-0.77499999999999991,0.0060232075669444905,-0.00015222328470920166,-8.0109083157931064e-05,1.8777086602738257e-07,3.7367593764082508e-05,0.76989012565880544,0.062095500495922218
1.23,0,-0.77000000000000002,0.0060232075669444905,-0.00014641062362973374,-7.9071253213189229e-05,1.7788282053036421e-07,3.6429795497283998e-05,0.76989012565880544,0.062095500495922218
1.2350000000000001,0,-0.7649999999999999,0.0060232075669444905,-0.00013070975230756313,-7.3729597458230525e-05,1.674095342535174e-07,3.5507190801647652e-05,0.76989012565880544,0.062095500495922218
1.24,0,-0.76000000000000001,0.0060232075669444905,-0.0001048472465086892,-6.3985313377405925e-05,1.5635117613223738e-07,3.4599671454616881e-05,0.76989012565880544,0.062095500495922218
1.2450000000000001,0,-0.75499999999999989,0.0060232075669444905,-6.8539532037852579e-05,-4.9735931491329692e-05,1.4470769498418876e-07,3.3707129036405511e-05,0.76989012565880544,0.062095500495922218
1.25,0,-0.75,0.0060232075669444905,-2.1492409348615663e-05,-3.0875143608712268e-05,1.3247880813218968e-07,3.2829454930951851e-05,0.76989012565880544,0.062095500495922218
1.2549999999999999,0,-0.74500000000000011,0.0060232075669444905,3.6599448818017351e-05,-7.2926213339839131e-06,1.1966398932122461e-07,3.1966540326915113e-05,0.76989012565880544,0.062095500495922218
1.26,0,-0.73999999999999999,0.0052460361560637565,5.8247084823196738e-05,-7.9474079289410302e-06,1.6380817161608944e-08,3.1117196083088094e-05,0.71563015644118433,0.054022651881662311
1.2649999999999999,0,-0.7350000000000001,0.0052460361560637565,6.8379688754577328e-05,-1.220092876182539e-05,6.8110144851500436e-09,3.0285156712320477e-05,0.71563015644118433,0.054022651881662311
1.27,0,-0.72999999999999998,0.0052460361560637565,7.3680897276739494e-05,-1.560782970798311e-05,-2.4064797930122397e-09,2.9467382309240937e-05,0.71563015644118433,0.054022651881662311
1.2749999999999999,0,-0.72500000000000009,0.0052460361560637565,7.4198675308495738e-05,-1.8174101743002199e-05,-1.1279514119334096e-08,2.8663746650370204e-05,0.71563015644118433,0.054022651881662311
1.28,0,-0.71999999999999997,0.0052460361560637565,6.9980354292948241e-05,-1.9905656354909201e-05,-1.9815791813712074e-08,2.7874123798088217e-05,0.71563015644118433,0.054022651881662311
1.2849999999999999,0,-0.71500000000000008,0.0052460361560637565,6.1072642620891017e-05,-2.0808326852012193e-05,-2.8022874103912455e-08,2.7098388095824568e-05,0.71563015644118433,0.054022651881662311
1.29,0,-0.70999999999999996,0.0052460361560637565,4.7521635849074078e-05,-2.0887869645006406e-05,-3.5908183087456431e-08,2.6336414163342165e-05,0.71563015644118433,0.054022651881662311
1.2949999999999999,0,-0.70500000000000007,0.0052460361560637565,2.937282671803013e-05,-2.0149965503928953e-05,-4.3479004623277418e-08,2.5588076892113051e-05,0.71563015644118433,0.054022651881662311
1.3,0,-0.69999999999999996,0.0045433456081533947,2.5051912346891237e-05,-1.9401514196848342e-05,-8.2615724265761757e-08,2.4863040112315778e-05,0.66579319621549715,0.046788994589680347
1.3049999999999999,0,-0.69500000000000006,0.0045433456081533947,3.3985583480375392e-05,-1.9061444293618042e-05,-7.8910276257759265e-08,2.4158190884697539e-05,0.66579319621549715,0.046788994589680347
1.3100000000000001,0,-0.68999999999999995,0.0045433456081533947,4.120957189423234e-05,-1.8609276121702225e-05,-7.5297444908959154e-08,2.3465878284584054e-05,0.66579319621549715,0.046788994589680347
1.3149999999999999,0,-0.68500000000000005,0.0045433456081533947,4.673125529681192e-05,-1.8045377764778136e-05,-7.17758734640824e-08,2.2785996340809189e-05,0.66579319621549715,0.046788994589680347
1.3200000000000001,0,-0.67999999999999994,0.0045433456081533947,5.055796901346052e-05,-1.7370115209763646e-05,-6.8344216833406896e-08,2.211843902435741e-05,0.66579319621549715,0.046788994589680347
1.325,0,-0.67500000000000004,0.0045433456081533947,5.2697006290430789e-05,-1.6583852361849074e-05,-6.5001141484037914e-08,2.1463100248798606e-05,0.66579319621549715,0.046788994589680347
1.3300000000000001,0,-0.66999999999999993,0.0045433456081533947,5.3155618596183278e-05,-1.5686951059399378e-05,-6.1745325332226071e-08,2.0819873870718817e-05,0.66579319621549715,0.046788994589680347
1.335,0,-0.66500000000000004,0.0045433456081533947,5.1941015920100981e-05,-1.4679771088729041e-05,-5.8575457636869181e-08,2.0188653690147633e-05,0.66579319621549715,0.046788994589680347
1.3400000000000001,0,-0.65999999999999992,0.0045433456081533947,4.9060367068645141e-05,-1.356267019874975e-05,-5.5490238894135171e-08,1.9569333450981584e-05,0.66579319621549715,0.046788994589680347
1.345,0,-0.65500000000000003,0.0045433456081533947,4.4520799958977824e-05,-1.2336004115493392e-05,-5.2488380733181173e-08,1.896180684140429e-05,0.66579319621549715,0.046788994589680347
1.3500000000000001,0,-0.64999999999999991,0.0045433456081533947,3.8329401910074264e-05,-1.1000126556510341e-05,-4.956860581298376e-08,1.8365967494302536e-05,0.66579319621549715,0.046788994589680347
1.355,0,-0.64500000000000002,0.0045433456081533947,3.0493219931354366e-05,-9.5553892451455854e-06,-4.6729647720225219e-08,1.7781708987679392e-05,0.66579319621549715,0.046788994589680347
1.3600000000000001,0,-0.6399999999999999,0.0038835127845549761,2.8874759127769036e-05,-4.1988148484063878e-06,1.4272638590571814e-08,1.7230530587492883e-05,0.61535562205788741,0.0399629358988619
1.365,0,-0.63500000000000001,0.0038835127845549761,3.1067137032061262e-05,3.0115800374170553e-06,2.1988512797191119e-08,1.6697541419602944e-05,0.61535562205788741,0.0399629358988619
1.3700000000000001,0,-0.62999999999999989,0.0038835127845549761,3.3613813321009714e-05,1.0229422528328192e-05,2.9460010108015627e-08,1.6174768255138069e-05,0.61535562205788741,0.0399629358988619
1.375,0,-0.625,0.0038835127845549761,3.6514919919358973e-05,1.745471497173232e-05,3.6689946745224016e-08,1.5662121764586559e-05,0.61535562205788741,0.0399629358988619
1.3799999999999999,0,-0.62000000000000011,0.0038835127845549761,3.9770588817362497e-05,2.4687459716098965e-05,4.3681141042663562e-08,1.5159512475507977e-05,0.61535562205788741,0.0399629358988619
1.385,0,-0.61499999999999999,0.0038835127845549761,4.338095207082306e-05,3.1927659110961516e-05,5.0436413447600497e-08,1.4666850772444327e-05,0.61535562205788741,0.0399629358988619
1.3899999999999999,0,-0.6100000000000001,0.0038835127845549761,4.7346141801132885e-05,3.9175315506916854e-05,5.6958586522468928e-08,1.4184046896831215e-05,0.61535562205788741,0.0399629358988619
1.395,0,-0.60499999999999998,0.0038835127845549761,5.1666290195315501e-05,4.6430431255628289e-05,6.3250484946619944e-08,1.3711010946908644e-05,0.61535562205788741,0.0399629358988619
1.3999999999999999,0,-0.60000000000000009,0.0038835127845549761,5.6341529506065135e-05,5.3693008709823609e-05,6.9314935518106626e-08,1.3247652877632133e-05,0.61535562205788741,0.0399629358988619
1.405,0,-0.59499999999999997,0.0032947934901579692,3.4841325693968342e-06,2.089726134258331e-05,2.2640192898626936e-07,1.282565380754061e-05,0.56887281452368876,0.033914411965309171
1.4099999999999999,0,-0.59000000000000008,0.0032947934901579692,-5.532938109614131e-05,-1.4373658270009287e-05,2.1633560430341094e-07,1.2419653554987458e-05,0.56887281452368876,0.033914411965309171
1.415,0,-0.58499999999999996,0.0032947934901579692,-0.00010305112657825561,-4.0117366145264026e-05,2.0568569472859464e-07,1.202203962294655e-05,0.56887281452368876,0.033914411965309171
1.4199999999999999,0,-0.58000000000000007,0.0032761901543748935,-0.00013488080813257457,-6.3161580184203456e-05,1.0429367510288944e-07,1.1743646063292948e-05,0.56297199828051336,0.033677051040430131
1.425,0,-0.57499999999999996,0.0032761901543748935,-0.00015233621248426373,-7.5894032783262598e-05,1.0605518067597947e-07,1.1325468064416421e-05,0.56297199828051336,0.033677051040430131
1.4299999999999999,0,-0.57000000000000006,0.0032761901543748935,-0.00015618843831123808,-7.8212636896756542e-05,1.0725038863662101e-07,1.0916590422304582e-05,0.56297199828051336,0.033677051040430131
1.4350000000000001,0,-0.56499999999999995,0.0032761901543748935,-0.00014699140018913722,-7.0470752000542303e-05,1.0792932088621233e-07,1.0516904679882656e-05,0.56297199828051336,0.033677051040430131
1.4399999999999999,0,-0.56000000000000005,0.0032761901543748935,-0.00012526932571620199,-5.3002810494525489e-05,1.0813826503726747e-07,1.0126303237342348e-05,0.56297199828051336,0.033677051040430131
1.4450000000000001,0,-0.55499999999999994,0.0032761901543748935,-9.1518718057862465e-05,-2.6125568930240055e-05,1.0792007748122805e-07,9.7446793023708308e-06,0.56297199828051336,0.033677051040430131
1.45,0,-0.55000000000000004,0.0032761901543748935,-4.62101648352033e-05,9.8607387255993318e-06,1.0731445838932551e-07,9.3719268429101163e-06,0.56297199828051336,0.033677051040430131
1.4550000000000001,0,-0.54499999999999993,0.0032761901543748935,1.0209992788039829e-05,5.4671336958493909e-05,1.0635820156333892e-07,9.007940542339958e-06,0.56297199828051336,0.033677051040430131
1.46,0,-0.54000000000000004,0.0027370217262786605,3.2592566813304086e-05,6.2645676703679441e-05,-7.4356439394609524e-09,8.6887551025886351e-06,0.51639452096628313,0.028115601936579287
1.4650000000000001,0,-0.53499999999999992,0.0027370217262786605,4.0378640571137182e-05,6.0036792110398262e-05,-1.1382612117134541e-08,8.3819979518598869e-06,0.51639452096628313,0.028115601936579287
1.47,0,-0.53000000000000003,0.0027370217262786605,4.3802345124740843e-05,5.8028395888595378e-05,-1.5219562960439584e-08,8.0820870991749894e-06,0.51639452096628313,0.028115601936579287
1.4750000000000001,0,-0.52499999999999991,0.0027370217262786605,4.2822869198012947e-05,5.662607999769122e-05,-1.8946845063275854e-08,7.7889502727205645e-06,0.51639452096628313,0.028115601936579287
1.48,0,-0.52000000000000002,0.0027370217262786605,3.7398890553366141e-05,5.5835506404191594e-05,-2.2564820263153562e-08,7.5025151581673795e-06,0.51639452096628313,0.028115601936579287
1.4850000000000001,0,-0.5149999999999999,0.0027370217262786605,2.748856796993407e-05,5.5662408180755807e-05,-2.6073863954393105e-08,7.2227093978522274e-06,0.51639452096628313,0.028115601936579287
1.49,0,-0.51000000000000001,0.0027370217262786605,1.3049533070178904e-05,5.611259062603672e-05,-2.9474365409215759e-08,6.949460589944641e-06,0.51639452096628313,0.028115601936579287
1.4950000000000001,0,-0.50499999999999989,0.0027370217262786605,-5.9611180084604959e-06,5.7191932405750511e-05,-3.2766728107002751e-08,6.6826962875977149e-06,0.51639452096628313,0.028115601936579287
1.5,0,-0.5,0.0027370217262786605,-2.9586833100304218e-05,5.8906386715447881e-05,-3.5951370071821248e-08,6.4223439980830601e-06,0.51639452096628313,0.028115601936579287
1.5049999999999999,0,-0.49500000000000011,0.0022524329469187404,-1.4032244627632157e-05,5.0900914225977302e-05,-4.4404527982837228e-08,6.172348747514554e-06,0.46804153332943638,0.023133171441824713
1.51,0,-0.48999999999999999,0.0022524329469187404,1.432006189726761e-05,4.0269436440686749e-05,-4.6073960392234323e-08,5.9302317153859577e-06,0.46804153332943638,0.023133171441824713
1.5149999999999999,0,-0.4850000000000001,0.0022524329469187404,3.4563738884609023e-05,3.2120073886543121e-05,-4.7681377573617925e-08,5.6941067189681411e-06,0.46804153332943638,0.023133171441824713
1.52,0,-0.47999999999999998,0.0022524329469187404,4.6542436775083457e-05,2.6496213814080809e-05,-4.922718431835642e-08,5.4639030284121983e-06,0.46804153332943638,0.023133171441824713
1.5249999999999999,0,-0.47500000000000009,0.0022524329469187404,5.0095761463308403e-05,2.344236585647095e-05,-5.071178488794196e-08,5.2395498798349354e-06,0.46804153332943638,0.023133171441824713
1.53,0,-0.46999999999999997,0.0022524329469187404,4.50591426630341e-05,2.3004198558862547e-05,-5.2135583065973736e-08,5.0209764750423205e-06,0.46804153332943638,0.023133171441824713
1.5349999999999999,0,-0.46500000000000008,0.0022524329469187404,3.1263697097598655e-05,2.5228577343745592e-05,-5.3498982214894769e-08,4.8081119812426062e-06,0.46804153332943638,0.023133171441824713
1.54,0,-0.45999999999999996,0.0022524329469187404,8.5360862767400934e-06,3.0163603978626893e-05,-5.4802385337877449e-08,4.6008855307483639e-06,0.46804153332943638,0.023133171441824713
1.5449999999999999,0,-0.45500000000000007,0.0022524329469187404,-2.3301631391810823e-05,3.7858657615835243e-05,-5.6046195146189698e-08,4.3992262206672019e-06,0.46804153332943638,0.023133171441824713
1.55,0,-0.44999999999999996,0.0022524329469187404,-6.4432154421012607e-05,4.8364437478007569e-05,-5.7230814132482688e-08,4.2030631125804078e-06,0.46804153332943638,0.023133171441824713
1.5549999999999999,0,-0.44500000000000006,0.0017933837933652586,-4.2181671445933923e-05,3.7590766446304275e-05,-6.5700012712139063e-08,4.0205350035970802e-06,0.41763409589655193,0.018404838197495273
1.5600000000000001,0,-0.43999999999999995,0.0017933837933652586,1.0144688546330835e-05,1.8291469145725935e-05,-6.2692750965059058e-08,3.8473553438936648e-06,0.41763409589655193,0.018404838197495273
1.5649999999999999,0,-0.43500000000000005,0.0017933837933652586,5.2065732763021603e-05,4.2812403814991654e-06,-5.9661117595087201e-08,3.6789933076506185e-06,0.41763409589655193,0.018404838197495273
1.5700000000000001,0,-0.42999999999999994,0.0017933837933652586,8.3259910215196926e-05,-4.2985394913497109e-06,-5.6607054599337851e-08,3.5153840998132019e-06,0.41763409589655193,0.018404838197495273
1.575,0,-0.42500000000000004,0.0017846443247541805,0.00010090241994501471,-1.0887204508450613e-05,-4.4172678413440214e-08,3.3719790115364957e-06,0.41407116004958749,0.018267347383062182
1.5800000000000001,0,-0.41999999999999993,0.0017846443247541805,0.00010625252046151748,-1.1819658331034921e-05,-4.1791852722861901e-08,3.2111192087633692e-06,0.41407116004958749,0.018267347383062182
1.585,0,-0.41500000000000004,0.0017846443247541805,9.9734526698181194e-05,-7.1337843303745096e-06,-3.9482268617667471e-08,3.0550435122695744e-06,0.41407116004958749,0.018267347383062182
1.5900000000000001,0,-0.40999999999999992,0.0017846443247541805,8.169990537225978e-05,3.0221627004143722e-06,-3.7243314422703943e-08,2.9036842768436613e-06,0.41407116004958749,0.018267347383062182
1.595,0,-0.40500000000000003,0.0017846443247541805,5.2486377143990312e-05,1.8505722918953791e-05,-3.5074342536011062e-08,2.7569738175696502e-06,0.41407116004958749,0.018267347383062182
1.6000000000000001,0,-0.39999999999999991,0.0017846443247541805,1.241858213013828e-05,3.9179950872611673e-05,-3.2974671622645185e-08,2.6148444089685382e-06,0.41407116004958749,0.018267347383062182
1.605,0,-0.39500000000000002,0.0017846443247541805,-3.8191292876541264e-05,6.4913151081169703e-05,-3.0943588657365187e-08,2.477228284184684e-06,0.41407116004958749,0.018267347383062182
1.6100000000000001,0,-0.3899999999999999,0.0013888615856333956,-3.8268334085560628e-05,7.5484145337887529e-05,-6.0460593054544404e-09,2.3529260918739159e-06,0.36542910078369362,0.014194449984746645
1.615,0,-0.38500000000000001,0.0013888615856333956,-1.3450180555003833e-05,7.722541133436748e-05,-3.5993577600872107e-09,2.2358932339787491e-06,0.36542910078369362,0.014194449984746645
1.6200000000000001,0,-0.37999999999999989,0.0013888615856333956,5.6432421425646527e-06,7.983349785022954e-05,-1.2941861533991276e-09,2.122524243798093e-06,0.36542910078369362,0.014194449984746645
1.625,0,-0.375,0.0013888615856333956,1.9075762307377517e-05,8.3298787693562409e-05,8.7374713132575974e-10,2.0127662426424861e-06,0.36542910078369362,0.014194449984746645
1.6299999999999999,0,-0.37000000000000011,0.0013888615856333956,2.6910262285505894e-05,8.7611806212238542e-05,2.9086515097145625e-09,1.9065661750247042e-06,0.36542910078369362,0.014194449984746645
1.635,0,-0.36499999999999999,0.0013888615856333956,2.9208695928158151e-05,9.2763218663085895e-05,4.8146561520164728e-09,1.8038708115418215e-06,0.36542910078369362,0.014194449984746645
1.6399999999999999,0,-0.3600000000000001,0.0013888615856333956,2.6032105665713329e-05,9.8743827639112842e-05,6.5958118860339384e-09,1.7046267516943386e-06,0.36542910078369362,0.014194449984746645
1.645,0,-0.35499999999999998,0.0013888615856333956,1.744063920636654e-05,0.00010554457055330064,8.256093048925137e-09,1.6087804266439397e-06,0.36542910078369362,0.014194449984746645
1.6499999999999999,0,-0.35000000000000009,0.0013888615856333956,3.4935658689814903e-06,0.00011315651717751078,9.7993992893863567e-09,1.5162781019115155e-06,0.36542910078369362,0.014194449984746645
1.655,0,-0.34499999999999997,0.001055691720949198,-3.5008159130794602e-05,8.576853204352669e-05,5.0943740442764423e-08,1.4337987499832493e-06,0.3199815584493137,0.010788309995541276
1.6599999999999999,0,-0.34000000000000008,0.001055691720949198,-8.4791838383868522e-05,3.6890719155403035e-05,4.6671307812377101e-08,1.3592293823793832e-06,0.3199815584493137,0.010788309995541276
1.665,0,-0.33499999999999996,0.001055691720949198,-0.00012439124130965632,2.5724061348762875e-06,4.2274342222499477e-08,1.2872409705616128e-06,0.3199815584493137,0.010788309995541276
1.6699999999999999,0,-0.33000000000000007,0.001055691720949198,-0.00015326564233629153,-1.6677963980349357e-05,3.7755464536699159e-08,1.2177906996849509e-06,0.3199815584493137,0.010788309995541276
1.675,0,-0.32499999999999996,0.001055691720949198,-0.00017083569118107539,-2.0315617714959947e-05,3.3117167854201428e-08,1.1508355086883916e-06,0.3199815584493137,0.010788309995541276
1.6799999999999999,0,-0.32000000000000006,0.0010416843820304706,-0.00017128285377405059,-2.511966134639601e-05,3.0288030386270049e-08,1.0809761708515197e-06,0.31352939352104808,0.010600228077843981
1.6850000000000001,0,-0.31499999999999995,0.0010416843820304706,-0.00015729055774175901,-1.9335832545572728e-05,3.0336218052272783e-08,1.0097479684569139e-06,0.31352939352104808,0.010600228077843981
1.6899999999999999,0,-0.31000000000000005,0.0010416843820304706,-0.00013103966109725721,1.964034915947219e-06,3.0046879523864098e-08,9.4140765631487818e-07,0.31352939352104808,0.010600228077843981
1.6950000000000001,0,-0.30499999999999994,0.0010416843820304706,-9.3145032140876606e-05,3.8200855939858277e-05,2.9468073164235718e-08,8.7589655805090695e-07,0.31352939352104808,0.010600228077843981
1.7,0,-0.30000000000000004,0.0010416843820304706,-4.4180895969805706e-05,8.8833824157745326e-05,2.8643033643306387e-08,8.1315643691265751e-07,0.31352939352104808,0.010600228077843981
1.7050000000000001,0,-0.29499999999999993,0.00075412949136001602,1.1864202905291258e-05,0.00010901894518586431,-1.5785207642247653e-08,7.5836703581396645e-07,0.26888786130967474,0.0076709333153153298
1.71,0,-0.29000000000000004,0.00075412949136001602,5.8351624517840454e-05,7.7429366283818821e-05,-1.5295126809863199e-08,7.1140886637559067e-07,0.26888786130967474,0.0076709333153153298
1.7150000000000001,0,-0.28499999999999992,0.00075412949136001602,9.3569573809988536e-05,5.3334549060230564e-05,-1.4785229177433577e-08,6.6635083711771466e-07,0.26888786130967474,0.0076709333153153298
1.72,0,-0.28000000000000003,0.00075412949136001602,0.0001171124219351283,3.6963247724974138e-05,-1.4257095715034346e-08,6.2315548800911589e-07,0.26888786130967474,0.0076709333153153298
1.7250000000000001,0,-0.27499999999999991,0.00075412949136001602,0.00012855485704413587,2.8555315825084781e-05,-1.371231154913056e-08,5.81785297309523e-07,0.26888786130967474,0.0076709333153153298
1.73,0,-0.27000000000000002,0.00075412949136001602,0.00012745067573599598,2.8362387751379071e-05,-1.3152465988255626e-08,5.4220268215659412e-07,0.26888786130967474,0.0076709333153153298
1.7350000000000001,0,-0.2649999999999999,0.00075412949136001602,0.00011333148435446035,3.6648611083316495e-05,-1.2579152533488318e-08,5.0436999919203508e-07,0.26888786130967474,0.0076709333153153298
1.74,0,-0.26000000000000001,0.00075412949136001602,8.5705302185876928e-05,5.3691434252247535e-05,-1.1993968870847222e-08,4.6824954522994702e-07,0.26888786130967474,0.0076709333153153298
1.7450000000000001,0,-0.25499999999999989,0.00075412949136001602,4.4055057802976263e-05,7.9782454460154787e-05,-1.1398516842293736e-08,4.3380355797063667e-07,0.26888786130967474,0.0076709333153153298
1.75,0,-0.25,0.00074742033746472614,-1.2186770986975714e-05,0.00011434510205304909,-1.2902438946350953e-08,3.9736454762666868e-07,0.26467211257438061,0.007573786035608693
1.7549999999999999,0,-0.24500000000000011,0.00050213194773683699,-1.4096136891410759e-05,0.00011817599824047514,-7.1684188922242611e-09,3.6571703222746588e-07,0.21625572335097659,0.005059081156986292
1.76,0,-0.23999999999999999,0.00050213194773683699,2.0838120199379793e-05,0.00010543503605636563,-6.3832336222064436e-09,3.3737301085186302e-07,0.21625572335097659,0.005059081156986292
1.7649999999999999,0,-0.2350000000000001,0.00050213194773683699,4.7526955742330748e-05,9.4999462455173226e-05,-5.6494178305696795e-09,3.104409764023035e-07,0.21625572335097659,0.005059081156986292
1.77,0,-0.22999999999999998,0.00050213194773683699,6.6112507828230808e-05,8.6835347778154546e-05,-4.9650093354270883e-09,2.8488716337618944e-07,0.21625572335097659,0.005059081156986292
1.7749999999999999,0,-0.22500000000000009,0.00050213194773683699,7.6733664866626e-05,8.0909538051281678e-05,-4.3280903855143021e-09,2.6067772343089929e-07,0.21625572335097659,0.005059081156986292
1.78,0,-0.21999999999999997,0.00050213194773683699,7.9526157929232094e-05,7.7189632943271995e-05,-3.7367860358241445e-09,2.3777872687678126e-07,0.21625572335097659,0.005059081156986292
1.7849999999999999,0,-0.21500000000000008,0.00050213194773683699,7.462264996227857e-05,7.5643964470993298e-05,-3.1892625905276829e-09,2.1615616412101327e-07,0.21625572335097659,0.005059081156986292
1.79,0,-0.20999999999999996,0.00050213194773683699,6.2152821990961907e-05,7.6241576422836604e-05,-2.6837261100482358e-09,1.9577594706417401e-07,0.21625572335097659,0.005059081156986292
1.7949999999999999,0,-0.20500000000000007,0.00050213194773683699,4.2243456433659526e-05,7.8952204471978641e-05,-2.2184209793339874e-09,1.7660391045135e-07,0.21625572335097659,0.005059081156986292
1.8,0,-0.19999999999999996,0.00050213194773683699,1.5018517638323126e-05,8.3746256952696094e-05,-1.7916285345114482e-09,1.5860581317946613e-07,0.21625572335097659,0.005059081156986292
1.8049999999999999,0,-0.19500000000000006,0.00031054015986739801,-8.9625612438445711e-06,8.3022680286097723e-05,1.4647459693443464e-09,1.4332696241444906e-07,0.16960732147530247,0.003108877918128505
1.8100000000000001,0,-0.18999999999999995,0.00031054015986739801,-2.1436297256384878e-05,7.6601964640009493e-05,1.5594749755180648e-09,1.3027876553617285e-07,0.16960732147530247,0.003108877918128505
1.8149999999999999,0,-0.18500000000000005,0.00031054015986739801,-2.8850669372189841e-05,7.0991887411835596e-05,1.6404557321860933e-09,1.1801680614245399e-07,0.16960732147530247,0.003108877918128505
1.8200000000000001,0,-0.17999999999999994,0.00031054015986739801,-3.1152085468669498e-05,6.6199563899678574e-05,1.7081160419344568e-09,1.0651760022074001e-07,0.16960732147530247,0.003108877918128505
1.825,0,-0.17500000000000004,0.00031054015986739801,-2.8286193335091263e-05,6.2232210463141797e-05,1.7628950233415718e-09,9.5757638370010858e-08,0.16960732147530247,0.003108877918128505
1.8300000000000001,0,-0.16999999999999993,0.00031054015986739801,-2.0197867149438958e-05,5.9097146321349527e-05,1.8052433873895411e-09,8.5713385279861633e-08,0.16960732147530247,0.003108877918128505
1.835,0,-0.16500000000000004,0.00031054015986739801,-6.8311936655238544e-06,5.6801795389494984e-05,1.8356237214174271e-09,7.6361279198566437e-08,0.16960732147530247,0.003108877918128505
1.8400000000000001,0,-0.15999999999999992,0.00031054015986739801,1.1870541896924995e-05,5.5353688154876822e-05,1.854510780845445e-09,6.7677731389833993e-08,0.16960732147530247,0.003108877918128505
1.845,0,-0.15500000000000003,0.00031054015986739801,3.5964870266657732e-05,5.4760463593422735e-05,1.8623917889073119e-09,5.9639125577988468e-08,0.16960732147530247,0.003108877918128505
1.8500000000000001,0,-0.14999999999999991,0.0001584678032527199,-5.1540107637992098e-06,4.4488852140525045e-05,2.18827516873199e-09,5.2620641502807413e-08,0.11991091688485599,0.0015771014956269332
1.855,0,-0.14500000000000002,0.0001584678032527199,-4.3059491403406446e-05,3.589533714944124e-05,1.945205127398853e-09,4.6184442691552983e-08,0.11991091688485599,0.0015771014956269332
1.8600000000000001,0,-0.1399999999999999,0.0001584678032527199,-7.3913550503505068e-05,2.9594490666038624e-05,1.7179453399446827e-09,4.0272441954306497e-08,0.11991091688485599,0.0015771014956269332
1.865,0,-0.13500000000000001,0.0001584678032527199,-9.7577241381042356e-05,2.5620561309678386e-05,1.5062605623759627e-09,3.4862878603166226e-08,0.11991091688485599,0.0015771014956269332
1.8700000000000001,0,-0.12999999999999989,0.0001584678032527199,-0.0001139079490019442,2.4008703259430607e-05,1.3098926743211886e-09,2.9934014037448127e-08,0.11991091688485599,0.0015771014956269332
1.875,0,-0.125,0.00015670665592463438,-0.00012118920412164994,2.3471423997883203e-05,1.0136897674167212e-09,2.5780480178679401e-08,0.11571253037854384,0.001523567765846205
1.8799999999999999,0,-0.12000000000000011,0.00015670665592463438,-0.00011990574033157491,2.4532797834263378e-05,9.0204024427846635e-10,2.1412425145091619e-08,0.11571253037854384,0.001523567765846205
1.885,0,-0.11499999999999999,0.00015670665592463438,-0.0001110554569130717,2.7900035400313676e-05,7.9904240391944986e-10,1.7509233875774595e-08,0.11571253037854384,0.001523567765846205
1.8899999999999999,0,-0.1100000000000001,0.00015670665592463438,-9.4785109183403104e-05,3.3537679070327118e-05,7.0431736847397437e-10,1.4046623710956572e-08,0.11571253037854384,0.001523567765846205
1.895,0,-0.10499999999999998,0.00015670665592463438,-7.1237684232635051e-05,4.1411181000485989e-05,6.1749123034671452e-10,1.100029647477576e-08,0.11571253037854384,0.001523567765846205
1.8999999999999999,0,-0.10000000000000009,0.00015670665592463438,-4.0552521097672256e-05,5.1486874114703486e-05,5.3819484711232941e-10,8.3459386477000708e-09,0.11571253037854384,0.001523567765846205
1.905,0,-0.094999999999999973,0.00015670665592463438,-2.8654263664071127e-06,6.3731944193794808e-05,4.6606364600646668e-10,6.0592215326553247e-09,0.11571253037854384,0.001523567765846205
1.9099999999999999,0,-0.09000000000000008,5.635104296535737e-05,3.960248319615097e-05,5.8564076790972842e-05,-3.1690625053703201e-10,4.7704255841749809e-09,0.068207112895117994,0.00052885858984637964
1.915,0,-0.084999999999999964,5.635104296535737e-05,7.2821926596521245e-05,4.8920926519251423e-05,-2.7072990918823547e-10,3.9094239763980845e-09,0.068207112895117994,0.00052885858984637964
1.9199999999999999,0,-0.080000000000000071,5.635104296535737e-05,9.4589136117983921e-05,4.4922381357381147e-05,-2.2910921660867487e-10,3.1570977189691439e-09,0.068207112895117994,0.00052885858984637964
1.925,0,-0.074999999999999956,5.635104296535737e-05,0.00010457381023352787,4.6707840065985869e-05,-1.9183840359615472e-10,2.5061691564216992e-09,0.068207112895117994,0.00052885858984637964
1.9299999999999999,0,-0.070000000000000062,5.5265408323415546e-05,0.00010239653138278306,5.424389844134741e-05,-9.638106854509772e-11,2.0967618974055032e-09,0.065395269959794694,0.00050734629722675394
1.9350000000000001,0,-0.064999999999999947,5.5265408323415546e-05,8.678697152314918e-05,6.2253343011865427e-05,-9.7410655861329458e-11,1.5391525885640308e-09,0.065395269959794694,0.00050734629722675394
1.9399999999999999,0,-0.060000000000000053,5.5265408323415546e-05,5.906746032220575e-05,7.5711568302410252e-05,-9.4396326337910884e-11,1.0826368172275216e-09,0.065395269959794694,0.00050734629722675394
1.9450000000000001,0,-0.054999999999999938,5.5265408323415546e-05,1.9579783136986707e-05,9.4487366730536352e-05,-8.8251737555250137e-11,7.1757188710114107e-10,0.065395269959794694,0.00050734629722675394
1.95,0,-0.050000000000000044,8.3196440627191419e-06,-1.6665003818119388e-05,0.00011291978577610557,-2.4585641105795244e-11,4.4850727505572638e-10,0.017264231643655748,5.3304495457552633e-05
1.9550000000000001,0,-0.044999999999999929,8.3196440627191419e-06,2.2762750667494046e-05,0.00010280539845611587,-1.6650434215018899e-11,3.1427940122080773e-10,0.017264231643655748,5.3304495457552633e-05
1.96,0,-0.040000000000000036,8.3196440627191419e-06,5.3194299322945261e-05,9.5406574177398309e-05,-1.0601000855530147e-11,2.0953192223328286e-10,0.017264231643655748,5.3304495457552633e-05
1.9650000000000001,0,-0.03499999999999992,8.3196440627191419e-06,7.4804646750343911e-05,9.0676711066878376e-05,-6.1782079573924891e-12,1.3067870451744191e-10,0.017264231643655748,5.3304495457552633e-05
1.97,0,-0.030000000000000027,8.3196440627191419e-06,8.7764288016624014e-05,8.8570408109261067e-05,-3.1279407067655907e-12,7.412144786099754e-11,0.017264231643655748,5.3304495457552633e-05
1.9750000000000001,0,-0.024999999999999911,8.3196440627191419e-06,9.2239352976483487e-05,8.9043426714838751e-05,-1.2008911023969652e-12,3.6249868325860434e-11,0.017264231643655748,5.3304495457552633e-05
1.98,0,-0.020000000000000018,8.3196440627191419e-06,8.839174508787836e-05,9.2052653753892363e-05,-1.5235650801588826e-13,1.3441874448583819e-11,0.017264231643655748,5.3304495457552633e-05
1.9850000000000001,0,-0.014999999999999902,8.3196440627191419e-06,7.63792749637356e-05,9.7556065992802002e-05,2.5795232629965554e-13,2.0637370153693011e-12,0.017264231643655748,5.3304495457552633e-05
1.99,0,-0.010000000000000009,8.3196440627191419e-06,5.6355788891280601e-05,0.00010551269587024537,2.6609427000363258e-13,-1.5297473170544557e-12,0.017264231643655748,5.3304495457552633e-05
1.9950000000000001,0,-0.0049999999999998934,8.3196440627191419e-06,2.8471292538824225e-05,0.00011588259855494339,1.040723126913514e-13,-9.9509829645113032e-13,0.017264231643655748,5.3304495457552633e-05
2,0,0,8.3196440627191419e-06,-7.1279299410327404e-06,0.00012862682022930652,0,-0,0.017264231643655748,5.3304495457552633e-05
2.0049999999999999,0,0.0049999999999998934,0,-6.0064254326910537e-05,8.8164114420657768e-05,-0,-0,-0.027835027067086994,0
2.0099999999999998,0,0.0099999999999997868,0,-0.00010055116750920968,5.8962999722545005e-05,-0,-0,-0.027835027067086994,0
2.0150000000000001,0,0.015000000000000124,0,-0.000128063619464857,4.1385638389767357e-05,-0,-0,-0.027835027067086994,0
2.02,0,0.020000000000000018,0,-0.0001420464351269231,3.5814998866699422e-05,-0,-0,-0.027835027067086994,0
2.0249999999999999,0,0.024999999999999911,0,-0.00014191212244518814,4.2656369666142484e-05,-0,-0,-0.027835027067086994,0
2.0299999999999998,0,0.029999999999999805,0,-0.00012703848623421061,6.2339007382446448e-05,-0,-0,-0.027835027067086994,0
2.0350000000000001,0,0.035000000000000142,0,-9.6473548727524691e-05,8.1410970225078889e-05,0,-0,-0.032615022819367359,0
2.04,0,0.040000000000000036,0,-5.2837179715175219e-05,0.00010938084061251705,-0,0,-0.032615022819367359,0
2.0449999999999999,0,0.044999999999999929,0,2.5935698789695794e-06,0.00013607118573273245,-0,0,-0.076329763749668697,0
2.0499999999999998,0,0.049999999999999822,0,5.4075797210832193e-05,0.00010500656965214278,0,0,-0.076329763749668697,0
2.0550000000000002,0,0.05500000000000016,0,9.385900819646843e-05,8.0051406769982548e-05,0,0,-0.076329763749668697,0
2.0600000000000001,0,0.060000000000000053,0,0.00012156300292949733,6.1369390546115617e-05,0,0,-0.076329763749668697,0
2.0649999999999999,0,0.064999999999999947,0,0.00013589323135817542,4.7117880617053246e-05,0,0,-0.080434047784295665,0
2.0699999999999998,0,0.06999999999999984,0,0.00013566017407675953,3.4917694159020742e-05,0,0,-0.080434047784295665,0
2.0750000000000002,0,0.075000000000000178,0,0.00012358216578849175,2.9870011285609973e-05,0,-0,-0.080434047784295665,0
2.0800000000000001,0,0.080000000000000071,0,0.00010003644566570923,3.1793939292106272e-05,0,-0,-0.080434047784295665,0
2.085,0,0.084999999999999964,0,6.5384463315725638e-05,4.0516156577419341e-05,0,-0,-0.080434047784295665,0
2.0899999999999999,0,0.089999999999999858,0,1.9972696327465074e-05,5.5870520630105757e-05,0,-0,-0.080434047784295665,0
2.0950000000000002,0,0.095000000000000195,0,-1.7071457796650831e-05,6.9933474718417417e-05,0,-0,-0.12902712232956079,0
2.1000000000000001,0,0.10000000000000009,0,-1.3022662967585823e-05,6.7765005992888327e-05,0,-0,-0.12902712232956079,0
2.105,0,0.10499999999999998,0,-9.0276923999316948e-06,6.5597090580929803e-05,0,-0,-0.12902712232956079,0
2.1099999999999999,0,0.10999999999999988,0,-5.0865387515160929e-06,6.3429728420010499e-05,0,-0,-0.12902712232956079,0
2.1150000000000002,0,0.11500000000000021,0,-1.1991946815006913e-06,6.1262919447612119e-05,0,-0,-0.12902712232956079,0
2.1200000000000001,0,0.12000000000000011,0,2.6343471496177036e-06,5.9096663601230056e-05,0,-0,-0.12902712232956079,0
2.125,0,0.125,0,6.4140940800095772e-06,5.6930960818372407e-05,0,-0,-0.12902712232956079,0
2.1299999999999999,0,0.12999999999999989,0,1.014005344651158e-05,5.4765811036560632e-05,0,-0,-0.12902712232956079,0
2.1349999999999998,0,0.13499999999999979,0,1.3812232584627196e-05,5.2601214193329353e-05,0,-0,-0.12902712232956079,0
2.1400000000000001,0,0.14000000000000012,0,1.7430638828527371e-05,5.0437170226226207e-05,0,-0,-0.12902712232956079,0
2.145,0,0.14500000000000002,0,2.0995279511049527e-05,4.8273679072812606e-05,0,-0,-0.12902712232956079,0
2.1499999999999999,0,0.14999999999999991,0,-1.2850228652797548e-05,3.1516473913518794e-05,0,0,-0.17761517789000095,0
2.1549999999999998,0,0.1549999999999998,0,-5.4686783996855823e-05,1.2461176607358893e-05,-0,-0,-0.17761517789000095,0
2.1600000000000001,0,0.16000000000000014,0,-8.5692230408720375e-05,-1.3870013905488301e-06,-0,-0,-0.17761517789000095,0
2.165,0,0.16500000000000004,0,-0.00010555416002128519,-9.9015611278448462e-06,-0,-0,-0.17761517789000095,0
2.1699999999999999,0,0.16999999999999993,0,-0.00011394801117519353,-1.2951080789452197e-05,-0,-0,-0.17761517789000095,0
2.1749999999999998,0,0.17499999999999982,0,-0.00011053647158304356,-1.0398973950885952e-05,-0,-0,-0.17761517789000095,0
2.1800000000000002,0,0.18000000000000016,0,-9.4926717652383407e-05,-2.2016324114291206e-06,-0,-0,-0.18156367223278438,0
2.1850000000000001,0,0.18500000000000005,0,-6.6425070671982645e-05,8.8067082000644253e-06,-0,-0,-0.18156367223278438,0
2.1899999999999999,0,0.18999999999999995,0,-2.7099811654861715e-05,2.5117874251504541e-05,-0,-0,-0.18156367223278438,0
2.1949999999999998,0,0.19499999999999984,0,2.2735941871332245e-05,4.6605399690618654e-05,-0,-0,-0.18156367223278438,0
2.2000000000000002,0,0.20000000000000018,0,2.9525539847393099e-05,5.0215378503853409e-05,-0,-0,-0.22975645134114037,0
2.2050000000000001,0,0.20500000000000007,0,3.1386584288959799e-05,5.2392801579260232e-05,-0,-0,-0.22975645134114037,0
2.21,0,0.20999999999999996,0,3.1829441124864823e-05,5.465231440991472e-05,-0,-0,-0.22975645134114037,0
2.2149999999999999,0,0.21499999999999986,0,3.0849689333122758e-05,5.6994115576472685e-05,-0,-0,-0.22975645134114037,0
2.2200000000000002,0,0.2200000000000002,0,2.8442889495451219e-05,5.9418404481157246e-05,-0,-0,-0.22975645134114037,0
2.2250000000000001,0,0.22500000000000009,0,2.4604583701486336e-05,6.1925381352035061e-05,-0,-0,-0.22975645134114037,0
2.23,0,0.22999999999999998,0,1.9330295452396526e-05,6.4515247247321766e-05,-0,-0,-0.22975645134114037,0
2.2349999999999999,0,0.23499999999999988,0,1.261552956389497e-05,6.7188204059711953e-05,-0,-0,-0.22975645134114037,0
2.2400000000000002,0,0.24000000000000021,0,4.4557720686424301e-06,6.9944454520737745e-05,-0,-0,-0.22975645134114037,0
2.2450000000000001,0,0.24500000000000011,0,-5.1535098819582116e-06,7.2784202205153202e-05,-0,-0,-0.22975645134114037,0
2.25,0,0.25,0,1.4174689924059335e-05,6.1701104107228803e-05,0,-0,-0.2776130277227688,0
2.2549999999999999,0,0.25499999999999989,0,6.741917236400298e-05,3.6662458773371901e-05,0,-0,-0.2776130277227688,0
2.2599999999999998,0,0.25999999999999979,0,0.00010582818701144529,1.4612813136051566e-05,0,-0,-0.28223989396899074,0
2.2650000000000001,0,0.26500000000000012,0,0.00013021980599594172,7.7030221229177367e-08,0,-0,-0.28223989396899074,0
2.27,0,0.27000000000000002,0,0.00014136781979065842,-6.3071724441833317e-06,0,-0,-0.28223989396899074,0
2.2749999999999999,0,0.27499999999999991,0,0.00013973626088644258,-4.7793021980785232e-06,0,-0,-0.28223989396899074,0
2.2799999999999998,0,0.2799999999999998,0,0.00012576776044434157,4.4321771197166045e-06,0,-0,-0.28223989396899074,0
2.2850000000000001,0,0.28500000000000014,0,9.988476802546474e-05,2.1109215763549175e-05,0,-0,-0.28223989396899074,0
2.29,0,0.29000000000000004,0,6.2490688841467326e-05,4.5043591238980655e-05,0,-0,-0.28223989396899074,0
2.2949999999999999,0,0.29499999999999993,0,1.3970944960002579e-05,7.6036360700518582e-05,0,-0,-0.28223989396899074,0
2.2999999999999998,0,0.29999999999999982,0,-3.0207400948175943e-05,6.6944081396779251e-05,0,-0,-0.3273430101979603,0
2.3050000000000002,0,0.30500000000000016,0,-6.2785404762751978e-05,5.0375978637277903e-05,0,-0,-0.3273430101979603,0
2.3100000000000001,0,0.31000000000000005,0,-8.5281630786613412e-05,3.7976738252352761e-05,0,-0,-0.3273430101979603,0
2.3149999999999999,0,0.31499999999999995,0,-9.7444788607773495e-05,2.9835245771006097e-05,0,-0,-0.3273430101979603,0
2.3199999999999998,0,0.31999999999999984,0,-9.9015148239814941e-05,2.6043374414361532e-05,0,-0,-0.3273430101979603,0
2.3250000000000002,0,0.32500000000000018,0,-8.9724182822402396e-05,2.6696111582677288e-05,0,-0,-0.3273430101979603,0
2.3300000000000001,0,0.33000000000000007,0,-6.9294193014743908e-05,3.1891691823210132e-05,0,-0,-0.3273430101979603,0
2.335,0,0.33499999999999996,0,-3.7437911978226566e-05,4.173173666967254e-05,0,-0,-0.3273430101979603,0
2.3399999999999999,0,0.33999999999999986,0,6.1419102322350028e-06,5.6321401771180485e-05,-0,-0,-0.3273430101979603,0
2.3450000000000002,0,0.3450000000000002,0,1.8505663721470664e-05,5.9740284605621324e-05,-0,-0,-0.37687165620662649,0
2.3500000000000001,0,0.35000000000000009,0,-3.3144412548280409e-05,3.9995834332394371e-05,-0,-0,-0.37687165620662649,0
2.355,0,0.35499999999999998,0,-7.4427992343693882e-05,2.3811714560132018e-05,-0,-0,-0.3811826222440628,0
2.3599999999999999,0,0.35999999999999988,0,-0.00010326090325968981,9.2478183095861502e-06,-0,-0,-0.3811826222440628,0
2.3650000000000002,0,0.36500000000000021,0,-0.00012144146485796181,-7.3013490712876394e-07,-0,-0,-0.3811826222440628,0
2.3700000000000001,0,0.37000000000000011,0,-0.00012924932542672889,-6.2245431444985747e-06,-0,-0,-0.3811826222440628,0
2.375,0,0.375,0,-0.00012695445013783931,-7.3342554085758141e-06,-0,-0,-0.3811826222440628,0
2.3799999999999999,0,0.37999999999999989,0,-0.00011481753656480352,-4.1547239515226934e-06,-0,-0,-0.3811826222440628,0
2.3849999999999998,0,0.38499999999999979,0,-9.3090408986254468e-05,3.2218512093523818e-06,-0,-0,-0.3811826222440628,0
2.3900000000000001,0,0.39000000000000012,0,-6.2016392727806287e-05,1.4706385088831063e-05,-0,-0,-0.3811826222440628,0
2.395,0,0.39500000000000002,0,-2.1830669711446496e-05,3.0212777418785283e-05,-0,-0,-0.3811826222440628,0
2.3999999999999999,0,0.39999999999999991,0,2.6969268160555283e-05,2.3029022483940402e-05,-0,-0,-0.42917057238970369,0
2.4049999999999998,0,0.4049999999999998,0,6.9386361436534486e-05,3.717118675882508e-06,-0,-0,-0.42917057238970369,0
2.4100000000000001,0,0.41000000000000014,0,0.00010176402345054807,-1.0726054681536248e-05,-0,-0,-0.42917057238970369,0
2.415,0,0.41500000000000004,0,0.00012381511605689602,-2.0183413023213801e-05,-0,-0,-0.42917057238970369,0
2.4199999999999999,0,0.41999999999999993,0,0.00013524145283658935,-2.4533367394598675e-05,-0,-0,-0.42917057238970369,0
2.4249999999999998,0,0.42499999999999982,0,0.00013573326255308861,-2.3649605702212104e-05,0,-0,-0.42917057238970369,0
2.4300000000000002,0,0.43000000000000016,0,0.00012496862103353849,-1.7400861091223014e-05,0,-0,-0.42917057238970369,0
2.4350000000000001,0,0.43500000000000005,0,0.00010250192507030028,-5.816461940383211e-06,-0,-0,-0.43341991305125926,0
2.4399999999999999,0,0.43999999999999995,0,6.6422169207252209e-05,7.4159904828588268e-06,-0,-0,-0.43341991305125926,0
2.4449999999999998,0,0.44499999999999984,0,2.0007204651141892e-05,2.5646723242608592e-05,-0,-0,-0.43341991305125926,0
2.4500000000000002,0,0.45000000000000018,0,-3.6444497147113853e-05,4.8759600480197479e-05,-0,-0,-0.43341991305125926,0
2.4550000000000001,0,0.45500000000000007,0,-1.7279227252690087e-05,3.865558812183971e-05,0,-0,-0.48274303727205509,0
2.46,0,0.45999999999999996,0,2.616553191866919e-05,1.8153090299463088e-05,0,-0,-0.48274303727205509,0
2.4649999999999999,0,0.46499999999999986,0,5.7073182204481531e-05,3.6369192002567484e-06,0,-0,-0.48274303727205509,0
2.4700000000000002,0,0.4700000000000002,0,7.5795876865553341e-05,-5.0414486760718569e-06,0,-0,-0.48274303727205509,0
2.4750000000000001,0,0.47500000000000009,0,8.2672697034491457e-05,-8.0250239232541216e-06,0,-0,-0.48274303727205509,0
2.48,0,0.47999999999999998,0,7.8030252694666702e-05,-5.4515576792153318e-06,0,-0,-0.48274303727205509,0
2.4849999999999999,0,0.48499999999999988,0,6.2183250805899687e-05,2.546218778378066e-06,0,-0,-0.48274303727205509,0
2.4900000000000002,0,0.49000000000000021,0,3.543503265326858e-05,1.5840367416098703e-05,0,-0,-0.48274303727205509,0
2.4950000000000001,0,0.49500000000000011,0,-1.9219176532199894e-06,3.4307528995278729e-05,0,-0,-0.48274303727205509,0
2.5,0,0.5,0,-3.7156491054647284e-05,4.0997874679627847e-05,0,-0,-0.52908050552208652,0
2.5049999999999999,0,0.50499999999999989,0,-5.747246923424679e-05,3.1606921199367955e-05,0,-0,-0.52908050552208652,0
2.5099999999999998,0,0.50999999999999979,0,-7.220951299800051e-05,2.3372592795764176e-05,0,-0,-0.52908050552208652,0
2.5150000000000001,0,0.51500000000000012,0,-8.1294047719382412e-05,1.6307514549331709e-05,0,-0,-0.52908050552208652,0
2.52,0,0.52000000000000002,0,-8.4651198734909537e-05,1.0424534630842507e-05,0,-0,-0.52908050552208652,0
2.5249999999999999,0,0.52499999999999991,0,-8.2204762502769069e-05,5.7367292505889569e-06,0,-0,-0.52908050552208652,0
2.5299999999999998,0,0.5299999999999998,0,-7.3877176990197642e-05,2.2574077400004662e-06,0,-0,-0.52908050552208652,0
2.5350000000000001,0,0.53500000000000014,0,-5.9589491265457129e-05,1.1776975111132048e-10,0,-0,-0.52908050552208652,0
2.54,0,0.54000000000000004,0,-3.9261334269371191e-05,-1.0213492913404692e-06,0,-0,-0.52908050552208652,0
2.5449999999999999,0,0.54499999999999993,0,-1.2810882740461327e-05,-7.9295287217031631e-07,0,-0,-0.52908050552208652,0
2.5499999999999998,0,0.54999999999999982,0,1.1838177984480553e-05,7.4962870918622808e-07,0,-0,-0.58336044610696081,0
2.5550000000000002,0,0.55500000000000016,0,2.8022901292544602e-05,2.892959005684447e-06,0,-0,-0.58336044610696081,0
2.5600000000000001,0,0.56000000000000005,0,4.1191994643417758e-05,5.3539140187306544e-06,0,-0,-0.58336044610696081,0
2.5649999999999999,0,0.56499999999999995,0,5.1367077141809092e-05,8.1307544356018154e-06,0,-0,-0.58336044610696081,0
2.5699999999999998,0,0.56999999999999984,0,5.8569561801736995e-05,1.1221757470566435e-05,0,-0,-0.58336044610696081,0
2.5750000000000002,0,0.57500000000000018,0,6.2820657996461637e-05,1.4625216668424797e-05,0,-0,-0.58336044610696081,0
2.5800000000000001,0,0.58000000000000007,0,6.4141373873548733e-05,1.8339441710843447e-05,0,-0,-0.58336044610696081,0
2.585,0,0.58499999999999996,0,6.2552518735648451e-05,2.2362758225442353e-05,0,-0,-0.58336044610696081,0
2.5899999999999999,0,0.58999999999999986,0,5.8074705387548529e-05,2.6693507597583185e-05,0,-0,-0.58336044610696081,0
2.5950000000000002,0,0.5950000000000002,0,5.0728352450063641e-05,3.1330046784818905e-05,0,-0,-0.58336044610696081,0
2.6000000000000001,0,0.60000000000000009,0,4.0533686641307092e-05,3.6270748133957071e-05,0,-0,-0.58336044610696081,0
2.605,0,0.60499999999999998,0,2.7510745025871179e-05,4.1513999200699917e-05,0,-0,-0.58336044610696081,0
2.6099999999999999,0,0.60999999999999988,0,-1.8002224058527945e-05,-1.0617259448711696e-06,0,-0,-0.63015562019319193,0
2.6150000000000002,0,0.61500000000000021,0,-5.4364039783918838e-05,-3.5750500940996287e-05,0,-0,-0.63015562019319193,0
2.6200000000000001,0,0.62000000000000011,0,-7.7369949885188136e-05,-5.6727057353307969e-05,0,-0,-0.63015562019319193,0
2.625,0,0.625,0,-8.6356342880018823e-05,-6.3399747345602823e-05,-0,-0,-0.63015562019319193,0
2.6299999999999999,0,0.62999999999999989,0,-8.0614755515477529e-05,-5.513694143197963e-05,-0,-0,-0.63015562019319193,0
2.6349999999999998,0,0.63499999999999979,0,-6.0271125768813955e-05,-3.7692253519200896e-05,-0,-0,-0.63433012270393851,0
2.6400000000000001,0,0.64000000000000012,0,-2.5815043162985944e-05,-7.9361289697980301e-06,-0,-0,-0.63433012270393851,0
2.645,0,0.64500000000000002,0,2.2251714094863293e-05,3.5924340702096828e-05,-0,-0,-0.63433012270393851,0
2.6499999999999999,0,0.64999999999999991,0,2.6329396441554746e-05,4.5511965456776711e-05,-0,-0,-0.68195249424421212,0
2.6549999999999998,0,0.6549999999999998,0,1.5027884957023772e-05,4.1229782538003893e-05,-0,-0,-0.68195249424421212,0
2.6600000000000001,0,0.66000000000000014,0,5.6469183375375788e-06,3.7098337245808871e-05,-0,-0,-0.68195249424421212,0
2.665,0,0.66500000000000004,0,-1.8214857132083671e-06,3.3117085302862601e-05,-0,-0,-0.68195249424421212,0
2.6699999999999999,0,0.66999999999999993,0,-7.3852653292921147e-06,2.9285485442677462e-05,-0,-0,-0.68195249424421212,0
2.6749999999999998,0,0.67499999999999982,0,-1.1052314787550544e-05,2.5602999388815576e-05,-0,-0,-0.68195249424421212,0
2.6800000000000002,0,0.68000000000000016,0,-1.2830484810044941e-05,2.2069091834266975e-05,-0,-0,-0.68195249424421212,0
2.6850000000000001,0,0.68500000000000005,0,-1.272758286402554e-05,1.8683230421000277e-05,-0,-0,-0.68195249424421212,0
2.6899999999999999,0,0.68999999999999995,0,-1.07513734594217e-05,1.54448857196788e-05,-0,-0,-0.68195249424421212,0
2.6949999999999998,0,0.69499999999999984,0,-6.9095784438786244e-06,1.2353531209547204e-05,-0,-0,-0.68195249424421212,0
2.7000000000000002,0,0.70000000000000018,0,-1.2098772953661236e-06,9.4086432584816746e-06,-0,-0,-0.68195249424421212,0
2.7050000000000001,0,0.70500000000000007,0,4.2635528356473011e-06,7.4633245496100138e-06,-0,-0,-0.7328170971273279,0
2.71,0,0.70999999999999996,0,2.7384000587071246e-06,8.6340847485329364e-06,-0,-0,-0.7328170971273279,0
2.7149999999999999,0,0.71499999999999986,0,7.3710063731946206e-07,9.8128133163066385e-06,-0,-0,-0.7328170971273279,0
2.7200000000000002,0,0.7200000000000002,0,-1.7407576652386477e-06,1.0999516837363338e-05,-0,-0,-0.7328170971273279,0
2.7250000000000001,0,0.72500000000000009,0,-4.6955875617414601e-06,1.2194201903712699e-05,-0,-0,-0.7328170971273279,0
2.73,0,0.72999999999999998,0,-8.1278022417032325e-06,1.3396875114953381e-05,-0,-0,-0.7328170971273279,0
2.7349999999999999,0,0.73499999999999988,0,-1.2037815372065945e-05,1.4607543078283552e-05,-0,-0,-0.7328170971273279,0
2.7400000000000002,0,0.74000000000000021,0,-1.6426041097889725e-05,1.5826212408512136e-05,-0,-0,-0.7328170971273279,0
2.7450000000000001,0,0.74500000000000011,0,-2.1292894043042112e-05,1.7052889728069268e-05,-0,-0,-0.7328170971273279,0
2.75,0,0.75,0,-2.6638789310892699e-05,1.8287581667018113e-05,-0,-0,-0.7328170971273279,0
2.7549999999999999,0,0.75499999999999989,0,-1.4041305694765372e-05,1.8646749586981028e-05,-0,-0,-0.78242280400595399,0
2.7599999999999998,0,0.75999999999999979,0,-4.3810217694177852e-06,1.9377374119632383e-05,-0,-0,-0.78242280400595399,0
2.7650000000000001,0,0.76500000000000012,0,1.9531150378535375e-06,2.0501695996112108e-05,-0,-0,-0.78242280400595399,0
2.77,0,0.77000000000000002,0,4.9375511193259334e-06,2.2022206416732015e-05,-0,-0,-0.78242280400595399,0
2.7749999999999999,0,0.77499999999999991,0,4.5485100248370927e-06,2.3941420167818371e-05,-0,-0,-0.78242280400595399,0
2.7799999999999998,0,0.7799999999999998,0,7.6198982011801497e-07,2.626187590130851e-05,-0,-0,-0.78242280400595399,0
2.7850000000000001,0,0.78500000000000014,0,-6.4462395925393904e-06,2.8986136418334989e-05,-0,-0,-0.78242280400595399,0
2.79,0,0.79000000000000004,0,-1.7100639191907359e-05,3.211678895686169e-05,-0,-0,-0.78242280400595399,0
2.7949999999999999,0,0.79499999999999993,0,-3.1225903594390467e-05,3.5656445483443299e-05,-0,-0,-0.78242280400595399,0
2.7999999999999998,0,0.79999999999999982,0,-4.8846963850175508e-05,3.9607742989172677e-05,-0,-0,-0.78242280400595399,0
2.8050000000000002,0,0.80500000000000016,0,-4.4861185902193646e-05,3.663315890329799e-05,0,-0,-0.83250957145401339,0
2.8100000000000001,0,0.81000000000000005,0,7.4570612246832075e-06,2.1026900949310719e-05,0,-0,-0.83250957145401339,0
2.8149999999999999,0,0.81499999999999995,0,4.9673497261680546e-05,1.1002857489792131e-05,0,-0,-0.83250957145401339,0
2.8199999999999998,0,0.81999999999999984,0,8.1483198304718003e-05,6.69770565662182e-06,0,-0,-0.83250957145401339,0
2.8250000000000002,0,0.82500000000000018,0,0.00010256889189692547,8.2536650220598986e-06,0,-0,-0.83250957145401339,0
2.8300000000000001,0,0.83000000000000007,0,0.00011157679866253941,1.4222999994809693e-05,0,-0,-0.8364154228969668,0
2.835,0,0.83499999999999996,0,0.00010710563825703758,2.3221355928567219e-05,0,-0,-0.8364154228969668,0
2.8399999999999999,0,0.83999999999999986,0,9.0922003612155274e-05,3.7649396113838749e-05,0,-0,-0.8364154228969668,0
2.8450000000000002,0,0.8450000000000002,0,6.3371461482688069e-05,5.7372921865265601e-05,0,-0,-0.8364154228969668,0
2.8500000000000001,0,0.85000000000000009,0,2.4786095278745562e-05,8.2262966647135362e-05,0,-0,-0.8364154228969668,0
2.855,0,0.85499999999999998,0,-2.4514843665455774e-05,0.00011219554335231563,0,-0,-0.8364154228969668,0
2.8599999999999999,0,0.85999999999999988,0,-6.9436356801240399e-05,0.00011628647851586994,0,-0,-0.8804369480869404,0
2.8650000000000002,0,0.86500000000000021,0,-9.8086867094282127e-05,0.00010600102557041866,0,-0,-0.8804369480869404,0
2.8700000000000001,0,0.87000000000000011,0,-0.00011536348036613996,0.00010073024864301069,0,-0,-0.8804369480869404,0
2.875,0,0.875,0,-0.00012096767310166075,0.00010058552936091408,0,-0,-0.8804369480869404,0
2.8799999999999999,0,0.87999999999999989,0,-0.00011459037478878417,0.00010568218350962596,-0,-0,-0.8804369480869404,0
2.8849999999999998,0,0.88499999999999979,0,-9.5911497978373744e-05,0.00011613963632621253,-0,-0,-0.8804369480869404,0
2.8900000000000001,0,0.89000000000000012,0,-6.4599442991291296e-05,0.00013208160724953249,-0,-0,-0.8804369480869404,0
2.895,0,0.89500000000000002,0,-3.8925221591301885e-05,0.00014146266307674807,-0,-0,-0.92932942643489203,0
2.8999999999999999,0,0.89999999999999991,0,-5.7057061834702146e-05,0.00013314659136754234,-0,-0,-0.92932942643489203,0
2.9049999999999998,0,0.9049999999999998,0,-7.1457993666053577e-05,0.00012533052531882384,-0,-0,-0.92932942643489203,0
2.9100000000000001,0,0.91000000000000014,0,-8.2159259940345016e-05,0.00011801060613568117,-0,-0,-0.92932942643489203,0
2.915,0,0.91500000000000004,0,-8.9191755749441713e-05,0.00011118301796723228,-0,-0,-0.92932942643489203,0
2.9199999999999999,0,0.91999999999999993,0,-9.258603324733411e-05,0.00010484398731076873,-0,-0,-0.92932942643489203,0
2.9249999999999998,0,0.92499999999999982,0,-9.2372306395258546e-05,9.8989782425800321e-05,-0,-0,-0.92932942643489203,0
2.9300000000000002,0,0.93000000000000016,0,-8.8580455628251893e-05,9.3616712757797763e-05,-0,-0,-0.92932942643489203,0
2.9350000000000001,0,0.93500000000000005,0,-8.1240032444650077e-05,8.8721128371454491e-05,-0,-0,-0.92932942643489203,0
2.9399999999999999,0,0.93999999999999995,0,-7.038026392000617e-05,8.4299419393275724e-05,-0,-0,-0.92932942643489203,0
2.9449999999999998,0,0.94499999999999984,0,-3.7158029097881194e-05,7.0097141216455389e-05,0,-0,-0.97812473594416172,0
2.9500000000000002,0,0.95000000000000018,0,2.7519378193532377e-05,4.0557726407105777e-05,0,-0,-0.97812473594416172,0
2.9550000000000001,0,0.95500000000000007,0,8.2188472547362155e-05,1.788595577019386e-05,0,-0,-0.97812473594416172,0
2.96,0,0.95999999999999996,0,0.0001213247662809789,-3.6136960547583529e-06,0,-0,-0.9845351912786221,0
2.9649999999999999,0,0.96499999999999986,0,0.0001478722302856962,-1.8545324799520093e-05,0,-0,-0.9845351912786221,0
2.9700000000000002,0,0.9700000000000002,0,0.00016267634447227948,-2.6504695538570243e-05,0,-0,-0.9845351912786221,0
2.9750000000000001,0,0.97500000000000009,0,0.00016613459064795727,-2.7674922280937083e-05,0,-0,-0.9845351912786221,0
2.98,0,0.97999999999999998,0,0.00015862677181894668,-2.223096989539494e-05,0,-0,-0.9845351912786221,0
2.9849999999999999,0,0.98499999999999988,0,0.00014051598426361646,-1.0340102192376688e-05,0,-0,-0.9845351912786221,0
2.9900000000000002,0,0.99000000000000021,0,0.0001121495261637144,7.837699237987117e-06,0,-0,-0.9845351912786221,0
2.9950000000000001,0,0.99500000000000011,0,7.3859747572284457e-05,3.2149343228967688e-05,0,-0,-0.9845351912786221,0
3,0,1,0,2.5964846089872478e-05,6.2448262266375171e-05,0,-0,-0.9845351912786221,0
3.0049999999999999,0,1.0049999999999999,0,-3.1230387747685038e-05,9.8594068898384121e-05,0,-0,-0.9845351912786221,0
3.0099999999999998,0,1.0099999999999998,0,-7.5688578248642475e-05,7.0846881604133967e-05,0,-0,-1.0302505268596163,0
3.0150000000000001,0,1.0150000000000001,0,-0.00010638951606644259,4.9042472020225866e-05,0,-0,-1.0302505268596163,0
3.02,0,1.02,0,-0.00012357846762035398,3.8318136181980062e-05,0,-0,-1.0302505268596163,0
3.0249999999999999,0,1.0249999999999999,0,-0.00012670018110159308,3.9065365028939204e-05,0,-0,-1.0302505268596163,0
3.0299999999999998,0,1.0299999999999998,0,-0.00011516842475398855,5.1697491877108661e-05,-0,-0,-1.0302505268596163,0
3.0350000000000001,0,1.0350000000000001,0,-8.8363795673252661e-05,7.6651237322516384e-05,-0,-0,-1.0302505268596163,0
3.04,0,1.04,0,-4.5631339958239128e-05,0.00011438838715083485,-0,-0,-1.0302505268596163,0
3.0449999999999999,0,1.0449999999999999,0,9.662113298209871e-06,0.0001588725889286443,0,-0,-1.0824838038608944,0
3.0499999999999998,0,1.0499999999999998,0,-5.2220443467156753e-05,0.00011906578980553178,0,-0,-1.0824838038608944,0
3.0550000000000002,0,1.0550000000000002,0,-0.00010079753999209214,8.6877654189458859e-05,0,-0,-1.0824838038608944,0
3.0600000000000001,0,1.0600000000000001,0,-0.00013651527073354678,6.2084228868406402e-05,0,-0,-1.0824838038608944,0
3.0649999999999999,0,1.0649999999999999,0,-0.00015980004619607277,4.4471446263119531e-05,0,-0,-1.0824838038608944,0
3.0699999999999998,0,1.0699999999999998,0,-0.00017105966678619195,3.3834585118789414e-05,-0,-0,-1.0824838038608944,0
3.0750000000000002,0,1.0750000000000002,0,-0.00017068432712484432,2.9977766121891514e-05,-0,-0,-1.0824838038608944,0
3.0800000000000001,0,1.0800000000000001,0,-0.00015904755601584803,3.2713479831695383e-05,-0,-0,-1.0824838038608944,0
3.085,0,1.085,0,-0.00013650709682899297,4.1862144536576826e-05,-0,-0,-1.0824838038608944,0
3.0899999999999999,0,1.0899999999999999,0,-0.00010340573265839113,5.7251691845159983e-05,-0,-0,-1.0824838038608944,0
3.0950000000000002,0,1.0950000000000002,0,-6.0072060255764113e-05,7.8717178003573672e-05,-0,-0,-1.0824838038608944,0
3.1000000000000001,0,1.1000000000000001,0,-6.2930079458999912e-06,9.2510499183321056e-05,-0,-0,-1.1294888573104938,0
3.105,0,1.105,0,4.9785232007752703e-05,3.4744020096929198e-05,-0,-0,-1.1294888573104938,0
3.1099999999999999,0,1.1099999999999999,0,9.6724824423613488e-05,-9.6933529143388965e-06,-0,-0,-1.1294888573104938,0
3.1150000000000002,0,1.1150000000000002,0,0.00013404808064983038,-4.035826529029705e-05,-0,-0,-1.1294888573104938,0
3.1200000000000001,0,1.1200000000000001,0,0.00016124403691481349,-5.6776420046229949e-05,0,-0,-1.1294888573104938,0
3.125,0,1.125,0,0.00017776550542377995,-5.8439835614723602e-05,0,-0,-1.1294888573104938,0
3.1299999999999999,0,1.1299999999999999,0,0.00017845972552943805,-5.6127355713242295e-05,-0,-0,-1.1366537471053006,0
3.1349999999999998,0,1.1349999999999998,0,0.000162330662190445,-5.0428446471128622e-05,-0,-0,-1.1366537471053006,0
3.1400000000000001,0,1.1400000000000001,0,0.00013470903244782538,-2.9550658270942218e-05,-0,-0,-1.1366537471053006,0
3.145,0,1.145,0,9.6176471516026373e-05,5.9951788500947118e-06,-0,-0,-1.1366537471053006,0
3.1499999999999999,0,1.1499999999999999,0,4.7276083453693432e-05,5.5732042658263756e-05,-0,-0,-1.1366537471053006,0
3.1549999999999998,0,1.1549999999999998,0,-1.1484420147408305e-05,0.00011921396479670002,-0,-0,-1.1366537471053006,0
3.1600000000000001,0,1.1600000000000001,0,-4.7808825199091107e-05,0.00011699193268298316,-0,-0,-1.1823712697695816,0
3.165,0,1.165,0,-7.2868651291259253e-05,0.00010962423440659385,-0,-0,-1.1823712697695816,0
3.1699999999999999,0,1.1699999999999999,0,-8.9118920258986144e-05,0.00010540481032337,-0,-0,-1.1823712697695816,0
3.1749999999999998,0,1.1749999999999998,0,-9.6373683550251592e-05,0.00010439428447679983,-0,-0,-1.1823712697695816,0
3.1800000000000002,0,1.1800000000000002,0,-9.4441720022847361e-05,0.00010665499897732889,0,-0,-1.1823712697695816,0
3.1850000000000001,0,1.1850000000000001,0,-8.3126347728662545e-05,0.00011225107533202922,0,-0,-1.1823712697695816,0
3.1899999999999999,0,1.1899999999999999,0,-6.2225227577504538e-05,0.00012124847842030483,0,-0,-1.1823712697695816,0
3.1949999999999998,0,1.1949999999999998,0,-3.153015846875381e-05,0.0001337150832497829,0,-0,-1.1823712697695816,0
3.2000000000000002,0,1.2000000000000002,0,9.1731365448869798e-06,0.00014972074463437857,0,-0,-1.1823712697695816,0
3.2050000000000001,0,1.2050000000000001,0,-2.7260308263471251e-05,0.00011375997438580596,0,-0,-1.2289192563949931,0
3.21,0,1.21,0,-7.6362900860056947e-05,7.433676223513314e-05,0,-0,-1.2289192563949931,0
3.2149999999999999,0,1.2149999999999999,0,-0.00011281092187207964,4.8597413383936581e-05,0,-0,-1.2289192563949931,0
3.2200000000000002,0,1.2200000000000002,0,-0.00013431780109845874,2.6630236886048328e-05,-0,-0,-1.2335182558557127,0
3.2250000000000001,0,1.2250000000000001,0,-0.00014010785210953917,1.037740545429137e-05,-0,-0,-1.2335182558557127,0
3.23,0,1.23,0,-0.00013208361559183306,9.0933203766895086e-06,-0,-0,-1.2335182558557127,0
3.2349999999999999,0,1.2349999999999999,0,-0.00011090041210166818,2.2194836762246486e-05,-0,-0,-1.2335182558557127,0
3.2400000000000002,0,1.2400000000000002,0,-7.7172732195831051e-05,4.9135139846389931e-05,-0,-0,-1.2335182558557127,0
3.2450000000000001,0,1.2450000000000001,0,-3.1477367571656032e-05,8.9400958933830187e-05,-0,-0,-1.2335182558557127,0
3.25,0,1.25,0,1.5501158282336771e-05,0.00010624676081987722,0,-0,-1.2792392661825909,0
3.2549999999999999,0,1.2549999999999999,0,4.8688569074988107e-05,9.0526233732553854e-05,0,-0,-1.2792392661825909,0
3.2599999999999998,0,1.2599999999999998,0,7.3632048627061419e-05,7.7744879667022526e-05,0,-0,-1.2792392661825909,0
3.2650000000000001,0,1.2650000000000001,0,9.0158158259576803e-05,6.7953620491740824e-05,0,-0,-1.2792392661825909,0
3.27,0,1.27,0,9.8088558556027141e-05,6.120481663393954e-05,0,-0,-1.2792392661825909,0
3.2749999999999999,0,1.2749999999999999,0,9.7239835034916696e-05,5.7552318251560007e-05,0,-0,-1.2792392661825909,0
3.2799999999999998,0,1.2799999999999998,0,8.7423316327620341e-05,5.705151860517779e-05,0,-0,-1.2792392661825909,0
3.2850000000000001,0,1.2850000000000001,0,6.8444884482958971e-05,5.9759409741041364e-05,0,-0,-1.2792392661825909,0
3.29,0,1.29,0,4.0104776997850772e-05,6.5734640602832964e-05,0,-0,-1.2792392661825909,0
3.2949999999999999,0,1.2949999999999999,0,2.1973801498979966e-06,7.5037577696650438e-05,0,-0,-1.2792392661825909,0
3.2999999999999998,0,1.2999999999999998,0,-3.6094492922084609e-05,8.4800218742214285e-05,0,-0,-1.3296135597617247,0
3.3050000000000002,0,1.3050000000000002,0,1.46264273042933e-05,6.7697125165661634e-05,0,-0,-1.3296135597617247,0
3.3100000000000001,0,1.3100000000000001,0,5.5550268173461568e-05,5.5025828426294526e-05,0,-0,-1.3296135597617247,0
3.3149999999999999,0,1.3149999999999999,0,8.6418512442354743e-05,4.6878810032284617e-05,0,-0,-1.3296135597617247,0
3.3199999999999998,0,1.3199999999999998,0,0.00010696346495179453,4.335183478129365e-05,0,-0,-1.3296135597617247,0
3.3250000000000002,0,1.3250000000000002,0,0.00011690784168455343,4.4544097770026415e-05,0,-0,-1.3296135597617247,0
3.3300000000000001,0,1.3300000000000001,0,0.00011413445040794338,4.5531641159022828e-05,0,-0,-1.3333237899998653,0
3.335,0,1.335,0,0.00010044357159889583,5.0542910386500938e-05,0,-0,-1.3333237899998653,0
3.3399999999999999,0,1.3399999999999999,0,7.6319406005161212e-05,6.0010253775325586e-05,0,-0,-1.3333237899998653,0
3.3450000000000002,0,1.3450000000000002,0,4.203305397782069e-05,7.383565583791612e-05,0,-0,-1.3333237899998653,0
3.3500000000000001,0,1.3500000000000001,0,-3.1827672682019531e-06,8.8182839721420183e-05,0,-0,-1.3802241298174243,0
3.355,0,1.355,0,-6.0085906027467513e-05,6.2051306701669046e-05,0,-0,-1.3802241298174243,0
3.3599999999999999,0,1.3599999999999999,0,-0.00010660256865601592,4.262213740773787e-05,0,-0,-1.3802241298174243,0
3.3650000000000002,0,1.3650000000000002,0,-0.0001423775416047311,3.006481658433458e-05,0,-0,-1.3802241298174243,0
3.3700000000000001,0,1.3700000000000001,0,-0.00016484587817311281,2.0900057057405072e-05,0,-0,-1.3855565650521595,0
3.375,0,1.375,0,-0.00017273827163813123,1.4785948057985485e-05,0,-0,-1.3855565650521595,0
3.3799999999999999,0,1.3799999999999999,0,-0.00016856828099569385,1.5680584111965907e-05,0,0,-1.3855565650521595,0
3.3849999999999998,0,1.3849999999999998,0,-0.00015273324201154175,2.3405735911939308e-05,0,0,-1.3855565650521595,0
3.3900000000000001,0,1.3900000000000001,0,-0.00012561322322529229,3.7790913891305354e-05,0,0,-1.3855565650521595,0
3.395,0,1.395,0,-8.7571953858558497e-05,5.8672952305977656e-05,0,0,-1.3855565650521595,0
3.3999999999999999,0,1.3999999999999999,0,-3.8957692522474221e-05,8.5895619851705435e-05,0,0,-1.3855565650521595,0
3.4049999999999998,0,1.4049999999999998,0,1.9733886379394971e-05,0.00011823219460126246,-0,0,-1.4297578903879495,0
3.4100000000000001,0,1.4100000000000001,0,6.6578017348507029e-05,8.8361380276403523e-05,-0,0,-1.4297578903879495,0
3.415,0,1.415,0,0.00010067793021554433,6.7275274366497073e-05,-0,0,-1.4297578903879495,0
3.4199999999999999,0,1.4199999999999999,0,0.00012156100242605595,5.5245373873519455e-05,-0,0,-1.4297578903879495,0
3.4249999999999998,0,1.4249999999999998,0,0.00012873088109067516,5.2556810267068884e-05,-0,-0,-1.4297578903879495,0
3.4300000000000002,0,1.4300000000000002,0,0.00012166597468391447,5.9509216091611214e-05,-0,-0,-1.4297578903879495,0
3.4350000000000001,0,1.4350000000000001,0,9.9817828220490518e-05,7.6417658522697347e-05,-0,-0,-1.4297578903879495,0
3.4399999999999999,0,1.4399999999999999,0,6.283554185069256e-05,9.7788482426107586e-05,-0,-0,-1.4337037528829764,0
3.4449999999999998,0,1.4449999999999998,0,1.4635725279550589e-05,0.00012108060046476175,-0,-0,-1.4791997881182353,0
3.4500000000000002,0,1.4500000000000002,0,-8.1103719189963042e-06,0.00011385311799461538,-0,-0,-1.4791997881182353,0
3.4550000000000001,0,1.4550000000000001,0,-2.5866048871727407e-05,0.00010741905972756381,-0,-0,-1.4791997881182353,0
3.46,0,1.46,0,-3.8574420360956954e-05,0.00010178613088753829,-0,-0,-1.4791997881182353,0
3.4649999999999999,0,1.4649999999999999,0,-4.6177733089738072e-05,9.6962154112893709e-05,-0,-0,-1.4791997881182353,0
3.4700000000000002,0,1.4700000000000002,0,-4.8617349059598309e-05,9.2955071704670542e-05,-0,-0,-1.4791997881182353,0
3.4750000000000001,0,1.4750000000000001,0,-4.5587202650533028e-05,8.8638051511790561e-05,-0,0,-1.4806437197214302,0
3.48,0,1.48,0,-3.7235490679775462e-05,8.439898675481165e-05,-0,0,-1.4806437197214302,0
3.4849999999999999,0,1.4849999999999999,0,-2.3829957764107876e-05,8.1115156925208381e-05,-0,0,-1.4806437197214302,0
3.4900000000000002,0,1.4900000000000002,0,-5.4280387427456479e-06,7.8777483870511538e-05,-0,0,-1.4806437197214302,0
3.4950000000000001,0,1.4950000000000001,0,1.7913697630119301e-05,7.7377026575227968e-05,-0,0,-1.4806437197214302,0
3.5,0,1.5,0,2.4298952378853268e-05,7.2434271933385699e-05,0,0,-1.5317953012735785,0
3.5049999999999999,0,1.5049999999999999,0,-1.8529068740073019e-05,5.8423840006544425e-05,0,0,-1.5317953012735785,0
3.5099999999999998,0,1.5099999999999998,0,-5.0868708632266427e-05,4.815810547750906e-05,0,0,-1.5317953012735785,0
3.5150000000000001,0,1.5150000000000001,0,-7.2959940789369711e-05,4.1560757871915637e-05,0,0,-1.5317953012735785,0
3.52,0,1.52,0,-8.503547519488255e-05,3.8557796075151434e-05,0,0,-1.5317953012735785,0
3.5249999999999999,0,1.5249999999999999,0,-8.7321031074644173e-05,3.9077441614089656e-05,0,0,-1.5317953012735785,0
3.5299999999999998,0,1.5299999999999998,0,-8.0035597448515738e-05,4.305005581730886e-05,0,0,-1.5317953012735785,0
3.5350000000000001,0,1.5350000000000001,0,-6.3391682115104638e-05,5.0408060652910729e-05,0,0,-1.5317953012735785,0
3.54,0,1.54,0,-3.7595549664218684e-05,6.1085863054859461e-05,0,0,-1.5317953012735785,0
3.5449999999999999,0,1.5449999999999999,0,-2.8474490770284629e-06,7.5019782559806027e-05,0,0,-1.5317953012735785,0
3.5499999999999998,0,1.5499999999999998,0,4.6077137467428485e-05,5.9316749083610624e-05,0,0,-1.577079745529238,0
3.5550000000000002,0,1.5550000000000002,0,9.0389765000556152e-05,3.1180349999999736e-05,0,0,-1.577079745529238,0
3.5600000000000001,0,1.5600000000000001,0,0.00012312167604026794,9.8925694290407507e-06,0,0,-1.577079745529238,0
3.5649999999999999,0,1.5649999999999999,0,0.00014388584031023815,-4.3633393733972625e-06,0,-0,-1.577079745529238,0
3.5699999999999998,0,1.5699999999999998,0,0.00015227772863501257,-1.1395832417493261e-05,0,-0,-1.577079745529238,0
3.5750000000000002,0,1.5750000000000002,0,0.00014787431266422989,-1.1004601063539427e-05,0,-0,-1.577079745529238,0
3.5800000000000001,0,1.5800000000000001,0,0.00013023299518977638,-2.9800652219590069e-06,0,-0,-1.577079745529238,0
3.585,0,1.585,0,9.8831496684512342e-05,1.2545540691318052e-05,0,0,-1.5819593044178684,0
3.5899999999999999,0,1.5899999999999999,0,5.3851025973461124e-05,3.0526691731263963e-05,0,0,-1.5819593044178684,0
3.5950000000000002,0,1.5950000000000002,0,-2.3844945396066945e-07,5.3560565504352549e-05,-0,0,-1.6299914252086143,0
3.6000000000000001,0,1.6000000000000001,0,-2.8662893360800979e-05,5.0113065038063822e-05,-0,0,-1.6299914252086143,0
3.605,0,1.605,0,-5.1581147246138533e-05,4.7856132930369285e-05,-0,0,-1.6299914252086143,0
3.6099999999999999,0,1.6099999999999999,0,-6.8917763491610406e-05,4.6803341915358425e-05,-0,0,-1.6299914252086143,0
3.6150000000000002,0,1.6150000000000002,0,-8.0595910242380598e-05,4.6968513544391523e-05,-0,0,-1.6299914252086143,0
3.6200000000000001,0,1.6200000000000001,0,-8.6537339515191435e-05,4.8365723918675427e-05,-0,0,-1.6299914252086143,0
3.625,0,1.625,0,-8.6031060558115465e-05,4.9844670182755041e-05,-0,-0,-1.6322841835117199,0
3.6299999999999999,0,1.6299999999999999,0,-7.9271575254327524e-05,5.162172461277618e-05,-0,0,-1.6322841835117199,0
3.6349999999999998,0,1.6349999999999998,0,-6.6817992549824496e-05,5.4532268803324501e-05,-0,0,-1.6322841835117199,0
3.6400000000000001,0,1.6400000000000001,0,-4.8748021019885595e-05,5.8563355605201022e-05,-0,0,-1.6322841835117199,0
3.645,0,1.645,0,-2.5137963807811118e-05,6.3702272260660002e-05,-0,0,-1.6322841835117199,0
3.6499999999999999,0,1.6499999999999999,0,3.9372497446723572e-06,6.9936535128263061e-05,-0,0,-1.6322841835117199,0
3.6549999999999998,0,1.6549999999999998,0,3.0724217818841149e-06,6.471314298028236e-05,-0,0,-1.6836910590515481,0
3.6600000000000001,0,1.6600000000000001,0,-4.8923727428254486e-05,4.2889815745062654e-05,-0,0,-1.6836910590515481,0
3.665,0,1.665,0,-8.6906100085069922e-05,2.8655566034755677e-05,-0,0,-1.6836910590515481,0
3.6699999999999999,0,1.6699999999999999,0,-0.0001113354330973665,2.1787659617841278e-05,-0,0,-1.6836910590515481,0
3.6749999999999998,0,1.6749999999999998,0,-0.00012265245540817507,2.2073035643164273e-05,-0,0,-1.6836910590515481,0
3.6800000000000002,0,1.6800000000000002,0,-0.00012127896241172624,2.9307787184665199e-05,-0,0,-1.6836910590515481,0
3.6850000000000001,0,1.6850000000000001,0,-0.00010761882187135924,4.3296674903790555e-05,-0,0,-1.6836910590515481,0
3.6899999999999999,0,1.6899999999999999,0,-8.2058916379786024e-05,6.3852671392183343e-05,-0,0,-1.6836910590515481,0
3.6949999999999998,0,1.6949999999999998,0,-4.4970026983498401e-05,9.0796533960117376e-05,0,0,-1.6836910590515481,0
3.7000000000000002,0,1.7000000000000002,0,6.3568248515510063e-06,8.5505681320517299e-05,-0,0,-1.728417831909715,0
3.7050000000000001,0,1.7050000000000001,0,5.8397368744433659e-05,3.3095779585699822e-05,-0,0,-1.728417831909715,0
3.71,0,1.71,0,9.9761434022086238e-05,-6.3683037676792682e-06,-0,0,-1.728417831909715,0
3.7149999999999999,0,1.7149999999999999,0,0.00012991552403959569,-3.2410192350398192e-05,-0,0,-1.728417831909715,0
3.7200000000000002,0,1.7200000000000002,0,0.00014829008812732575,-4.4521317315131042e-05,0,0,-1.728417831909715,0
3.7250000000000001,0,1.7250000000000001,0,0.00015427642355922004,-4.2158151139476977e-05,0,0,-1.728417831909715,0
3.73,0,1.73,0,0.00014493345502737922,-3.2174116266177621e-05,0,0,-1.7345791328502014,0
3.7349999999999999,0,1.7349999999999999,0,0.00011941502027002003,-1.9254338298045832e-05,0,0,-1.7345791328502014,0
3.7400000000000002,0,1.7400000000000002,0,8.231069830974071e-05,7.9730173019717311e-06,0,0,-1.7345791328502014,0
3.7450000000000001,0,1.7450000000000001,0,3.4193133878161787e-05,4.900463343136714e-05,0,0,-1.7345791328502014,0
3.75,0,1.75,0,-2.4402000574284101e-05,0.00010336969450078948,0,0,-1.7345791328502014,0
3.7549999999999999,0,1.7549999999999999,0,-5.4468885824597974e-05,0.00011114354965921993,0,0,-1.7792986034570604,0
3.7599999999999998,0,1.7599999999999998,0,-6.8595808003995786e-05,0.00010207546738503153,0,0,-1.7792986034570604,0
3.7650000000000001,0,1.7650000000000001,0,-7.7269282940269651e-05,9.3871349292714011e-05,0,0,-1.7792986034570604,0
3.77,0,1.77,0,-8.0426339603095935e-05,8.6540257575493007e-05,0,0,-1.7792986034570604,0
3.7749999999999999,0,1.7749999999999999,0,-7.8003032195903514e-05,8.0091394963134724e-05,0,0,-1.7792986034570604,0
3.7799999999999998,0,1.7799999999999998,0,-6.993442122189429e-05,7.4534107451657057e-05,0,0,-1.7792986034570604,0
3.7850000000000001,0,1.7850000000000001,0,-5.6154554107014373e-05,6.9877887096911264e-05,0,0,-1.7792986034570604,0
3.79,0,1.79,0,-3.659644536773616e-05,6.6132374873791971e-05,0,0,-1.7792986034570604,0
3.7949999999999999,0,1.7949999999999999,0,-9.4973132817562758e-06,6.124332399035021e-05,0,0,-1.8311449665699457,0
3.7999999999999998,0,1.7999999999999998,0,1.8300595025345267e-05,5.4192833288451938e-05,0,0,-1.8311449665699457,0
3.8050000000000002,0,1.8050000000000002,0,4.0788742363621845e-05,4.8239453019553975e-05,0,0,-1.8311449665699457,0
3.8100000000000001,0,1.8100000000000001,0,5.8032786935468906e-05,4.3371671986834337e-05,0,0,-1.8311449665699457,0
3.8149999999999999,0,1.8149999999999999,0,7.0097310228585418e-05,3.9578168194017104e-05,0,0,-1.8311449665699457,0
3.8199999999999998,0,1.8199999999999998,0,7.7045838997224741e-05,3.6847804982936105e-05,0,0,-1.8311449665699457,0
3.8250000000000002,0,1.8250000000000002,0,7.8940866707146224e-05,3.5169627265333128e-05,0,0,-1.8311449665699457,0
3.8300000000000001,0,1.8300000000000001,0,7.5843874459458321e-05,3.4532857846223792e-05,0,0,-1.8311449665699457,0
3.835,0,1.835,0,6.7815351408070462e-05,3.4926893836242771e-05,0,0,-1.8311449665699457,0
3.8399999999999999,0,1.8399999999999999,0,5.4914814684991434e-05,3.634130315046908e-05,0,0,-1.8311449665699457,0
3.8450000000000002,0,1.8450000000000002,0,3.7200828847260238e-05,3.8765821091307067e-05,0,0,-1.8311449665699457,0
3.8500000000000001,0,1.8500000000000001,0,1.4731024858863926e-05,4.219034701307765e-05,0,0,-1.8311449665699457,0
3.855,0,1.855,0,-3.8723877595563496e-05,5.5447508121535016e-06,-0,0,-1.8793886715614085,0
3.8599999999999999,0,1.8599999999999999,0,-8.2864823422597005e-05,-2.5194634935292344e-05,-0,0,-1.8793886715614085,0
3.8650000000000002,0,1.8650000000000002,0,-0.00011519498014978304,-4.7034560547243507e-05,-0,0,-1.8793886715614085,0
3.8700000000000001,0,1.8700000000000001,0,-0.00013524763215361327,-5.9681831821396689e-05,-0,0,-1.8793886715614085,0
3.875,0,1.875,0,-0.00014253114667912007,-6.2827601451500109e-05,-0,0,-1.8793886715614085,0
3.8799999999999999,0,1.8799999999999999,0,-0.00013652728849280438,-5.6146310281366966e-05,-0,0,-1.8793886715614085,0
3.8849999999999998,0,1.8849999999999998,0,-0.00011668939586735021,-3.9294541446617021e-05,-0,0,-1.8793886715614085,0
3.8900000000000001,0,1.8900000000000001,0,-8.2133609709049072e-05,-1.2842441350774636e-05,-0,0,-1.884409530384241,0
3.895,0,1.895,0,-3.2299963219405587e-05,1.8202791679039219e-05,-0,0,-1.884409530384241,0
3.8999999999999999,0,1.8999999999999999,0,2.9645847341805301e-05,5.8661249847700369e-05,-0,0,-1.884409530384241,0
3.9049999999999998,0,1.9049999999999998,0,2.9417353972052427e-05,5.5541071928363624e-05,-0,0,-1.9311248675992312,0
3.9100000000000001,0,1.9100000000000001,0,2.7695355905479142e-05,5.1595096269484792e-05,-0,0,-1.9311248675992312,0
3.915,0,1.915,0,2.5637450987798008e-05,4.7645108145155959e-05,-0,0,-1.9311248675992312,0
3.9199999999999999,0,1.9199999999999999,0,2.3243316739239658e-05,4.3691107191632583e-05,-0,0,-1.9311248675992312,0
3.9249999999999998,0,1.9249999999999998,0,2.0512630267093337e-05,3.9733093044685015e-05,-0,0,-1.9311248675992312,0
3.9300000000000002,0,1.9300000000000002,0,1.7445068265045211e-05,3.5771065339597001e-05,-0,0,-1.9311248675992312,0
3.9350000000000001,0,1.9350000000000001,0,1.4040307012517083e-05,3.1805023711166349e-05,-0,0,-1.9311248675992312,0
3.9399999999999999,0,1.9399999999999999,0,1.0298022374000993e-05,2.7834967793701967e-05,-0,0,-1.9311248675992312,0
3.9449999999999998,0,1.9449999999999998,0,6.2178897983953177e-06,2.386089722102458e-05,-0,0,-1.9311248675992312,0
3.9500000000000002,0,1.9500000000000002,0,7.0607683052074324e-06,1.9740747595784551e-05,0,0,-1.9805599381359584,0
3.9550000000000001,0,1.9550000000000001,0,2.5048272998544494e-05,1.5396356839753949e-05,0,0,-1.9805599381359584,0
3.96,0,1.96,0,3.8984912166000866e-05,1.1566719819148937e-05,0,0,-1.9805599381359584,0
3.9649999999999999,0,1.9649999999999999,0,4.8832806860814452e-05,8.2562321696588086e-06,0,0,-1.9805599381359584,0
3.9700000000000002,0,1.9700000000000002,0,5.4553604370861223e-05,5.4693445024636482e-06,0,0,-1.9805599381359584,0
3.9750000000000001,0,1.9750000000000001,0,5.6108470788482111e-05,3.2105632664285832e-06,0,0,-1.9805599381359584,0
3.98,0,1.98,0,5.345808344003967e-05,1.4844516265730123e-06,0,0,-1.9805599381359584,0
3.9849999999999999,0,1.9849999999999999,0,4.6562623172095048e-05,2.9563035917941755e-07,0,0,-1.9805599381359584,0
3.9900000000000002,0,1.9900000000000002,0,3.5381766491034718e-05,-3.51221236093269e-07,0,0,-1.9805599381359584,0
3.9950000000000001,0,1.9950000000000001,0,1.9874677552891034e-05,-4.5136440671187686e-07,0,0,-1.9805599381359584,0
4,0,2,0,0,0,0,0,-1.9822784675149503,0
