distance,x,y,porosity,stokes_velocity_x,stokes_velocity_y,darcy_segregation_flux_x,darcy_segregation_flux_y,stokes_pressure_assembled,darcy_pressure_assembled
0,0,-2,0.036133907284734132,0,0,5.8430551784879454e-05,0,1.8748816011649729,0.33971127088169512
0.0050000000000000001,0,-1.9950000000000001,0.035964381687629055,-1.1658319513919712e-05,-9.923587121046743e-06,5.6926591590697616e-05,1.8496890248703414e-05,1.8551668974801805,0.33808526141255102
0.01,0,-1.99,0.035964381687629055,-2.2894575029639039e-05,-1.9738668968255702e-05,5.5446503742274135e-05,3.6778717760617617e-05,1.8551668974801805,0.33808526141255102
0.014999999999999999,0,-1.9850000000000001,0.035964381687629055,-3.3712635533112429e-05,-2.9443703520560427e-05,5.3989939993184216e-05,5.4846898005624624e-05,1.8551668974801805,0.33808526141255102
0.02,0,-1.98,0.035964381687629055,-4.4116321724243691e-05,-3.9037168222176205e-05,5.2556557806621602e-05,7.2702835472841107e-05,1.8551668974801805,0.33808526141255102
0.025000000000000001,0,-1.9750000000000001,0.035964381687629055,-5.4109406767942408e-05,-4.8517559679802039e-05,5.1146020245191057e-05,9.0347923839009667e-05,1.8551668974801805,0.33808526141255102
0.029999999999999999,0,-1.97,0.035964381687629055,-6.3695617031212765e-05,-5.7883393365464308e-05,4.9757995863149457e-05,0.00010778354613379522,1.8551668974801805,0.33808526141255102
0.035000000000000003,0,-1.9650000000000001,0.035964381687629055,-7.2878632806562104e-05,-6.7133203324866962e-05,4.8392158601032467e-05,0.000125011074902027,1.8551668974801805,0.33808526141255102
0.040000000000000001,0,-1.96,0.035964381687629055,-8.1662089022038783e-05,-7.6265541891138816e-05,4.7048187682607236e-05,0.00014203187236297681,1.8551668974801805,0.33808526141255102
0.044999999999999998,0,-1.9550000000000001,0.035964381687629055,-9.0049575938173121e-05,-8.5278979403854939e-05,4.5725767514094089e-05,0.00015884729056671218,1.8551668974801805,0.33808526141255102
0.050000000000000003,0,-1.95,0.035964381687629055,-9.8044639832115335e-05,-9.4172103933226153e-05,4.4424587585598748e-05,0.00017545867154761076,1.8551668974801805,0.33808526141255102
0.055,0,-1.9450000000000001,0.035964381687629055,-0.00010565078366923182,-0.0001029435210093382,4.3144342374702474e-05,0.00019186734747507237,1.8551668974801805,0.33808526141255102
0.059999999999999998,0,-1.9399999999999999,0.035964381687629055,-0.00011287146776243863,-0.00011159185335634159,4.1884731252154113e-05,0.00020807464080151145,1.8551668974801805,0.33808526141255102
0.065000000000000002,0,-1.9350000000000001,0.035964381687629055,-0.00011971011041952195,-0.00012011574063147616,4.0645458389615512e-05,0.00022408186440766391,1.8551668974801805,0.33808526141255102
0.070000000000000007,0,-1.9299999999999999,0.035964381687629055,-0.00012617008857871022,-0.00012851383916884194,3.9426232669404873e-05,0.00023989032174528822,1.8551668974801805,0.33808526141255102
0.074999999999999997,0,-1.925,0.035964381687629055,-0.00013225473843273615,-0.00013678482172780053,3.8226767596195173e-05,0.00025550130697729145,1.8551668974801805,0.33808526141255102
0.080000000000000002,0,-1.9199999999999999,0.035964381687629055,-0.00013796735604164047,-0.00014492737724592381,3.7046781210613645e-05,0.00027091610511535913,1.8551668974801805,0.33808526141255102
0.085000000000000006,0,-1.915,0.035964381687629055,-0.00014331119793454481,-0.0001529402105963826,3.5885996004700644e-05,0.00028613599215511433,1.8551668974801805,0.33808526141255102
0.089999999999999997,0,-1.9099999999999999,0.035964381687629055,-0.00014828948170063293,-0.00016082204234969311,3.4744138839180324e-05,0.00030116223520888405,1.8551668974801805,0.33808526141255102
0.095000000000000001,0,-1.905,0.035964381687629055,-0.00015290538656955791,-0.0001685716085397186,3.3620940862498913e-05,0.00031599609263609782,1.8551668974801805,0.33808526141255102
0.10000000000000001,0,-1.8999999999999999,0.035964381687629055,-0.00015716205398150196,-0.0001761876604338509,3.251613743158949e-05,0.00033063881417138907,1.8551668974801805,0.33808526141255102
0.105,0,-1.895,0.035964381687629055,-0.00016106258814709752,-0.00018366896430727157,3.1429468034320637e-05,0.00034509164105042651,1.8551668974801805,0.33808526141255102
0.11,0,-1.8899999999999999,0.035964381687629055,-0.00016461005659742503,-0.00019101430122122007,3.0360676213587774e-05,0.00035935580613354246,1.8551668974801805,0.33808526141255102
0.115,0,-1.885,0.035964381687629055,-0.00016780749072428647,-0.00019822246680517762,2.9309509493009427e-05,0.00037343253402718135,1.8551668974801805,0.33808526141255102
0.12,0,-1.8799999999999999,0.035964381687629055,-0.00017065788631095993,-0.00020529227104289268,2.8275719304188122e-05,0.00038732304120323572,1.8551668974801805,0.33808526141255102
0.125,0,-1.875,0.035964381687629055,-0.00017316420405362524,-0.00021222253806216324,2.7259060915501082e-05,0.00040102853611629073,1.8551668974801805,0.33808526141255102
0.13,0,-1.8700000000000001,0.035964381687629055,-0.00017532937007365613,-0.00021901210592830536,2.6259293362381446e-05,0.00041455021931883931,1.8551668974801805,0.33808526141255102
0.13500000000000001,0,-1.865,0.035964381687629055,-0.00017715627642096135,-0.00022565982644122819,2.5276179379056571e-05,0.0004278892835744933,1.8551668974801805,0.33808526141255102
0.14000000000000001,0,-1.8599999999999999,0.035964381687629055,-0.00017864778156855831,-0.00023216456493604254,2.4309485331709483e-05,0.00044104691396923868,1.8551668974801805,0.33808526141255102
0.14499999999999999,0,-1.855,0.035964381687629055,-0.00017980671089855716,-0.00023852520008713554,2.3358981153027404e-05,0.00045402428802077572,1.8551668974801805,0.33808526141255102
0.14999999999999999,0,-1.8500000000000001,0.035964381687629055,-0.00018063585717972836,-0.00024474062371563629,2.2424440278107457e-05,0.00046682257578597818,1.8551668974801805,0.33808526141255102
0.155,0,-1.845,0.035964381687629055,-0.00018113798103682293,-0.00025080974060020682,2.1505639581685693e-05,0.00047944293996651116,1.8551668974801805,0.33808526141255102
0.16,0,-1.8400000000000001,0.035964381687629055,-0.00018131581141181164,-0.00025673146829109054,2.060235931666059e-05,0.00049188653601263974,1.8551668974801805,0.33808526141255102
0.16500000000000001,0,-1.835,0.035964381687629055,-0.00018117204601720503,-0.00026250473692735534,1.9714383053878342e-05,0.00050415451222527775,1.8551668974801805,0.33808526141255102
0.17000000000000001,0,-1.8300000000000001,0.035964381687629055,-0.00018070935178161212,-0.00026812848905726215,1.8841497623152935e-05,0.00051624800985629142,1.8551668974801805,0.33808526141255102
0.17499999999999999,0,-1.825,0.035964381687629055,-0.00017993036528769234,-0.00027360167946170473,1.798349305549055e-05,0.00052816816320711392,1.8551668974801805,0.33808526141255102
0.17999999999999999,0,-1.8200000000000001,0.035964381687629055,-0.00017883769320265266,-0.00027892327498065,1.7140162526491941e-05,0.00053991609972568343,1.8551668974801805,0.33808526141255102
0.185,0,-1.8149999999999999,0.035964381687629055,-0.00017743391270143559,-0.00028409225434253028,1.6311302300904388e-05,0.00055149294010175761,1.8551668974801805,0.33808526141255102
0.19,0,-1.8100000000000001,0.035964381687629055,-0.0001757215718827452,-0.0002891076079965177,1.5496711678298042e-05,0.00056289979836061617,1.8551668974801805,0.33808526141255102
0.19500000000000001,0,-1.8049999999999999,0.035964381687629055,-0.000173703190178049,-0.00029396833794763475,1.4696192939839083e-05,0.00057413778195520464,1.8551668974801805,0.33808526141255102
0.20000000000000001,0,-1.8,0.035964381687629055,-0.00017138125875369714,-0.0002986734575946365,1.3909551296137327e-05,0.00058520799185672752,1.8551668974801805,0.33808526141255102
0.20499999999999999,0,-1.7949999999999999,0.035964381687629055,-0.00016875824090628984,-0.00030322199157061761,1.3136594836140438e-05,0.00059611152264374141,1.8551668974801805,0.33808526141255102
0.20999999999999999,0,-1.79,0.029071248216281476,-0.00014664224412088634,-0.0003173271098624631,-3.7035719176200507e-06,0.00060406709154392133,1.6868411115355364,0.2880022185727143
0.215,0,-1.7849999999999999,0.029071248216281476,-8.52484454134978e-05,-0.0003512518522390253,-4.013259202463644e-06,0.00060372900654880577,1.6868411115355364,0.2880022185727143
0.22,0,-1.78,0.029071248216281476,-2.7765127285100336e-05,-0.00038328557780937318,-4.3226495424997031e-06,0.00060335789029722971,1.6868411115355364,0.2880022185727143
0.22500000000000001,0,-1.7749999999999999,0.029071248216281476,2.5745354926395706e-05,-0.00041341854720648448,-4.6317742944612903e-06,0.00060295394850667287,1.6868411115355364,0.2880022185727143
0.23000000000000001,0,-1.77,0.029071248216281476,7.5219295125500575e-05,-0.0004416408072511034,-4.9406654550690981e-06,0.00060251738620389222,1.6868411115355364,0.2880022185727143
0.23499999999999999,0,-1.7650000000000001,0.029071248216281476,0.00012059159968756162,-0.00046794218513163794,-5.249355680949885e-06,0.00060204840771535756,1.6868411115355364,0.2880022185727143
0.23999999999999999,0,-1.76,0.029071248216281476,0.00016179574947933857,-0.00049231228239287152,-5.5578783092892683e-06,0.00060154721665737966,1.6868411115355364,0.2880022185727143
0.245,0,-1.7549999999999999,0.029071248216281476,0.00019876376062523122,-0.00051474046872614424,-5.8662673792518004e-06,0.00060101401592592299,1.6868411115355364,0.2880022185727143
0.25,0,-1.75,0.029071248216281476,0.00023142614397056162,-0.00053521587555330598,-6.1745576542014702e-06,0.00060044900768608524,1.6868411115355364,0.2880022185727143
0.255,0,-1.7450000000000001,0.029071248216281476,0.00025971186319113585,-0.0005537273893964096,-6.4827846447561978e-06,0.00059985239336123757,1.6868411115355364,0.2880022185727143
0.26000000000000001,0,-1.74,0.029071248216281476,0.00028354829149604546,-0.00057026364502474065,-6.7909846327141318e-06,0.0005992243736218086,1.6868411115355364,0.2880022185727143
0.26500000000000001,0,-1.7349999999999999,0.029071248216281476,0.00030286116686829249,-0.00058481301837041933,-7.0991946958884686e-06,0.00059856514837370136,1.6868411115355364,0.2880022185727143
0.27000000000000002,0,-1.73,0.029071248216281476,0.0003175745457853054,-0.00059736361920340411,-7.4074527338920394e-06,0.0005978749167463239,1.6868411115355364,0.2880022185727143
0.27500000000000002,0,-1.7250000000000001,0.029071248216281476,0.00032761075535876462,-0.00060790328355630899,-7.7157974949129807e-06,0.00059715387708022735,1.6868411115355364,0.2880022185727143
0.28000000000000003,0,-1.72,0.029071248216281476,0.0003328903438303898,-0.00061641956588900351,-8.0242686035261855e-06,0.00059640222691432728,1.6868411115355364,0.2880022185727143
0.28499999999999998,0,-1.7150000000000001,0.029071248216281476,0.00033333202935743075,-0.00062289973098251139,-8.3329065895858016e-06,0.00059562016297269864,1.6868411115355364,0.2880022185727143
0.28999999999999998,0,-1.71,0.029071248216281476,0.00032885264701852272,-0.00062733074555123723,-8.6417529182499371e-06,0.00059480788115092375,1.6868411115355364,0.2880022185727143
0.29499999999999998,0,-1.7050000000000001,0.029071248216281476,0.00031936709396733666,-0.00062969926956202586,-8.9508500211860211e-06,0.0005939655765019767,1.6868411115355364,0.2880022185727143
0.29999999999999999,0,-1.7,0.029071248216281476,0.00030478827265805782,-0.00062999164724803847,-9.2602413290133147e-06,0.00059309344322162861,1.6868411115355364,0.2880022185727143
0.30499999999999999,0,-1.6950000000000001,0.029071248216281476,0.00028502703206314585,-0.00062819389780485063,-9.5699713050372426e-06,0.00059219167463334923,1.6868411115355364,0.2880022185727143
0.31,0,-1.6899999999999999,0.029071248216281476,0.00025999210680004278,-0.00062429170575558583,-9.8800854803368306e-06,0.00059126046317269033,1.6868411115355364,0.2880022185727143
0.315,0,-1.6850000000000001,0.029071248216281476,0.00022959005407954737,-0.00061827041097126513,-1.0190630490267036e-05,0.00059030000037112542,1.6868411115355364,0.2880022185727143
0.32000000000000001,0,-1.6799999999999999,0.028821532919911314,0.00019454215764403739,-0.0006137060082433872,-9.6306427445399825e-06,0.00059225380049533131,1.6685378340881893,0.28574027269589508
0.32500000000000001,0,-1.675,0.028821532919911314,0.00015575749109555381,-0.00061160335481347488,-9.7137968697935534e-06,0.00059077679246335828,1.6685378340881893,0.28574027269589508
0.33000000000000002,0,-1.6699999999999999,0.028821532919911314,0.00011249420349831101,-0.000607149999900439,-9.7886546852964165e-06,0.00058928834476669424,1.6685378340881893,0.28574027269589508
0.33500000000000002,0,-1.665,0.028821532919911314,6.4830838763604607e-05,-0.0006003605997221647,-9.8555034555618042e-06,0.00058778836490996206,1.6685378340881893,0.28574027269589508
0.34000000000000002,0,-1.6599999999999999,0.028821532919911314,1.2844109176535342e-05,-0.00059124946863045125,-9.9146213643972677e-06,0.00058627676801070966,1.6685378340881893,0.28574027269589508
0.34499999999999997,0,-1.655,0.028821532919911314,-4.339105152207728e-05,-0.00057983058901854892,-9.9662778378303241e-06,0.00058475347656457028,1.6685378340881893,0.28574027269589508
0.34999999999999998,0,-1.6499999999999999,0.028821532919911314,-0.00010380143688920362,-0.00056611762088612202,-1.0010733853813689e-05,0.00058321842021829054,1.6685378340881893,0.28574027269589508
0.35499999999999998,0,-1.645,0.028821532919911314,-0.00016831551829484342,-0.00055012391107539169,-1.0048242239322767e-05,0.00058167153555032573,1.6685378340881893,0.28574027269589508
0.35999999999999999,0,-1.6400000000000001,0.028821532919911314,-0.00023686339712881938,-0.00053186250219155616,-1.007904795542551e-05,0.00058011276585870656,1.6685378340881893,0.28574027269589508
0.36499999999999999,0,-1.635,0.028821532919911314,-0.00030937675863198122,-0.00051134614122002101,-1.0103388370876076e-05,0.00057854206095589607,1.6685378340881893,0.28574027269589508
0.37,0,-1.6299999999999999,0.028821532919911314,-0.00038578882728779721,-0.00048858728785239065,-1.0121493524754264e-05,0.00057695937697037868,1.6685378340881893,0.28574027269589508
0.375,0,-1.625,0.028821532919911314,-0.00046603432371316049,-0.00046359812253263417,-1.0133586378646661e-05,0.00057536467615471195,1.6685378340881893,0.28574027269589508
0.38,0,-1.6200000000000001,0.028821532919911314,-0.0005500494229899491,-0.00043639055423434113,-1.0139883058841615e-05,0.00057375792669981003,1.6685378340881893,0.28574027269589508
0.38500000000000001,0,-1.615,0.028821532919911314,-0.00063777171438145273,-0.00040697622797949848,-1.0140593088983835e-05,0.00057213910255521404,1.6685378340881893,0.28574027269589508
0.39000000000000001,0,-1.6099999999999999,0.022538398523770511,-0.00070597363166947133,-0.00038149447146618414,-4.4248467501208199e-06,0.00056948789402970869,1.4836556073745419,0.22882836742527887
0.39500000000000002,0,-1.605,0.022538398523770511,-0.00067222215830108816,-0.0003825053165051874,-4.1922341558674792e-06,0.0005639819305526798,1.4836556073745419,0.22882836742527887
0.40000000000000002,0,-1.6000000000000001,0.022538398523770511,-0.00063865613345617572,-0.00038351492725267194,-3.962293953967734e-06,0.00055850641530074882,1.4836556073745419,0.22882836742527887
0.40500000000000003,0,-1.595,0.022538398523770511,-0.00060527552603185507,-0.00038452330409114712,-3.7350135464555864e-06,0.00055306132964218397,1.4836556073745419,0.22882836742527887
0.40999999999999998,0,-1.5900000000000001,0.022538398523770511,-0.00057208030493220599,-0.00038553044740303826,-3.5103803395852953e-06,0.00054764665432604034,1.4836556073745419,0.22882836742527887
0.41499999999999998,0,-1.585,0.022538398523770511,-0.0005390704390682569,-0.00038653635757068637,-3.288381743830147e-06,0.00054226236948233216,1.4836556073745419,0.22882836742527887
0.41999999999999998,0,-1.5800000000000001,0.022538398523770511,-0.00050624589735799249,-0.00038754103497634803,-3.0690051738806252e-06,0.0005369084546222087,1.4836556073745419,0.22882836742527887
0.42499999999999999,0,-1.575,0.022538398523770511,-0.00047360664872634196,-0.00038854448000219565,-2.8522380486430682e-06,0.00053158488863812596,1.4836556073745419,0.22882836742527887
0.42999999999999999,0,-1.5700000000000001,0.022538398523770511,-0.00044115266210518675,-0.00038954669303031776,-2.6380677912378714e-06,0.00052629164980402213,1.4836556073745419,0.22882836742527887
0.435,0,-1.5649999999999999,0.022538398523770511,-0.00040888390643334859,-0.00039054767444271802,-2.4264818289981438e-06,0.000521028715775489,1.4836556073745419,0.22882836742527887
0.44,0,-1.5600000000000001,0.022538398523770511,-0.00037680035065659843,-0.00039154742462131658,-2.2174675934678383e-06,0.0005157960635899482,1.4836556073745419,0.22882836742527887
0.44500000000000001,0,-1.5549999999999999,0.022538398523770511,-0.0003449019637276432,-0.00039254594394794921,-2.011012520400686e-06,0.00051059366966682129,1.4836556073745419,0.22882836742527887
0.45000000000000001,0,-1.55,0.022538398523770511,-0.00031318871460613522,-0.00039354323280436731,-1.807104049757996e-06,0.00050542150980770661,1.4836556073745419,0.22882836742527887
0.45500000000000002,0,-1.5449999999999999,0.022538398523770511,-0.00028166057225865879,-0.00039453929157223853,-1.6057296257078277e-06,0.00050027955919654927,1.4836556073745419,0.22882836742527887
0.46000000000000002,0,-1.54,0.022538398523770511,-0.00025031750565873977,-0.00039553412063314639,-1.4068766966225559e-06,0.00049516779239981755,1.4836556073745419,0.22882836742527887
0.46500000000000002,0,-1.5349999999999999,0.022538398523770511,-0.00021915948378683226,-0.00039652772036859023,-1.2105327150782259e-06,0.00049008618336667344,1.4836556073745419,0.22882836742527887
0.46999999999999997,0,-1.53,0.022538398523770511,-0.00018818647563032803,-0.00039752009115998532,-1.0166851378522847e-06,0.00048503470542914779,1.4836556073745419,0.22882836742527887
0.47499999999999998,0,-1.5249999999999999,0.022538398523770511,-0.00015739845018354295,-0.0003985112333886631,-8.2532142592231487e-07,0.00048001333130231143,1.4836556073745419,0.22882836742527887
0.47999999999999998,0,-1.52,0.022538398523770511,-0.00012679537644772677,-0.00039950114743587121,-6.3642904446456715e-07,0.00047502203308445051,1.4836556073745419,0.22882836742527887
0.48499999999999999,0,-1.5150000000000001,0.022538398523770511,-9.6377223431051224e-05,-0.0004004898336827729,-4.4999546285209707e-07,0.00047006078225723729,1.4836556073745419,0.22882836742527887
0.48999999999999999,0,-1.51,0.022538398523770511,-6.614396014861233e-05,-0.00040147729251044758,-2.6600815465366513e-07,0.00046512954968590411,1.4836556073745419,0.22882836742527887
0.495,0,-1.5049999999999999,0.022538398523770511,-3.6095555622430876e-05,-0.00040246352429989103,-8.4454597631548736e-08,0.00046022830561941663,1.4836556073745419,0.22882836742527887
0.5,0,-1.5,0.022538398523770511,-6.2319788814480844e-06,-0.00040344852943201471,9.4677726259406402e-08,0.00045535701969064602,1.4836556073745419,0.22882836742527887
0.505,0,-1.4950000000000001,0.022538398523770511,2.3446801038479057e-05,-0.00040443230828764691,2.7140133087366865e-07,0.00045051566091654151,1.4836556073745419,0.22882836742527887
0.51000000000000001,0,-1.49,0.022538398523770511,5.2940815094577057e-05,-0.00040541486124753145,4.4572872587642498e-07,0.00044570419769830272,1.4836556073745419,0.22882836742527887
0.51500000000000001,0,-1.4849999999999999,0.022538398523770511,8.2250094237155399e-05,-0.00040639618869232853,6.1767241674541708e-07,0.00044092259782155425,1.4836556073745419,0.22882836742527887
0.52000000000000002,0,-1.48,0.022538398523770511,0.00011137466940961068,-0.0004073762910026144,7.872449047719744e-07,0.00043617082845651627,1.4836556073745419,0.22882836742527887
0.52500000000000002,0,-1.4750000000000001,0.022538398523770511,0.00014031457154843176,-0.00040835516855888181,9.5445868706327494e-07,0.00043144885615817725,1.4836556073745419,0.22882836742527887
0.53000000000000003,0,-1.47,0.022538398523770511,0.0001690698315831984,-0.00040933282174153988,1.1193262565432314e-06,0.00042675664686646727,1.4836556073745419,0.22882836742527887
0.53500000000000003,0,-1.4649999999999999,0.022538398523770511,0.00019764048043658121,-0.00041030925093091361,1.2818601019543702e-06,0.00042209416590642968,1.4836556073745419,0.22882836742527887
0.54000000000000004,0,-1.46,0.022538398523770511,0.00022602654902434589,-0.00041128445650724454,1.4420727078593053e-06,0.00041746137798839394,1.4836556073745419,0.22882836742527887
0.54500000000000004,0,-1.4550000000000001,0.022538398523770511,0.00025422806825535759,-0.00041225843885069025,1.5999765546425194e-06,0.00041285824720814761,1.4836556073745419,0.22882836742527887
0.55000000000000004,0,-1.45,0.022538398523770511,0.0002822450690315804,-0.00041323119834132526,1.755584118511456e-06,0.00040828473704710794,1.4836556073745419,0.22882836742527887
0.55500000000000005,0,-1.4449999999999998,0.022538398523770511,0.00031007758224807692,-0.00041420273535914019,1.9089078714984322e-06,0.0004037408103724956,1.4836556073745419,0.22882836742527887
0.56000000000000005,0,-1.4399999999999999,0.022538398523770511,0.00033772563879301234,-0.00041517305028404149,2.0599602814621848e-06,0.00039922642943750528,1.4836556073745419,0.22882836742527887
0.56499999999999995,0,-1.4350000000000001,0.022538398523770511,0.00036518926954765956,-0.00041614214349585272,2.208753812089094e-06,0.00039474155588147875,1.4836556073745419,0.22882836742527887
0.56999999999999995,0,-1.4300000000000002,0.022538398523770511,0.00039246850538639618,-0.00041711001537431407,2.3553009228951362e-06,0.00039028615073007561,1.4836556073745419,0.22882836742527887
0.57499999999999996,0,-1.425,0.022538398523770511,0.00041956337717671024,-0.00041807666629908109,2.4996140692271288e-06,0.00038586017439544646,1.4836556073745419,0.22882836742527887
0.57999999999999996,0,-1.4199999999999999,0.022538398523770511,0.00044647391577919739,-0.00041904209664972702,2.6417057022645896e-06,0.00038146358667640463,1.4836556073745419,0.22882836742527887
0.58499999999999996,0,-1.415,0.022538398523770511,0.00047320015204756595,-0.00042000630680574086,2.7815882690208229e-06,0.00037709634675859715,1.4836556073745419,0.22882836742527887
0.58999999999999997,0,-1.4100000000000001,0.022538398523770511,0.00049974211682864112,-0.00042096929714652889,2.9192742123448815e-06,0.00037275841321467748,1.4836556073745419,0.22882836742527887
0.59499999999999997,0,-1.405,0.022538398523770511,0.0005260998409623638,-0.00042193106805141293,3.0547759709230332e-06,0.00036844974400447611,1.4836556073745419,0.22882836742527887
0.59999999999999998,0,-1.3999999999999999,0.022538398523770511,0.00055227335528179133,-0.00042289161989963211,3.1881059792800183e-06,0.00036417029647517327,1.4836556073745419,0.22882836742527887
0.60499999999999998,0,-1.395,0.022538398523770511,0.00057826269061310085,-0.00042385095307034224,3.3192766677810363e-06,0.0003599200273614702,1.4836556073745419,0.22882836742527887
0.60999999999999999,0,-1.3900000000000001,0.022538398523770511,0.00060406787777559376,-0.00042480906794261492,3.4483004626327644e-06,0.00035569889278576025,1.4836556073745419,0.22882836742527887
0.61499999999999999,0,-1.385,0.016734234542080811,0.00055803554416703708,-0.00042954310977074442,5.5460728901000666e-06,0.00035105072584775847,1.2827103494682839,0.17174967385103193
0.62,0,-1.3799999999999999,0.016734234542080811,0.00050378795943739369,-0.00043412647788789881,5.4523907280232849e-06,0.00034624875160611996,1.2827103494682839,0.17174967385103193
0.625,0,-1.375,0.016734234542080811,0.0004517341557086637,-0.0004379701393387591,5.3584584971958248e-06,0.00034149025520301227,1.2827103494682839,0.17174967385103193
0.63,0,-1.3700000000000001,0.016734234542080811,0.00040189742548618764,-0.00044107060894445612,5.2642819488232151e-06,0.00033677505338918829,1.2827103494682839,0.17174967385103193
0.63500000000000001,0,-1.365,0.016734234542080811,0.0003543013851846722,-0.00044342434862277072,5.1698668311954858e-06,0.00033210296271009038,1.2827103494682839,0.17174967385103193
0.64000000000000001,0,-1.3599999999999999,0.016734234542080811,0.00030896998078718452,-0.00044502776646962146,5.0752188897896849e-06,0.00032747379950611051,1.2827103494682839,0.17174967385103193
0.64500000000000002,0,-1.355,0.016734234542080811,0.00026592749362317581,-0.00044587721582121877,4.9803438673740502e-06,0.00032288737991285053,1.2827103494682839,0.17174967385103193
0.65000000000000002,0,-1.3500000000000001,0.016734234542080811,0.00022519854626848774,-0.00044596899429641363,4.8852475041143289e-06,0.00031834351986138344,1.2827103494682839,0.17174967385103193
0.65500000000000003,0,-1.345,0.016734234542080811,0.0001868081085703509,-0.00044529934281874975,4.7899355376815449e-06,0.0003138420350785136,1.2827103494682839,0.17174967385103193
0.66000000000000003,0,-1.3399999999999999,0.016734234542080811,0.00015078150380047503,-0.00044386444461771448,4.6944137033618132e-06,0.00030938274108703909,1.2827103494682839,0.17174967385103193
0.66500000000000004,0,-1.335,0.016734234542080811,0.00011714441493940935,-0.00044166042420867418,4.598687734168454e-06,0.00030496545320601279,1.2827103494682839,0.17174967385103193
0.67000000000000004,0,-1.3300000000000001,0.016734234542080811,8.5922891095461981e-05,-0.00043868334635095696,4.5027633609555865e-06,0.00030058998655100325,1.2827103494682839,0.17174967385103193
0.67500000000000004,0,-1.325,0.016734234542080811,5.7143354061557144e-05,-0.00043492921498353978,4.406646312534198e-06,0.00029625615603435791,1.2827103494682839,0.17174967385103193
0.68000000000000005,0,-1.3199999999999998,0.016734234542080811,3.0832605013491989e-05,-0.00043039397213777246,4.3103423157899763e-06,0.00029196377636546542,1.2827103494682839,0.17174967385103193
0.68500000000000005,0,-1.3149999999999999,0.016734234542080811,7.0178313531590055e-06,-0.00042507349682656203,4.213857095803827e-06,0.00028771266205101825,1.2827103494682839,0.17174967385103193
0.68999999999999995,0,-1.3100000000000001,0.016734234542080811,-1.4273386299583417e-05,-0.00041896360390941727,4.1171963759739772e-06,0.00028350262739527488,1.2827103494682839,0.17174967385103193
0.69499999999999995,0,-1.3050000000000002,0.016734234542080811,-3.3013066962609093e-05,-0.00041206004293274352,4.0203658781407021e-06,0.00027933348650032423,1.2827103494682839,0.17174967385103193
0.69999999999999996,0,-1.3,0.016734234542080811,-4.917282199091086e-05,-0.00040435849694475277,3.9233713227136214e-06,0.00027520505326634901,1.2827103494682839,0.17174967385103193
0.70499999999999996,0,-1.2949999999999999,0.016734234542080811,-6.27238476156599e-05,-0.00039585458128434125,3.8262184288007005e-06,0.00027111714139188998,1.2827103494682839,0.17174967385103193
0.70999999999999996,0,-1.29,0.016734234542080811,-7.3636917318826108e-05,-0.00038654384234326262,3.7289129143404349e-06,0.00026706956437411085,1.2827103494682839,0.17174967385103193
0.71499999999999997,0,-1.2850000000000001,0.016734234542080811,-8.1882374039107819e-05,-0.00037642175630090834,3.6314604962358904e-06,0.00026306213550906252,1.2827103494682839,0.17174967385103193
0.71999999999999997,0,-1.28,0.016734234542080811,-8.7430122204797803e-05,-0.00036548372783098645,3.5338668904920466e-06,0.00025909466789194864,1.2827103494682839,0.17174967385103193
0.72499999999999998,0,-1.2749999999999999,0.016734234542080811,-9.0249619589097729e-05,-0.00035372508877937062,3.4361378123550097e-06,0.00025516697441739218,1.2827103494682839,0.17174967385103193
0.72999999999999998,0,-1.27,0.016734234542080811,-9.0309868983234971e-05,-0.00034114109681235966,3.3382789764545812e-06,0.0002512788677797019,1.2827103494682839,0.17174967385103193
0.73499999999999999,0,-1.2650000000000001,0.016594103810102536,-8.5438605056880538e-05,-0.00032777443700241133,2.9301280662154497e-06,0.00024925729567981246,1.2710470370037359,0.17016077068395499
0.73999999999999999,0,-1.26,0.016594103810102536,-7.7545138069699815e-05,-0.00031370996958375201,2.8179262110643856e-06,0.00024532422677882564,1.2710470370037359,0.17016077068395499
0.745,0,-1.2549999999999999,0.016594103810102536,-6.6693018219338303e-05,-0.00029895038187191612,2.7083130081721346e-06,0.00024142785085370938,1.2710470370037359,0.17016077068395499
0.75,0,-1.25,0.016594103810102536,-5.2914380341696115e-05,-0.00028349805841241046,2.6012382584785705e-06,0.00023756806269781465,1.2710470370037359,0.17016077068395499
0.755,0,-1.2450000000000001,0.016594103810102536,-3.6240889091104767e-05,-0.00026735535249325251,2.4966527645975507e-06,0.00023374475542628788,1.2710470370037359,0.17016077068395499
0.76000000000000001,0,-1.24,0.016594103810102536,-1.6703747514009533e-05,-0.0002505245867117989,2.3945083079653553e-06,0.00022995782050725026,1.2710470370037359,0.17016077068395499
0.76500000000000001,0,-1.2349999999999999,0.016594103810102536,5.6662945642759486e-06,-0.00023300805352921892,2.2947576265866519e-06,0.00022620714779230278,1.2710470370037359,0.17016077068395499
0.77000000000000002,0,-1.23,0.016594103810102536,3.0838932335012733e-05,-0.00021480801581292414,2.197354393359928e-06,0.00022249262554637533,1.2710470370037359,0.17016077068395499
0.77500000000000002,0,-1.2250000000000001,0.016594103810102536,5.8784297979076728e-05,-0.000195926707367258,2.1022531949662109e-06,0.00021881414047693524,1.2710470370037359,0.17016077068395499
0.78000000000000003,0,-1.22,0.016594103810102536,8.9472952813115028e-05,-0.0001763663334527476,2.0094095113033963e-06,0.00021517157776257224,1.2710470370037359,0.17016077068395499
0.78500000000000003,0,-1.2149999999999999,0.016594103810102536,0.00012287587960448727,-0.00015612907129419824,1.918779695451363e-06,0.00021156482108097556,1.2710470370037359,0.17016077068395499
0.79000000000000004,0,-1.21,0.016594103810102536,0.00015896447505077849,-0.00013521707057790954,1.8303209541515504e-06,0.00020799375263631635,1.2710470370037359,0.17016077068395499
0.79500000000000004,0,-1.2050000000000001,0.016594103810102536,0.00019771054241978371,-0.0001136324539382829,1.7439913287865896e-06,0.00020445825318605123,1.2710470370037359,0.17016077068395499
0.80000000000000004,0,-1.2,0.016594103810102536,0.00023908628434597576,-9.1377317434091087e-05,1.6597496768452916e-06,0.00020095820206716185,1.2710470370037359,0.17016077068395499
0.80500000000000005,0,-1.1949999999999998,0.016594103810102536,0.00028306429577959382,-6.8453731014659291e-05,1.5775556538590592e-06,0.00019749347722184372,1.2710470370037359,0.17016077068395499
0.81000000000000005,0,-1.1899999999999999,0.016594103810102536,0.00032961755708460071,-4.4863738976204048e-05,1.497369695796277e-06,0.00019406395522265674,1.2710470370037359,0.17016077068395499
0.81499999999999995,0,-1.1850000000000001,0.016594103810102536,0.00037871942728185022,-2.0609360408573982e-05,1.4191530019012214e-06,0.00019066951129715132,1.2710470370037359,0.17016077068395499
0.81999999999999995,0,-1.1800000000000002,0.016594103810102536,0.00043034363743390126,4.3074103673672316e-06,1.3428675179652901e-06,0.00018731001935198385,1.2710470370037359,0.17016077068395499
0.82499999999999996,0,-1.175,0.016594103810102536,0.0004844642841680458,2.988460337149726e-05,1.2684759200179991e-06,0.00018398535199653143,1.2710470370037359,0.17016077068395499
0.82999999999999996,0,-1.1699999999999999,0.01210147583565703,0.00049672170930976694,4.3938886391388435e-05,-2.0062334581212121e-06,0.00018146747305415793,1.0910242548332183,0.12436569755057143
0.83499999999999996,0,-1.165,0.01210147583565703,0.00045891670278770474,4.3895754511657538e-05,-1.9857410624090076e-06,0.00017890599009851577,1.0910242548332183,0.12436569755057143
0.83999999999999997,0,-1.1600000000000001,0.01210147583565703,0.00042292618455381961,4.3889796029271965e-05,-1.9654140448690367e-06,0.00017636850631667366,1.0910242548332183,0.12436569755057143
0.84499999999999997,0,-1.155,0.01210147583565703,0.00038874670497081028,4.3920858573336992e-05,-1.9452510726746044e-06,0.00017385490866875526,1.0910242548332183,0.12436569755057143
0.84999999999999998,0,-1.1499999999999999,0.01210147583565703,0.00035637482311968061,4.398879013339802e-05,-1.9252508235341331e-06,0.00017136508414842915,1.0910242548332183,0.12436569755057143
0.85499999999999998,0,-1.145,0.01210147583565703,0.00032580710677220339,4.4093439058292462e-05,-1.9054119856507089e-06,0.00016889891978248713,1.0910242548332183,0.12436569755057143
0.85999999999999999,0,-1.1400000000000001,0.01210147583565703,0.00029704013236348952,4.4234654055006522e-05,-1.8857332576815196e-06,0.00016645630263042375,1.0910242548332183,0.12436569755057143
0.86499999999999999,0,-1.135,0.01210147583565703,0.00027007048496466605,4.4412284187536413e-05,-1.8662133486979856e-06,0.00016403711978401828,1.0910242548332183,0.12436569755057143
0.87,0,-1.1299999999999999,0.01210147583565703,0.00024489475825565797,4.4626178875753744e-05,-1.8468509781455792e-06,0.00016164125836691721,1.0910242548332183,0.12436569755057143
0.875,0,-1.125,0.01210147583565703,0.00022150955449806625,4.4876187894274862e-05,-1.8276448758040894e-06,0.00015926860553421861,1.0910242548332183,0.12436569755057143
0.88,0,-1.1200000000000001,0.01210147583565703,0.00019991148450815036,4.5162161371335334e-05,-1.8085937817480793e-06,0.00015691904847205725,1.0910242548332183,0.12436569755057143
0.88500000000000001,0,-1.115,0.01210147583565703,0.00018009716762991721,4.5483949787667621e-05,-1.7896964463073908e-06,0.0001545924743971917,1.0910242548332183,0.12436569755057143
0.89000000000000001,0,-1.1099999999999999,0.01210147583565703,0.00016206323170830949,4.5841403975383334e-05,-1.7709516300280012e-06,0.00015228877055659286,1.0910242548332183,0.12436569755057143
0.89500000000000002,0,-1.105,0.01210147583565703,0.00014580631306249277,4.6234375116860864e-05,-1.7523581036329423e-06,0.00015000782422703354,1.0910242548332183,0.12436569755057143
0.90000000000000002,0,-1.1000000000000001,0.01210147583565703,0.00013132305645924397,4.6662714743634735e-05,-1.7339146479834083e-06,0.00014774952271467907,1.0910242548332183,0.12436569755057143
0.90500000000000003,0,-1.095,0.01210147583565703,0.00011861011508644198,4.7126274735291675e-05,-1.71562005404016e-06,0.00014551375335468018,1.0910242548332183,0.12436569755057143
0.91000000000000003,0,-1.0899999999999999,0.01210147583565703,0.00010766415052665813,4.7624907318369271e-05,-1.6974731228249802e-06,0.00014330040351076664,1.0910242548332183,0.12436569755057143
0.91500000000000004,0,-1.085,0.01210147583565703,9.8481832730843761e-05,4.8158465065259214e-05,-1.6794726653823429e-06,0.0001411093605748423,1.0910242548332183,0.12436569755057143
0.92000000000000004,0,-1.0800000000000001,0.01210147583565703,9.1059839992117065e-05,4.8726800893114903e-05,-1.6616175027413546e-06,0.00013894051196658121,1.0910242548332183,0.12436569755057143
0.92500000000000004,0,-1.075,0.01210147583565703,8.5394858919649898e-05,4.9329768062762847e-05,-1.6439064658777287e-06,0.00013679374513302572,1.0910242548332183,0.12436569755057143
0.93000000000000005,0,-1.0699999999999998,0.01210147583565703,8.1483584412652256e-05,4.9967220177618004e-05,-1.6263383956760209e-06,0.00013466894754818567,1.0910242548332183,0.12436569755057143
0.93500000000000005,0,-1.0649999999999999,0.01210147583565703,7.9322719634453831e-05,5.063901118260376e-05,-1.6089121428920449e-06,0.00013256600671263851,1.0910242548332183,0.12436569755057143
0.93999999999999995,0,-1.0600000000000001,0.01210147583565703,7.8908975986681512e-05,5.1344995363075113e-05,-1.5916265681154753e-06,0.00013048481015313091,1.0910242548332183,0.12436569755057143
0.94499999999999995,0,-1.0550000000000002,0.01210147583565703,8.0239073083536661e-05,5.2085027343747025e-05,-1.5744805417325143e-06,0.00012842524542218216,1.0910242548332183,0.12436569755057143
0.94999999999999996,0,-1.05,0.01210147583565703,8.3309738726166106e-05,5.2858962087625442e-05,-1.5574729438889076e-06,0.00012638720009768814,1.0910242548332183,0.12436569755057143
0.95499999999999996,0,-1.0449999999999999,0.01210147583565703,8.8117708877130481e-05,5.3666654894943719e-05,-1.540602664452974e-06,0.00012437056178252724,1.0910242548332183,0.12436569755057143
0.95999999999999996,0,-1.04,0.01210147583565703,9.4659727634966578e-05,5.450796140210155e-05,-1.5238686029789193e-06,0.00012237521810416736,1.0910242548332183,0.12436569755057143
0.96499999999999997,0,-1.0350000000000001,0.01210147583565703,0.00010293254720884686,5.5382737580608968e-05,-1.5072696686702669e-06,0.00012040105671427339,1.0910242548332183,0.12436569755057143
0.96999999999999997,0,-1.03,0.01210147583565703,0.00011293292789333261,5.6290839736034362e-05,-1.4908047803434445e-06,0.00011844796528831743,1.0910242548332183,0.12436569755057143
0.97499999999999998,0,-1.0249999999999999,0.01210147583565703,0.00012465763804321944,5.7232124506955029e-05,-1.4744728663916126e-06,0.00011651583152518946,1.0910242548332183,0.12436569755057143
0.97999999999999998,0,-1.02,0.0083419311845287971,0.00012154863142859007,5.7491265944518993e-05,1.0802250790576644e-06,0.00011466419820825134,0.90033037955466955,0.085886037680583546
0.98499999999999999,0,-1.0150000000000001,0.0083419311845287971,0.00011498126973436764,5.7628857680910625e-05,1.060163085660539e-06,0.00011247887543190449,0.90033037955466955,0.085886037680583546
0.98999999999999999,0,-1.01,0.0083419311845287971,0.00010800921655915096,5.778298489153213e-05,1.0403553895632495e-06,0.00011031974439985493,0.90033037955466955,0.085886037680583546
0.995,0,-1.0049999999999999,0.0083419311845287971,0.00010063320635191869,5.795370321187107e-05,1.0208001042194503e-06,0.00010818665744103718,0.90033037955466955,0.085886037680583546
1,0,-1,0.0083419311845287971,9.2853971762639527e-05,5.8141068166628854e-05,1.0014953493450694e-06,0.00010607946680012056,0.90033037955466955,0.085886037680583546
1.0049999999999999,0,-0.99500000000000011,0.0083419311845287971,8.4672243647768484e-05,5.8345135170067736e-05,9.8243925089299696e-07,0.00010399802463775035,0.90033037955466955,0.085886037680583546
1.01,0,-0.98999999999999999,0.0083419311845287971,7.6088751075723555e-05,5.8565959526357714e-05,9.6362994102795342e-07,0.00010194218303078857,0.90033037955466955,0.085886037680583546
1.0149999999999999,0,-0.9850000000000001,0.0083419311845287971,6.7104221332342956e-05,5.8803596429921991e-05,9.4506555810139351e-07,9.9911793972553556e-05,0.90033037955466955,0.085886037680583546
1.02,0,-0.97999999999999998,0.0083419311845287971,5.7719379926318895e-05,5.9058100965780857e-05,9.2674424662660982e-07,9.7906709373058416e-05,0.90033037955466955,0.085886037680583546
1.0249999999999999,0,-0.97500000000000009,0.0083419311845287971,4.7934950594616862e-05,5.9329528109894371e-05,9.0866415725388063e-07,9.5926781059249263e-05,0.90033037955466955,0.085886037680583546
1.03,0,-0.96999999999999997,0.0083419311845287971,3.7751655307869259e-05,5.9617932729504061e-05,8.9082344674575241e-07,9.3971860775241597e-05,0.90033037955466955,0.085886037680583546
1.0349999999999999,0,-0.96500000000000008,0.0083419311845287971,2.7170214275754908e-05,5.9923369583473358e-05,8.7322027795246402e-07,9.2041800182557051e-05,0.90033037955466955,0.085886037680583546
1.04,0,-0.95999999999999996,0.0083419311845287971,1.6191345952353558e-05,6.024589332262623e-05,8.5585281978741621e-07,9.0136450860357897e-05,0.90033037955466955,0.085886037680583546
1.0449999999999999,0,-0.95500000000000007,0.0083419311845287971,4.815767041486561e-06,6.0585558490085562e-05,8.3871924720282591e-07,8.8255664305682065e-05,0.90033037955466955,0.085886037680583546
1.05,0,-0.94999999999999996,0.0083419311845287971,-6.955807497968411e-06,6.0942419521609225e-05,8.2181774116542468e-07,8.6399291933676069e-05,0.90033037955466955,0.085886037680583546
1.0549999999999999,0,-0.94500000000000006,0.0083419311845287971,-1.9122664446774861e-05,6.131653074592584e-05,8.0514648863232121e-07,8.4567185077827987e-05,0.90033037955466955,0.085886037680583546
1.0600000000000001,0,-0.93999999999999995,0.0083419311845287971,-3.1684092320061972e-05,6.1707946385068644e-05,7.8870368252691376e-07,8.2759194990199034e-05,0.90033037955466955,0.085886037680583546
1.0649999999999999,0,-0.93500000000000005,0.0083419311845287971,-4.4639381362059977e-05,6.2116720554708781e-05,7.7248752171499497e-07,8.0975172841654688e-05,0.90033037955466955,0.085886037680583546
1.0700000000000001,0,-0.92999999999999994,0.0083419311845287971,-5.7987823540863649e-05,6.2542907264486762e-05,7.5649621098086499e-07,7.921496972209439e-05,0.90033037955466955,0.085886037680583546
1.075,0,-0.92500000000000004,0.0083419311845287971,-7.1728712543205484e-05,6.2986560418342981e-05,7.4072796100363023e-07,7.7478436640681327e-05,0.90033037955466955,0.085886037680583546
1.0800000000000001,0,-0.91999999999999993,0.0083419311845287971,-8.5861343769257388e-05,6.3447733814847419e-05,7.2518098833355069e-07,7.5765424526070199e-05,0.90033037955466955,0.085886037680583546
1.085,0,-0.91500000000000004,0.0083419311845287971,-0.0001003850143274415,6.3926481147527335e-05,7.0985351536857772e-07,7.4075784226635425e-05,0.90033037955466955,0.085886037680583546
1.0900000000000001,0,-0.90999999999999992,0.0083419311845287971,-0.00011529902302927042,6.4422856005194503e-05,6.9474377033086425e-07,7.2409366510697149e-05,0.90033037955466955,0.085886037680583546
1.095,0,-0.90500000000000003,0.0083419311845287971,-0.00013060267038419421,6.4936911872270851e-05,6.7984998724352165e-07,7.076602206674789e-05,0.90033037955466955,0.085886037680583546
1.1000000000000001,0,-0.89999999999999991,0.0083419311845287971,-0.00014629525859447868,6.5468702129113372e-05,6.6517040590738087e-07,6.9145601503676853e-05,0.90033037955466955,0.085886037680583546
1.105,0,-0.89500000000000002,0.0083419311845287971,-0.00016237609155009025,6.6018280052337064e-05,6.5070327187789997e-07,6.7547955350994964e-05,0.90033037955466955,0.085886037680583546
1.1100000000000001,0,-0.8899999999999999,0.0083419311845287971,-0.00017884447482361058,6.6585698815137674e-05,6.3644683644218129e-07,6.5972934059057515e-05,0.90033037955466955,0.085886037680583546
1.115,0,-0.88500000000000001,0.0083419311845287971,-0.00019569971566515807,6.7171011487612332e-05,6.2239935659606e-07,6.442038799928744e-05,0.90033037955466955,0.085886037680583546
1.1200000000000001,0,-0.87999999999999989,0.0083419311845287971,-0.00021294112299734047,6.77742710370801e-05,6.0855909502133119e-07,6.289016746439656e-05,0.90033037955466955,0.085886037680583546
1.125,0,-0.875,0.0083419311845287971,-0.00023056800741021145,6.8395530328400049e-05,5.9492432006304205e-07,6.1382122668607181e-05,0.90033037955466955,0.085886037680583546
1.1299999999999999,0,-0.87000000000000011,0.0083419311845287971,-0.00024857968115625973,6.9034842124289549e-05,5.8149330570691287e-07,5.9896103747871605e-05,0.90033037955466955,0.085886037680583546
1.135,0,-0.86499999999999999,0.0083419311845287971,-0.00026697545814540662,6.9692259085640457e-05,5.6826433155685843e-07,5.8431960760092011e-05,0.90033037955466955,0.085886037680583546
1.1399999999999999,0,-0.8600000000000001,0.0083419311845287971,-0.00028575465394002159,7.0367833771834369e-05,5.5523568281258639e-07,5.6989543685338984e-05,0.90033037955466955,0.085886037680583546
1.145,0,-0.85499999999999998,0.0083419311845287971,-0.00030491658574996515,7.1061618641057221e-05,5.4240565024732668e-07,5.5568702426068971e-05,0.90033037955466955,0.085886037680583546
1.1499999999999999,0,-0.85000000000000009,0.0083419311845287971,-0.00032446057242763605,7.1773666050612117e-05,5.2977253018562555e-07,5.4169286807341842e-05,0.90033037955466955,0.085886037680583546
1.155,0,-0.84499999999999997,0.0083419311845287971,-0.00034438593446305002,7.2504028257231322e-05,5.1733462448126975e-07,5.2791146577036468e-05,0.90033037955466955,0.085886037680583546
1.1599999999999999,0,-0.84000000000000008,0.0083419311845287971,-0.00036469199397892309,7.325275741738735e-05,5.0509024049529913e-07,5.1434131406066796e-05,0.90033037955466955,0.085886037680583546
1.165,0,-0.83499999999999996,0.0083419311845287971,-0.00038537807472578586,7.4019905587602205e-05,4.9303769107409994e-07,5.0098090888595851e-05,0.90033037955466955,0.085886037680583546
1.1699999999999999,0,-0.83000000000000007,0.0083419311845287971,-0.00040644350207710156,7.4805524724756931e-05,4.8117529452762286e-07,4.8782874542250251e-05,0.90033037955466955,0.085886037680583546
1.175,0,-0.82499999999999996,0.0083419311845287971,-0.00042788760302441562,7.5609666686398132e-05,4.6950137460767496e-07,4.7488331808332705e-05,0.90033037955466955,0.085886037680583546
1.1799999999999999,0,-0.82000000000000006,0.0083419311845287971,-0.00044970970617250867,7.6432383231044991e-05,4.5801426048632847e-07,4.6214312052034869e-05,0.90033037955466955,0.085886037680583546
1.1850000000000001,0,-0.81499999999999995,0.0051108645424527473,-0.00041757990273784277,6.0960394746438525e-05,-1.0753682328133031e-06,4.4972701833911079e-05,0.70957702628473363,0.052613025715194654
1.1899999999999999,0,-0.81000000000000005,0.0051108645424527473,-0.00036286352140173125,3.8925994393994912e-05,-1.0744158602552351e-06,4.3957945059716376e-05,0.70957702628473363,0.052613025715194654
1.1950000000000001,0,-0.80499999999999994,0.0051108645424527473,-0.0003109542065989477,1.8007553655603689e-05,-1.0731811160097382e-06,4.2957713080626396e-05,0.70957702628473363,0.052613025715194654
1.2,0,-0.80000000000000004,0.0051108645424527473,-0.00026188592542570406,-1.7907004982207033e-06,-1.0716680955887286e-06,4.1971912304171317e-05,0.70957702628473363,0.052613025715194654
1.2050000000000001,0,-0.79499999999999993,0.0051108645424527473,-0.0002156932095327852,-2.0464470934736868e-05,-1.0698808956188384e-06,4.1000448947055374e-05,0.70957702628473363,0.052613025715194654
1.21,0,-0.79000000000000004,0.0051108645424527473,-0.00017241116690375235,-3.8009388895191042e-05,-1.0678236138398058e-06,4.0043229035305765e-05,0.70957702628473363,0.052613025715194654
1.2150000000000001,0,-0.78499999999999992,0.0051108645424527473,-0.00013207549392921946,-5.4421012494244083e-05,-1.0655003491021851e-06,3.9100158404424792e-05,0.70957702628473363,0.052613025715194654
1.22,0,-0.78000000000000003,0.0051108645424527473,-9.4722487785988622e-05,-6.9694825181503356e-05,-1.0629152013644285e-06,3.8171142699546343e-05,0.70957702628473363,0.052613025715194654
1.2250000000000001,0,-0.77499999999999991,0.0051108645424527473,-6.0389059130000261e-05,-8.38262341640619e-05,-1.0600722716892272e-06,3.7256087375595844e-05,0.70957702628473363,0.052613025715194654
1.23,0,-0.77000000000000002,0.0051108645424527473,-2.9112745112478094e-05,-9.6810568788863112e-05,-1.0569756622391015e-06,3.6354897697454781e-05,0.70957702628473363,0.052613025715194654
1.2350000000000001,0,-0.7649999999999999,0.0051108645424527473,-9.3172272885508334e-07,-0.00010864307888371617,-1.0536294762711951e-06,3.5467478740128911e-05,0.70957702628473363,0.052613025715194654
1.24,0,-0.76000000000000001,0.0051108645424527473,2.4115177489501512e-05,-0.00011931893305570094,-1.0500378181312391e-06,3.4593735388921401e-05,0.70957702628473363,0.052613025715194654
1.2450000000000001,0,-0.75499999999999989,0.0051108645424527473,4.5988457430494261e-05,-0.0001288332169457003,-1.0462047932466119e-06,3.3733572339609703e-05,0.70957702628473363,0.052613025715194654
1.25,0,-0.75,0.0051108645424527473,6.4647936992723786e-05,-0.00013718093143771747,-1.0421345081184893e-06,3.2886894098627732e-05,0.70957702628473363,0.052613025715194654
1.2549999999999999,0,-0.74500000000000011,0.0051108645424527473,8.0052739302132587e-05,-0.00014435699082161982,-1.0378310703129559e-06,3.2053604983252174e-05,0.70957702628473363,0.052613025715194654
1.26,0,-0.73999999999999999,0.0051108645424527473,9.2161275542417876e-05,-0.00015035622090787981,-1.0332985884511591e-06,3.1233609121793983e-05,0.70957702628473363,0.052613025715194654
1.2649999999999999,0,-0.7350000000000001,0.0051108645424527473,0.00010093122938740183,-0.00015517335709284738,-1.0285411721982659e-06,3.0426810453794915e-05,0.70957702628473363,0.052613025715194654
1.27,0,-0.72999999999999998,0.0051108645424527473,0.00010631954102311857,-0.00015880304237303599,-1.0235629322513336e-06,2.9633112730228929e-05,0.70957702628473363,0.052613025715194654
1.2749999999999999,0,-0.72500000000000009,0.0051108645424527473,0.00010828239074694458,-0.00016123982530683972,-1.0183679803259448e-06,2.8852419513709267e-05,0.70957702628473363,0.052613025715194654
1.28,0,-0.71999999999999997,0.0051108645424527473,0.00010677518213065402,-0.00016247815792205914,-1.0129604291415276e-06,2.8084634178700653e-05,0.70957702628473363,0.052613025715194654
1.2849999999999999,0,-0.71500000000000008,0.0051108645424527473,0.00010175252473381346,-0.00016251239356754164,-1.0073443924053484e-06,2.7329659911737552e-05,0.70957702628473363,0.052613025715194654
1.29,0,-0.70999999999999996,0.0051108645424527473,9.3168216353435411e-05,-0.00016133678470718989,-1.0015239847950637e-06,2.6587399711647751e-05,0.70957702628473363,0.052613025715194654
1.2949999999999999,0,-0.70500000000000007,0.0051108645424527473,8.09752247953264e-05,-0.00015894548065452613,-9.9550332193978297e-07,2.5857756389782497e-05,0.70957702628473363,0.052613025715194654
1.3,0,-0.69999999999999996,0.0051108645424527473,6.512566915200396e-05,-0.00015533252524593404,-9.8928652039950903e-07,2.5140632570252286e-05,0.70957702628473363,0.052613025715194654
1.3049999999999999,0,-0.69500000000000006,0.0051108645424527473,4.5570800571553588e-05,-0.00015049185445063491,-9.828776976429567e-07,2.4435930690169489e-05,0.70957702628473363,0.052613025715194654
1.3100000000000001,0,-0.68999999999999995,0.0051108645424527473,2.2260982501178363e-05,-0.00014441729391537927,-9.7628097202357132e-07,2.3743552999897183e-05,0.70957702628473363,0.052613025715194654
1.3149999999999999,0,-0.68500000000000005,0.0050222958699012799,-4.0195741825876691e-06,-0.00013812459035875062,-8.7950178487183293e-07,2.3477919417279726e-05,0.69362665783145661,0.051423515408779333
1.3200000000000001,0,-0.67999999999999994,0.0050222958699012799,-3.3031454174087312e-05,-0.00013103351646748026,-8.6310431611480963e-07,2.2766017345217075e-05,0.69362665783145661,0.051423515408779333
1.325,0,-0.67500000000000004,0.0050222958699012799,-6.4929971442047153e-05,-0.00012277002887633212,-8.469141330113133e-07,2.2067387575889999e-05,0.69362665783145661,0.051423515408779333
1.3300000000000001,0,-0.66999999999999993,0.0050222958699012799,-9.9675189837855217e-05,-0.00011333870394256769,-8.3092956112944171e-07,2.1381913842414126e-05,0.69362665783145661,0.051423515408779333
1.335,0,-0.66500000000000004,0.0050222958699012799,-0.00013722788560256805,-0.00010274403234051527,-8.1514894377773551e-07,2.0709479808562508e-05,0.69362665783145661,0.051423515408779333
1.3400000000000001,0,-0.65999999999999992,0.0050222958699012799,-0.00017754953154369607,-9.0990420962898215e-05,-7.9957064149331734e-07,2.0049969069296245e-05,0.69362665783145661,0.051423515408779333
1.345,0,-0.65500000000000003,0.0050222958699012799,-0.00022060228163184187,-7.8082194771718463e-05,-7.8419303154645406e-07,1.9403265151281188e-05,0.69362665783145661,0.051423515408779333
1.3500000000000001,0,-0.64999999999999991,0.0050222958699012799,-0.0002663489560043014,-6.4023598600231307e-05,-7.6901450746089007e-07,1.8769251513390243e-05,0.69362665783145661,0.051423515408779333
1.355,0,-0.64500000000000002,0.0050222958699012799,-0.00031475302636308866,-4.8818798907532068e-05,-7.5403347854942284e-07,1.8147811547192709e-05,0.69362665783145661,0.051423515408779333
1.3600000000000001,0,-0.6399999999999999,0.0050222958699012799,-0.00036577860175538487,-3.2471885487182311e-05,-7.3924836946411896e-07,1.7538828577430003e-05,0.69362665783145661,0.051423515408779333
1.365,0,-0.63500000000000001,0.0050222958699012799,-0.0004193904147247256,-1.4986873131294095e-05,-7.2465761976075885e-07,1.6942185862479177e-05,0.69362665783145661,0.051423515408779333
1.3700000000000001,0,-0.62999999999999989,0.0050222958699012799,-0.00047555380782175408,3.6322967485997684e-06,-7.1025968347686628e-07,1.6357766594803712e-05,0.69362665783145661,0.051423515408779333
1.375,0,-0.625,0.0050222958699012799,-0.00053423472046363273,2.3381754542563208e-05,-6.9605302872296365e-07,1.5785453901392697e-05,0.69362665783145661,0.051423515408779333
1.3799999999999999,0,-0.62000000000000011,0.0050222958699012799,-0.00059539967613171099,4.425770090392887e-05,-6.8203613728650254e-07,1.5225130844188114e-05,0.69362665783145661,0.051423515408779333
1.385,0,-0.61499999999999999,0.0025961958843251135,-0.00064160578254589598,6.1190214150952087e-05,-9.171926121017309e-08,1.4650378423483825e-05,0.5002738697816167,0.02651502576824866
1.3899999999999999,0,-0.6100000000000001,0.0025961958843251135,-0.00061386911178975309,5.6788212068077087e-05,-8.1067478667898721e-08,1.4216022815246441e-05,0.5002738697816167,0.02651502576824866
1.395,0,-0.60499999999999998,0.0025961958843251135,-0.00058608595313468269,5.2397579138908874e-05,-7.0713911584044307e-08,1.3789812596427463e-05,0.5002738697816167,0.02651502576824866
1.3999999999999999,0,-0.60000000000000009,0.0025961958843251135,-0.00055825623459398175,4.801829247535993e-05,-6.0655490310064643e-08,1.3371679211401369e-05,0.5002738697816167,0.02651502576824866
1.405,0,-0.59499999999999997,0.0025961958843251135,-0.00053037988402913005,4.3650329129959449e-05,-5.0889136099506192e-08,1.296155393916705e-05,0.5002738697816167,0.02651502576824866
1.4099999999999999,0,-0.59000000000000008,0.0025961958843251135,-0.00050245682914939658,3.9293666095694401e-05,-4.1411761075889838e-08,1.2559367892949602e-05,0.5002738697816167,0.02651502576824866
1.415,0,-0.58499999999999996,0.0025961958843251135,-0.00047448699751142858,3.4948280305846396e-05,-3.2220268200498025e-08,1.2165052019800524e-05,0.5002738697816167,0.02651502576824866
1.4199999999999999,0,-0.58000000000000007,0.0025961958843251135,-0.00044647031651885575,3.0614148633831536e-05,-2.3311551240018872e-08,1.1778537100196988e-05,0.5002738697816167,0.02651502576824866
1.425,0,-0.57499999999999996,0.0025961958843251135,-0.00041840671342187639,2.629124789303645e-05,-1.4682494734057685e-08,1.1399753747639576e-05,0.5002738697816167,0.02651502576824866
1.4299999999999999,0,-0.57000000000000006,0.0025961958843251135,-0.00039029611531685968,2.1979554836657122e-05,-6.3299739625317816e-09,1.1028632408248978e-05,0.5002738697816167,0.02651502576824866
1.4350000000000001,0,-0.56499999999999995,0.0025961958843251135,-0.00036213844914592924,1.7679046157533976e-05,1.7491450870815374e-09,1.0665103360361211e-05,0.5002738697816167,0.02651502576824866
1.4399999999999999,0,-0.56000000000000005,0.0025961958843251135,-0.00033393364169656217,1.3389698487989429e-05,9.5580057526120623e-09,1.0309096714121797e-05,0.5002738697816167,0.02651502576824866
1.4450000000000001,0,-0.55499999999999994,0.0025961958843251135,-0.00030568161960116983,9.1114883996621992e-06,1.7099760730210657e-08,9.9605424110784001e-06,0.5002738697816167,0.02651502576824866
1.45,0,-0.55000000000000004,0.0025961958843251135,-0.0002773823093366951,4.8443924033435915e-06,2.4377572107482443e-08,9.6193702237724448e-06,0.5002738697816167,0.02651502576824866
1.4550000000000001,0,-0.54499999999999993,0.0025961958843251135,-0.00024903563722419034,5.8838694881081957e-07,3.1394611396759612e-08,9.2855097553292089e-06,0.5002738697816167,0.02651502576824866
1.46,0,-0.54000000000000004,0.0025961958843251135,-0.00022064152942841223,-3.6565515753376943e-06,3.8154059568508617e-08,8.9588904390468422e-06,0.5002738697816167,0.02651502576824866
1.4650000000000001,0,-0.53499999999999992,0.0025961958843251135,-0.00019219991195739544,-7.89044684185026e-06,4.4659107084867004e-08,8.6394415379838585e-06,0.5002738697816167,0.02651502576824866
1.47,0,-0.53000000000000003,0.0025961958843251135,-0.00016371071066204729,-1.2113322584987376e-05,5.0912953933318568e-08,8.3270921445455796e-06,0.5002738697816167,0.02651502576824866
1.4750000000000001,0,-0.52499999999999991,0.0025961958843251135,-0.00013517385123571716,-1.6325202600690934e-05,5.6918809660502049e-08,8.0217711800690087e-06,0.5002738697816167,0.02651502576824866
1.48,0,-0.52000000000000002,0.0025961958843251135,-0.00010658925921378845,-2.0526110746750786e-05,6.2679893406155473e-08,7.7234073944066503e-06,0.5002738697816167,0.02651502576824866
1.4850000000000001,0,-0.5149999999999999,0.0025961958843251135,-7.7956859973246637e-05,-2.4716070942974872e-05,6.8199433937197589e-08,7.4319293655087632e-06,0.5002738697816167,0.02651502576824866
1.49,0,-0.51000000000000001,0.0025961958843251135,-4.9276578732267086e-05,-2.8895107171357072e-05,7.3480669681947534e-08,7.1472654990045296e-06,0.5002738697816167,0.02651502576824866
1.4950000000000001,0,-0.50499999999999989,0.0025961958843251135,-2.0548340549780857e-05,-3.3063243476248201e-05,7.8526848764477798e-08,6.869344027781671e-06,0.5002738697816167,0.02651502576824866
1.5,0,-0.5,0.0025961958843251135,8.2279296749397325e-06,-3.7220503964525113e-05,8.3341229039114779e-08,6.5980930115649597e-06,0.5002738697816167,0.02651502576824866
1.5049999999999999,0,-0.49500000000000011,0.0025961958843251135,3.7052307202717248e-05,-4.1366912805762505e-05,8.7927078125065588e-08,6.3334403364931756e-06,0.5002738697816167,0.02651502576824866
1.51,0,-0.48999999999999999,0.0025961958843251135,6.5924867454892925e-05,-4.5502494232404127e-05,9.2287673441196371e-08,6.0753137146948716e-06,0.5002738697816167,0.02651502576824866
1.5149999999999999,0,-0.4850000000000001,0.0025961958843251135,9.4845686013751682e-05,-4.9627272539933612e-05,9.6426302240940497e-08,5.8236406838627783e-06,0.5002738697816167,0.02651502576824866
1.52,0,-0.47999999999999998,0.0025961958843251135,0.00012381483862296269,-5.3741272087049044e-05,1.003462616473592e-07,5.5783486068267388e-06,0.5002738697816167,0.02651502576824866
1.5249999999999999,0,-0.47500000000000009,0.0025961958843251135,0.00015283240118799994,-5.7844517295833837e-05,1.0405085868832883e-07,5.339364671125468e-06,0.5002738697816167,0.02651502576824866
1.53,0,-0.46999999999999997,0.0025961958843251135,0.00018189844977658699,-6.1937032651931953e-05,1.0754341033188662e-07,5.1066158885767638e-06,0.5002738697816167,0.02651502576824866
1.5349999999999999,0,-0.46500000000000008,0.0025961958843251135,0.00021101306061912121,-6.601884270472118e-05,1.1082724352170656e-07,4.880029094846527e-06,0.5002738697816167,0.02651502576824866
1.54,0,-0.45999999999999996,0.0025961958843251135,0.00024017631010912009,-7.0089972067488405e-05,1.1390569521272342e-07,4.6595309490162414e-06,0.5002738697816167,0.02651502576824866
1.5449999999999999,0,-0.45500000000000007,0.0025961958843251135,0.00026938827480364844,-7.4150445417604208e-05,1.1678211240690286e-07,4.445047933149242e-06,0.5002738697816167,0.02651502576824866
1.55,0,-0.44999999999999996,0.0025961958843251135,0.00029864903142376838,-7.8200287496699749e-05,1.1945985218915276e-07,4.2365063518554388e-06,0.5002738697816167,0.02651502576824866
1.5549999999999999,0,-0.44500000000000006,0.0025961958843251135,0.00032795865685496885,-8.2239523110841926e-05,1.2194228176338019e-07,4.033832331854812e-06,0.5002738697816167,0.02651502576824866
1.5600000000000001,0,-0.43999999999999995,0.0025961958843251135,0.00035731722814761799,-8.6268177130711786e-05,1.2423277848869877e-07,3.836951821539357e-06,0.5002738697816167,0.02651502576824866
1.5649999999999999,0,-0.43500000000000005,0.0025961958843251135,0.00038672482251739633,-9.0286274491780552e-05,1.2633472991577456e-07,3.6457905905337843e-06,0.5002738697816167,0.02651502576824866
1.5700000000000001,0,-0.42999999999999994,0.0025961958843251135,0.00041618151734575148,-9.4293840194489571e-05,1.282515338233277e-07,3.4602742292546733e-06,0.5002738697816167,0.02651502576824866
1.575,0,-0.42500000000000004,0.0025961958843251135,0.00044568739018033455,-9.8290899304426943e-05,1.2998659825477812e-07,3.2803281484683544e-06,0.5002738697816167,0.02651502576824866
1.5800000000000001,0,-0.41999999999999993,0.0025961958843251135,0.000475242518735457,-0.00010227747695250906,1.3154334155503879e-07,3.10587757884724e-06,0.5002738697816167,0.02651502576824866
1.585,0,-0.41500000000000004,0.0025961958843251135,0.00050484698089253081,-0.00010625359833515833,1.3292519240746275e-07,2.9368475705248741e-06,0.5002738697816167,0.02651502576824866
1.5900000000000001,0,-0.40999999999999992,0.0025961958843251135,0.00053450085470052805,-0.00011021928871448549,1.3413558987093222e-07,2.7731629926494269e-06,0.5002738697816167,0.02651502576824866
1.595,0,-0.40500000000000003,0.00092364337198990831,0.00056063233334314728,-0.00011423736415735905,6.4046038377690716e-08,2.6181775085068217e-06,0.29276063763890037,0.0092817260254316383
1.6000000000000001,0,-0.39999999999999991,0.00092364337198990831,0.0005134833199446358,-0.00011939398390660064,6.1626778828768814e-08,2.4984665258629566e-06,0.29276063763890037,0.0092817260254316383
1.605,0,-0.39500000000000002,0.00092364337198990831,0.00046835627416433198,-0.00012423639223735962,5.9260351240806377e-08,2.382331348835561e-06,0.29276063763890037,0.0092817260254316383
1.6100000000000001,0,-0.3899999999999999,0.00092364337198990831,0.00042526651813994538,-0.00012876263622917832,5.6946540585509043e-08,2.2697185411300961e-06,0.29276063763890037,0.0092817260254316383
1.615,0,-0.38500000000000001,0.00092364337198990831,0.00038422952896128562,-0.00013297074293490971,5.4685122521060254e-08,2.1605746891013429e-06,0.29276063763890037,0.0092817260254316383
1.6200000000000001,0,-0.37999999999999989,0.00092364337198990831,0.00034526094063419311,-0.00013685871912711372,5.2475863232359936e-08,2.0548464022063662e-06,0.29276063763890037,0.0092817260254316383
1.625,0,-0.375,0.00092364337198990831,0.00030837654607445032,-0.00014042455104058355,5.0318519268120475e-08,1.9524803134642977e-06,0.29276063763890037,0.0092817260254316383
1.6299999999999999,0,-0.37000000000000011,0.00092364337198990831,0.00027359229913214307,-0.0001436662041109386,4.8212837374751054e-08,1.853423079922895e-06,0.29276063763890037,0.0092817260254316383
1.635,0,-0.36499999999999999,0.00092364337198990831,0.00024092431664706566,-0.00014658162270920881,4.6158554326959449e-08,1.7576213831321283e-06,0.29276063763890037,0.0092817260254316383
1.6399999999999999,0,-0.3600000000000001,0.00092364337198990831,0.00021038888053570782,-0.00014916872987234093,4.4155396754998636e-08,1.6650219296248642e-06,0.29276063763890037,0.0092817260254316383
1.645,0,-0.35499999999999998,0.00092364337198990831,0.00018200243991037428,-0.00015142542702955449,4.220308096848471e-08,1.5755714514047315e-06,0.29276063763890037,0.0092817260254316383
1.6499999999999999,0,-0.35000000000000009,0.00092364337198990831,0.00015578161323105534,-0.00015334959372446949,4.0301312776713964e-08,1.4892167064414129e-06,0.29276063763890037,0.0092817260254316383
1.655,0,-0.34499999999999997,0.00092364337198990831,0.00013174319049059596,-0.00015493908733293273,3.8449787305394062e-08,1.405904479173354e-06,0.29276063763890037,0.0092817260254316383
1.6599999999999999,0,-0.34000000000000008,0.00092364337198990831,0.00010990413543380597,-0.00015619174277646221,3.6648188809718855e-08,1.3255815810181662e-06,0.29276063763890037,0.0092817260254316383
1.665,0,-0.33499999999999996,0.00092364337198990831,9.0281587811093635e-05,-0.00015710537223123249,3.4896190483700082e-08,1.2481948508907243e-06,0.29276063763890037,0.0092817260254316383
1.6699999999999999,0,-0.33000000000000007,0.00092364337198990831,7.2892865667282099e-05,-0.00015767776483251725,3.3193454265674111e-08,1.1736911557292311e-06,0.29276063763890037,0.0092817260254316383
1.675,0,-0.32499999999999996,0.00092364337198990831,5.7755467666220133e-05,-0.00015790668637450858,3.1539630639898694e-08,1.1020173910292672e-06,0.29276063763890037,0.0092817260254316383
1.6799999999999999,0,-0.32000000000000006,0.00090005370953809023,4.5360358228243225e-05,-0.00015676767782596488,2.497763891152332e-08,1.079302012437809e-06,0.28529696648686581,0.0089456071086599417
1.6850000000000001,0,-0.31499999999999995,0.00090005370953809023,3.5480829002035373e-05,-0.00015509387640663105,2.343870291238593e-08,1.011872675406012e-06,0.28529696648686581,0.0089456071086599417
1.6899999999999999,0,-0.31000000000000005,0.00090005370953809023,2.8028166911570648e-05,-0.00015306633304295686,2.1967714078996936e-08,9.4709078695393934e-07,0.28529696648686581,0.0089456071086599417
1.6950000000000001,0,-0.30499999999999994,0.00090005370953809023,2.2983592237436467e-05,-0.00015068681254416704,2.0562710685079269e-08,8.8490700151798084e-07,0.28529696648686581,0.0089456071086599417
1.7,0,-0.30000000000000004,0.00090005370953809023,2.0328518757617171e-05,-0.0001479570619888761,1.9221765656141479e-08,8.2527188887141886e-07,0.28529696648686581,0.0089456071086599417
1.7050000000000001,0,-0.29499999999999993,0.00090005370953809023,2.0044551261624226e-05,-0.00014487881095260919,1.794298598504696e-08,7.6813593543065095e-07,0.28529696648686581,0.0089456071086599417
1.71,0,-0.29000000000000004,0.00090005370953809023,2.2113483102857994e-05,-0.00014145377173182676,1.6724512158657565e-08,7.1344954554133872e-07,0.28529696648686581,0.0089456071086599417
1.7150000000000001,0,-0.28499999999999992,0.00090005370953809023,2.6517293788509027e-05,-0.00013768363956451137,1.5564517595315497e-08,6.6116304274476176e-07,0.28529696648686581,0.0089456071086599417
1.72,0,-0.28000000000000003,0.00090005370953809023,3.3238146606329286e-05,-0.0001335700928473817,1.4461208092935098e-08,6.1122667102480318e-07,0.28529696648686581,0.0089456071086599417
1.7250000000000001,0,-0.27499999999999991,0.00090005370953809023,4.2258386287620151e-05,-0.00012911479334979032,1.3412821287478302e-08,5.6359059603583751e-07,0.28529696648686581,0.0089456071086599417
1.73,0,-0.27000000000000002,0.00090005370953809023,5.356053670578845e-05,-0.00012431938642436843,1.241762612159659e-08,5.1820490631192949e-07,0.28529696648686581,0.0089456071086599417
1.7350000000000001,0,-0.2649999999999999,0.00090005370953809023,6.7127298609849138e-05,-0.0001191855012144694,1.1473922323223555e-08,4.7501961445760145e-07,0.28529696648686581,0.0089456071086599417
1.74,0,-0.26000000000000001,0.00090005370953809023,8.2941547392245143e-05,-0.00011371475085847463,1.058003989391076e-08,4.3398465832056521e-07,0.28529696648686581,0.0089456071086599417
1.7450000000000001,0,-0.25499999999999989,0.00090005370953809023,0.00010098633089039382,-0.00010790873269100983,9.7343386067014319e-09,3.9504990214666555e-07,0.28529696648686581,0.0089456071086599417
1.75,0,-0.25,0.00090005370953809023,0.00012124486722135306,-0.00010176902844113276,8.9352075133438694e-09,3.5816513771741036e-07,0.28529696648686581,0.0089456071086599417
1.7549999999999999,0,-0.24500000000000011,0.00090005370953809023,0.00014370054264903917,-9.5297204427539342e-05,8.1810644606486389e-09,3.2328008547033348e-07,0.28529696648686581,0.0089456071086599417
1.76,0,-0.23999999999999999,0.00090005370953809023,0.00016833690948341566,-8.8494811750845155e-05,7.4703556158001962e-09,2.9034439560253477e-07,0.28529696648686581,0.0089456071086599417
1.7649999999999999,0,-0.2350000000000001,0.00090005370953809023,0.00019513768401110081,-8.136338648299227e-05,6.8015550004370135e-09,2.5930764915766889e-07,0.28529696648686581,0.0089456071086599417
1.77,0,-0.22999999999999998,0.00090005370953809023,0.00022408674445685453,-7.3904449853827138e-05,6.1731640333179213e-09,2.3011935909665798e-07,0.28529696648686581,0.0089456071086599417
1.7749999999999999,0,-0.22500000000000009,0.00090005370953809023,0.00025516812897538626,-6.6119508434906978e-05,5.583711081398701e-09,2.0272897135244323e-07,0.28529696648686581,0.0089456071086599417
1.78,0,-0.21999999999999997,0.00090005370953809023,0.00028836603367299091,-5.8010054320572619e-05,5.0317510191438496e-09,1.7708586586901016e-07,0.28529696648686581,0.0089456071086599417
1.7849999999999999,0,-0.21500000000000008,0.00090005370953809023,0.00032366481065845988,-4.9577565306345913e-05,4.5158647959061041e-09,1.5313935762499642e-07,0.28529696648686581,0.0089456071086599417
1.79,0,-0.20999999999999996,0.00090005370953809023,0.00036104896612280512,-4.0823505064686009e-05,4.0346590112064145e-09,1.3083869764211046e-07,0.28529696648686581,0.0089456071086599417
1.7949999999999999,0,-0.20500000000000007,0.00090005370953809023,0.00040050315844725361,-3.1749323318162571e-05,3.5867654977543517e-09,1.1013307397865537e-07,0.28529696648686581,0.0089456071086599417
1.8,0,-0.19999999999999996,0.00090005370953809023,0.00044201219633907795,-2.2356456010076983e-05,3.1708409120494714e-09,9.0971612708379528e-08,0.28529696648686581,0.0089456071086599417
1.8049999999999999,0,-0.19500000000000006,0.00090005370953809023,0.00048556103699473504,-1.2646325472588575e-05,2.7855663324103645e-09,7.3303378884934018e-08,0.28529696648686581,0.0089456071086599417
1.8100000000000001,0,-0.18999999999999995,0.00090005370953809023,0.00053113478428990044,-2.6203405923754939e-06,2.4296468642796272e-09,5.7077377492153294e-08,0.28529696648686581,0.0089456071086599417
1.8149999999999999,0,-0.18500000000000005,0.00090005370953809023,0.00057871868699588323,7.7201030261155461e-06,2.1018112526577332e-09,4.2242554380425578e-08,0.28529696648686581,0.0089456071086599417
1.8200000000000001,0,-0.17999999999999994,0.00090005370953809023,0.00062829813702203522,1.8373622899801636e-05,1.8008115015212836e-09,2.8747797189363432e-08,0.28529696648686581,0.0089456071086599417
1.825,0,-0.17500000000000004,0.00011714711842419249,0.00060444501964192665,2.7667126356535574e-05,9.4590439459633529e-10,2.3520439848569587e-08,0.084244516317660986,0.00094027746699673663
1.8300000000000001,0,-0.16999999999999993,0.00011714711842419249,0.0005519662962165182,3.6424848125092904e-05,8.2176909019455404e-10,2.1265832831843644e-08,0.084244516317660986,0.00094027746699673663
1.835,0,-0.16500000000000004,0.00011714711842419249,0.00050064346588137693,4.5279363052052063e-05,7.0726806224601676e-10,1.9155681123360172e-08,0.084244516317660986,0.00094027746699673663
1.8400000000000001,0,-0.15999999999999992,0.00011714711842419249,0.00045047118830838313,5.4230868808502654e-05,6.0205611260748797e-10,1.7185464339727909e-08,0.084244516317660986,0.00094027746699673663
1.845,0,-0.15500000000000003,0.00011714711842419249,0.00040144415636005743,6.3279562251220491e-05,5.0578656585551865e-10,1.5350643870474761e-08,0.084244516317660986,0.00094027746699673663
1.8500000000000001,0,-0.14999999999999991,0.00011714711842419249,0.00035355709583236538,7.2425639429310592e-05,4.1811127944821561e-10,1.3646662815241714e-08,0.084244516317660986,0.00094027746699673663
1.855,0,-0.14500000000000002,0.00011714711842419249,0.00030680476519994609,8.1669295590780185e-05,3.3868065376388589e-10,1.2068945921342932e-08,0.084244516317660986,0.00094027746699673663
1.8600000000000001,0,-0.1399999999999999,0.00011714711842419249,0.00026118195536366625,9.1010725189060276e-05,2.6714364201799432e-10,1.0612899521685413e-08,0.084244516317660986,0.00094027746699673663
1.865,0,-0.13500000000000001,0.00011714711842419249,0.00021668348940054674,0.00010045012188945849,2.031477600601157e-10,9.2739114730463536e-09,0.084244516317660986,0.00094027746699673663
1.8700000000000001,0,-0.12999999999999989,0.00011714711842419249,0.00017330422231596576,0.00010998767857555965,1.4633909605230832e-10,8.0473510947020028e-09,0.084244516317660986,0.00094027746699673663
1.875,0,-0.125,0.00011714711842419249,0.00013103904079818184,0.0001196235873555624,9.6362320030552367e-11,6.9285691074058617e-09,0.084244516317660986,0.00094027746699673663
1.8799999999999999,0,-0.12000000000000011,0.00011714711842419249,8.988286297508777e-05,0.00012935803956856136,5.2860693350616069e-11,5.9128975727104854e-09,0.084244516317660986,0.00094027746699673663
1.885,0,-0.11499999999999999,0.00011714711842419249,4.9830638173223958e-05,0.00013919122579077056,1.5476078019930883e-11,4.995649832630355e-09,0.084244516317660986,0.00094027746699673663
1.8899999999999999,0,-0.1100000000000001,0.00011714711842419249,1.0877346679002113e-05,0.00014912333584168771,-1.6151054083128422e-11,4.1721204496412092e-09,0.084244516317660986,0.00094027746699673663
1.895,0,-0.10499999999999998,0.00011714711842419249,-2.6982000497896897e-05,0.00015915455879020749,-4.2381612101115876e-11,3.4375851470117153e-09,0.084244516317660986,0.00094027746699673663
1.8999999999999999,0,-0.10000000000000009,0.00011714711842419249,-6.375236185893318e-05,0.00016928508296067276,-6.3577877199106029e-11,2.7873007494646052e-09,0.084244516317660986,0.00094027746699673663
1.905,0,-0.094999999999999973,0.00011714711842419249,-9.9438665649001907e-05,0.00017951509593887774,-8.0103493674651099e-11,2.2165051241624018e-09,0.084244516317660986,0.00094027746699673663
1.9099999999999999,0,-0.09000000000000008,0.00011714711842419249,-0.00013404581008658013,0.00018984478457800892,-9.2323460174684678e-11,1.7204171220150055e-09,0.084244516317660986,0.00094027746699673663
1.915,0,-0.084999999999999964,0.00011714711842419249,-0.00016757866359180075,0.00020027433500454075,-1.006041210180645e-10,1.2942365193046237e-09,0.084244516317660986,0.00094027746699673663
1.9199999999999999,0,-0.080000000000000071,0.00011714711842419249,-0.00020004206501242702,0.00021080393262406857,-1.0531315762238341e-10,9.3314395962513395e-10,0.084244516317660986,0.00094027746699673663
1.925,0,-0.074999999999999956,0.00011714711842419249,-0.00023144082384779637,0.00022143376212709865,-1.0681958003376041e-10,6.3230089613164422e-10,0.084244516317660986,0.00094027746699673663
1.9299999999999999,0,-0.070000000000000062,0.00011714711842419249,-0.0002617797204707091,0.0002321640074947764,-1.0549371855829573e-10,3.8684953409729238e-10,0.084244516317660986,0.00094027746699673663
1.9350000000000001,0,-0.064999999999999947,0.00011714711842419249,-0.00029106350634732934,0.00024299485200457205,-1.0170721549392671e-10,1.9191277377325695e-10,0.084244516317660986,0.00094027746699673663
1.9399999999999999,0,-0.060000000000000053,0.00011714711842419249,-0.00031929690425507528,0.00025392647823590701,-9.5833016961412823e-11,4.259415354896552e-11,0.084244516317660986,0.00094027746699673663
1.9450000000000001,0,-0.054999999999999938,0.00011714711842419249,-0.00034648460849856061,0.00026495906807573683,-8.8245364833213724e-11,-6.6022206591291904e-11,0.084244516317660986,0.00094027746699673663
1.95,0,-0.050000000000000044,0.00011714711842419249,-0.00037263128512356994,0.00027609280272407772,-7.9319788759034951e-11,-1.3887166131843342e-10,0.084244516317660986,0.00094027746699673663
1.9550000000000001,0,-0.044999999999999929,0.00011714711842419249,-0.0003977415721291255,0.00028732786269949001,-6.9433098286826885e-11,-1.8090909591889543e-10,0.084244516317660986,0.00094027746699673663
1.96,0,-0.040000000000000036,0.00011714711842419249,-0.00042182007967762739,0.00029866442784450562,-5.8963375078057479e-11,-1.9710898196832979e-10,0.084244516317660986,0.00094027746699673663
1.9650000000000001,0,-0.03499999999999992,0.00011714711842419249,-0.0004448713903031276,0.00031010267733101471,-4.8289965216068818e-11,-1.9246543272205587e-10,0.084244516317660986,0.00094027746699673663
1.97,0,-0.030000000000000027,0.00011714711842419249,-0.00046690005911771579,0.00032164278966559693,-3.7793471606376529e-11,-1.719922582254256e-10,0.084244516317660986,0.00094027746699673663
1.9750000000000001,0,-0.024999999999999911,0.00011714711842419249,-0.00048791061401607684,0.00033328494269481174,-2.7855746467752905e-11,-1.4072302014731378e-10,0.084244516317660986,0.00094027746699673663
1.98,0,-0.020000000000000018,0.00011714711842419249,-0.00050790755587820299,0.00034502931361043564,-1.8859883912982998e-11,-1.037110863398853e-10,0.084244516317660986,0.00094027746699673663
1.9850000000000001,0,-0.014999999999999902,0.00011714711842419249,-0.00052689535877031108,0.00035687607895465982,-1.1190212618169134e-11,-6.602968512772489e-11,0.084244516317660986,0.00094027746699673663
1.99,0,-0.010000000000000009,0.00011714711842419249,-0.00054487847014395659,0.0003688254146252343,-5.2322885795018882e-12,-3.2771959329440758e-11,0.084244516317660986,0.00094027746699673663
1.9950000000000001,0,-0.0049999999999998934,0.00011714711842419249,-0.00056186131103338685,0.00038087749588057381,-1.3728879564050173e-12,-9.0510200147367101e-12,0.084244516317660986,0.00094027746699673663
2,0,0,0.00011714711842419249,-0.00057784827625112977,0.00039303249734481174,-0,-0,0.084244516317660986,0.00094027746699673663
2.0049999999999999,0,0.0049999999999998934,0,-0.00050312963547791915,0.00035328590049095015,-0,-0,-0.093428333118352289,0
2.0099999999999998,0,0.0099999999999997868,0,-0.00043144181862970099,0.00031584111491889832,-0,-0,-0.093428333118352289,0
2.0150000000000001,0,0.015000000000000124,0,-0.00036283526048033516,0.00028070404546955862,-0,-0,-0.093428333118352289,0
2.02,0,0.020000000000000018,0,-0.00029736153682751853,0.00024788073231993242,-0,-0,-0.093428333118352289,0
2.0249999999999999,0,0.024999999999999911,0,-0.000235073396943024,0.00021737735483189102,-0,-0,-0.093428333118352289,0
2.0299999999999998,0,0.029999999999999805,0,-0.00017602479713678241,0.00018920023553307893,-0,-0,-0.093428333118352289,0
2.0350000000000001,0,0.035000000000000142,0,-0.00012027093547956866,0.00016335584423522183,-0,-0,-0.093428333118352289,0
2.04,0,0.040000000000000036,0,-6.7868287731289053e-05,0.00013985080229543393,-0,-0,-0.093428333118352289,0
2.0449999999999999,0,0.044999999999999929,0,-1.8874644523910258e-05,0.00011869188702631869,-0,-0,-0.093428333118352289,0
2.0499999999999998,0,0.049999999999999822,0,2.665085014945444e-05,9.9886036261003571e-05,-0,-0,-0.093428333118352289,0
2.0550000000000002,0,0.05500000000000016,0,6.8647659085539314e-05,8.3440353079458548e-05,-0,-0,-0.093428333118352289,0
2.0600000000000001,0,0.060000000000000053,0,0.00010705381060555508,6.9362110702812481e-05,-0,-0,-0.093428333118352289,0
2.0649999999999999,0,0.064999999999999947,0,0.000141805855814435,5.765875756264606e-05,-0,-0,-0.093428333118352289,0
2.0699999999999998,0,0.06999999999999984,0,0.00017283882432270496,4.8337922552637983e-05,-0,-0,-0.093428333118352289,0
2.0750000000000002,0,0.075000000000000178,0,0.00020008617836614058,4.1407420470237897e-05,-0,-0,-0.093428333118352289,0
2.0800000000000001,0,0.080000000000000071,0,0.00022347976525511953,3.6875257656447842e-05,-0,-0,-0.093428333118352289,0
2.085,0,0.084999999999999964,0,0.00024294976808233212,3.4749637842170888e-05,-0,-0,-0.093428333118352289,0
2.0899999999999999,0,0.089999999999999858,0,0.00025842465461392507,3.5038968210017896e-05,-0,-0,-0.093428333118352289,0
2.0950000000000002,0,0.095000000000000195,0,0.00026983112428552718,3.7751865680885196e-05,-0,-0,-0.093428333118352289,0
2.1000000000000001,0,0.10000000000000009,0,0.00027709405322064238,4.2897163435088508e-05,-0,-0,-0.093428333118352289,0
2.105,0,0.10499999999999998,0,0.00028013643718480805,5.0483917678331475e-05,-0,-0,-0.093428333118352289,0
2.1099999999999999,0,0.10999999999999988,0,0.00027727269269511645,4.8377826570970951e-05,-0,-0,-0.11704760823269912,0
2.1150000000000002,0,0.11500000000000021,0,0.00026994712641590556,4.6263309513205614e-05,-0,-0,-0.11704760823269912,0
2.1200000000000001,0,0.12000000000000011,0,0.00025858239850133917,4.6643990077437292e-05,-0,-0,-0.11704760823269912,0
2.125,0,0.125,0,0.00024325292980503641,4.9509462279189636e-05,-0,-0,-0.11704760823269912,0
2.1299999999999999,0,0.12999999999999989,0,0.00022403133119988726,5.4849572049560454e-05,-0,-0,-0.11704760823269912,0
2.1349999999999998,0,0.13499999999999979,0,0.00020098845827062428,6.2654409623082754e-05,-0,-0,-0.11704760823269912,0
2.1400000000000001,0,0.14000000000000012,0,0.00017419346403511765,7.2914302199950597e-05,-0,-0,-0.11704760823269912,0
2.145,0,0.14500000000000002,0,0.00014371384977680425,8.5619806871134978e-05,-0,-0,-0.11704760823269912,0
2.1499999999999999,0,0.14999999999999991,0,0.00010961551406670003,0.0001007617037954798,-0,0,-0.11704760823269912,0
2.1549999999999998,0,0.1549999999999998,0,7.1962800049820013e-05,0.00011833098961835348,-0,0,-0.11704760823269912,0
2.1600000000000001,0,0.16000000000000014,0,3.0818541067237986e-05,0.0001383188711219509,-0,0,-0.11704760823269912,0
2.165,0,0.16500000000000004,0,-1.375589531822898e-05,0.00016071675909777122,-0,0,-0.11704760823269912,0
2.1699999999999999,0,0.16999999999999993,0,-6.1700564827983344e-05,0.00018551626243228691,-0,0,-0.11704760823269912,0
2.1749999999999998,0,0.17499999999999982,0,-0.00011295690544337144,0.00021270918239715868,-0,0,-0.11704760823269912,0
2.1800000000000002,0,0.18000000000000016,0,-0.00016746769779226416,0.00024228750713582562,-0,0,-0.11704760823269912,0
2.1850000000000001,0,0.18500000000000005,0,-0.00022517702689015331,0.00027424340633860347,-0,0,-0.11704760823269912,0
2.1899999999999999,0,0.18999999999999995,0,-0.00028603024518211598,0.00030856922609885965,-0,0,-0.11704760823269912,0
2.1949999999999998,0,0.19499999999999984,0,-0.0003488835471107105,0.00034432874425979439,-0,0,-0.29398822219697773,0
2.2000000000000002,0,0.20000000000000018,0,-0.00034948000622308763,0.0003275109052896283,-0,0,-0.29398822219697773,0
2.2050000000000001,0,0.20500000000000007,0,-0.00034937244191883321,0.00031121745355351351,-0,0,-0.29398822219697773,0
2.21,0,0.20999999999999996,0,-0.00034855486848421412,0.00029544650273742828,-0,0,-0.29398822219697773,0
2.2149999999999999,0,0.21499999999999986,0,-0.00034702122976197825,0.00028019614455050066,-0,0,-0.29398822219697773,0
2.2200000000000002,0,0.2200000000000002,0,-0.0003447653981121244,0.00026546444840077742,-0,0,-0.29398822219697773,0
2.2250000000000001,0,0.22500000000000009,0,-0.0003417811733542204,0.00025124946106524777,-0,0,-0.29398822219697773,0
2.23,0,0.22999999999999998,0,-0.00033806228169088441,0.00023754920635397374,-0,0,-0.29398822219697773,0
2.2349999999999999,0,0.23499999999999988,0,-0.00033360237461203921,0.00022436168476823746,-0,0,-0.29398822219697773,0
2.2400000000000002,0,0.24000000000000021,0,-0.00032839502777953561,0.00021168487315255516,-0,0,-0.29398822219697773,0
2.2450000000000001,0,0.24500000000000011,0,-0.0003224337398917373,0.00019951672434044549,-0,0,-0.29398822219697773,0
2.25,0,0.25,0,-0.00031571193152763789,0.00018785516679380344,-0,0,-0.29398822219697773,0
2.2549999999999999,0,0.25499999999999989,0,-0.00030822294397008827,0.00017669810423576529,-0,0,-0.29398822219697773,0
2.2599999999999998,0,0.25999999999999979,0,-0.00029996003800768548,0.00016604341527691319,-0,0,-0.29398822219697773,0
2.2650000000000001,0,0.26500000000000012,0,-0.00029091639271487191,0.00015588895303467865,-0,0,-0.29398822219697773,0
2.27,0,0.27000000000000002,0,-0.00028108510420978624,0.00014623254474581274,-0,0,-0.29398822219697773,0
2.2749999999999999,0,0.27499999999999991,0,-0.00027045918438937819,0.00013707199137175298,-0,0,-0.29398822219697773,0
2.2799999999999998,0,0.2799999999999998,0,-0.00025903155964131745,0.00012840506719675668,-0,0,-0.29398822219697773,0
2.2850000000000001,0,0.28500000000000014,0,-0.00024679506953218373,0.00012022951941863366,-0,0,-0.29398822219697773,0
2.29,0,0.29000000000000004,0,-0.00023374246547143998,0.00011254306773192284,-0,0,-0.29398822219697773,0
2.2949999999999999,0,0.29499999999999993,0,-0.00021986640935064709,0.00010534340390334242,0,0,-0.29398822219697773,0
2.2999999999999998,0,0.29999999999999982,0,-0.00020515947215740582,9.8628191339359333e-05,0,0,-0.29398822219697773,0
2.3050000000000002,0,0.30500000000000016,0,-0.00018961413256345777,9.2395064645693338e-05,0,0,-0.29398822219697773,0
2.3100000000000001,0,0.31000000000000005,0,-0.00017322277548639843,8.6641629178590073e-05,0,0,-0.29398822219697773,0
2.3149999999999999,0,0.31499999999999995,0,-0.00015597769062440084,8.1365460587673406e-05,0,0,-0.29398822219697773,0
2.3199999999999998,0,0.31999999999999984,0,-0.00013787107096338688,7.6564104350200973e-05,0,0,-0.29398822219697773,0
2.3250000000000002,0,0.32500000000000018,0,-0.00011889501125601589,7.2235075296529281e-05,0,0,-0.29398822219697773,0
2.3300000000000001,0,0.33000000000000007,0,-9.9041506471887476e-05,6.8375857126594332e-05,0,0,-0.29398822219697773,0
2.335,0,0.33499999999999996,0,-7.8302450218294269e-05,6.4983901917208992e-05,0,0,-0.29398822219697773,0
2.3399999999999999,0,0.33999999999999986,0,-5.6669633130901306e-05,6.2056629619972346e-05,0,0,-0.29398822219697773,0
2.3450000000000002,0,0.3450000000000002,0,-3.4134741233657558e-05,5.9591427549585944e-05,0,0,-0.29398822219697773,0
2.3500000000000001,0,0.35000000000000009,0,-1.0689354267271833e-05,5.758564986235614e-05,0,0,-0.29398822219697773,0
2.355,0,0.35499999999999998,0,1.3675056014485124e-05,5.6036617024664547e-05,0,-0,-0.29398822219697773,0
2.3599999999999999,0,0.35999999999999988,0,3.8967127581335099e-05,5.4941615271183165e-05,0,-0,-0.29398822219697773,0
2.3650000000000002,0,0.36500000000000021,0,6.5195609896677895e-05,5.4297896052600553e-05,0,-0,-0.29398822219697773,0
2.3700000000000001,0,0.37000000000000011,0,9.2304390238959774e-05,5.4000342578947433e-05,0,-0,-0.31360420324233085,0
2.375,0,0.375,0,0.00011900322008549875,5.2536610273173047e-05,0,-0,-0.31360420324233085,0
2.3799999999999999,0,0.37999999999999989,0,0.00014623107593266104,5.1868879432868215e-05,0,-0,-0.31360420324233085,0
2.3849999999999998,0,0.38499999999999979,0,0.0001739825645861174,5.1998679300049404e-05,0,-0,-0.31360420324233085,0
2.3900000000000001,0,0.39000000000000012,0,0.00020225236177098433,5.2927519477328466e-05,0,-0,-0.31360420324233085,0
2.395,0,0.39500000000000002,0,0.00022070438624440298,5.2264065236122182e-05,0,-0,-0.49867085431740699,0
2.3999999999999999,0,0.39999999999999991,0,0.00022395667623631359,4.8566691592621593e-05,0,-0,-0.49867085431740699,0
2.4049999999999998,0,0.4049999999999998,0,0.00022674714576114313,4.5166222053990593e-05,0,-0,-0.49867085431740699,0
2.4100000000000001,0,0.41000000000000014,0,0.00022907275703246182,4.2061903605470507e-05,0,-0,-0.49867085431740699,0
2.415,0,0.41500000000000004,0,0.00023093044534602263,3.9252976411563056e-05,0,-0,-0.49867085431740699,0
2.4199999999999999,0,0.41999999999999993,0,0.00023231711878093724,3.6738673740298753e-05,0,-0,-0.49867085431740699,0
2.4249999999999998,0,0.42499999999999982,0,0.00023322965789686031,3.4518221886497915e-05,0,-0,-0.49867085431740699,0
2.4300000000000002,0,0.43000000000000016,0,0.00023275859392821619,3.2008861091798901e-05,0,-0,-0.51136331414916469,0
2.4350000000000001,0,0.43500000000000005,0,0.00023138807884977639,2.9481734078762201e-05,0,-0,-0.51136331414916469,0
2.4399999999999999,0,0.43999999999999995,0,0.00022955765687444896,2.7210310512827536e-05,0,-0,-0.51136331414916469,0
2.4449999999999998,0,0.44499999999999984,0,0.00022727041315406783,2.5195471815772539e-05,0,-0,-0.51136331414916469,0
2.4500000000000002,0,0.45000000000000018,0,0.00022452940564553415,2.3438091791530656e-05,0,-0,-0.51136331414916469,0
2.4550000000000001,0,0.45500000000000007,0,0.00022133766540983051,2.1939036709961983e-05,0,-0,-0.51136331414916469,0
2.46,0,0.45999999999999996,0,0.00021769819690709469,2.0699165389520617e-05,0,-0,-0.51136331414916469,0
2.4649999999999999,0,0.46499999999999986,0,0.00021361397828782063,1.9719329278836391e-05,-0,-0,-0.51136331414916469,0
2.4700000000000002,0,0.4700000000000002,0,0.00020908796168024013,1.9000372537227535e-05,-0,-0,-0.51136331414916469,0
2.4750000000000001,0,0.47500000000000009,0,0.00020412307347394853,1.8543132114160251e-05,-0,-0,-0.51136331414916469,0
2.48,0,0.47999999999999998,0,0.00019872221459982489,1.8348437827670604e-05,-0,-0,-0.51136331414916469,0
2.4849999999999999,0,0.48499999999999988,0,0.00019288826080631039,1.8417112441765381e-05,-0,-0,-0.51136331414916469,0
2.4900000000000002,0,0.49000000000000021,0,0.00018662406293209504,1.8749971742819054e-05,-0,-0,-0.51136331414916469,0
2.4950000000000001,0,0.49500000000000011,0,0.00017993244717527104,1.9347824614976261e-05,-0,-0,-0.51136331414916469,0
2.5,0,0.5,0,0.0001728162153589989,2.0211473114583111e-05,-0,-0,-0.51136331414916469,0
2.5049999999999999,0,0.50499999999999989,0,0.00016527814519374888,2.1341712543654211e-05,-0,-0,-0.51136331414916469,0
2.5099999999999998,0,0.50999999999999979,0,0.00015732099053616158,2.2739331522395111e-05,-0,-0,-0.51136331414916469,0
2.5150000000000001,0,0.51500000000000012,0,0.00014894748164458031,2.4405112060792169e-05,-0,-0,-0.51136331414916469,0
2.52,0,0.52000000000000002,0,0.00014016032543131017,2.6339829629282441e-05,-0,-0,-0.51136331414916469,0
2.5249999999999999,0,0.52499999999999991,0,0.00013096220571163957,2.8544253228522498e-05,-0,-0,-0.51136331414916469,0
2.5299999999999998,0,0.5299999999999998,0,0.00012135578344968947,3.1019145458262374e-05,-0,-0,-0.51136331414916469,0
2.5350000000000001,0,0.53500000000000014,0,0.00011134369700112406,3.3765262585344147e-05,-0,-0,-0.51136331414916469,0
2.54,0,0.54000000000000004,0,0.00010092856235277965,3.6783354610833607e-05,-0,-0,-0.51136331414916469,0
2.5449999999999999,0,0.54499999999999993,0,9.0112973359243433e-05,4.0074165336302791e-05,-0,-0,-0.51136331414916469,0
2.5499999999999998,0,0.54999999999999982,0,7.8899501976444953e-05,4.363843242927007e-05,-0,-0,-0.51136331414916469,0
2.5550000000000002,0,0.55500000000000016,0,6.7290698492289603e-05,4.7476887487815541e-05,-0,-0,-0.51136331414916469,0
2.5600000000000001,0,0.56000000000000005,0,5.5289091754389743e-05,5.1590256104378501e-05,-0,0,-0.51136331414916469,0
2.5649999999999999,0,0.56499999999999995,0,4.2897189394919432e-05,5.5979257928756472e-05,-0,0,-0.51136331414916469,0
2.5699999999999998,0,0.56999999999999984,0,3.0117478052655394e-05,6.0644606730308577e-05,-0,0,-0.51136331414916469,0
2.5750000000000002,0,0.57500000000000018,0,1.6952423592228804e-05,6.5587010459382825e-05,-0,0,-0.51136331414916469,0
2.5800000000000001,0,0.58000000000000007,0,3.404471320642122e-06,7.0807171307971228e-05,-0,0,-0.51136331414916469,0
2.585,0,0.58499999999999996,0,-1.0523953798928184e-05,7.6305785769612756e-05,-0,0,-0.51136331414916469,0
2.5899999999999999,0,0.58999999999999986,0,-2.4830446935980078e-05,8.208354469854623e-05,-0,0,-0.51136331414916469,0
2.5950000000000002,0,0.5950000000000002,0,-3.951262318416593e-05,8.8141133368131177e-05,-0,0,-0.51136331414916469,0
2.6000000000000001,0,0.60000000000000009,0,-5.4568117355351053e-05,9.4479231528538733e-05,-0,0,-0.51136331414916469,0
2.605,0,0.60499999999999998,0,-6.8516606919893282e-05,9.1230000326813099e-05,-0,0,-0.70043838321208007,0
2.6099999999999999,0,0.60999999999999988,0,-8.1075916878075408e-05,8.297500962128963e-05,-0,0,-0.70043838321208007,0
2.6150000000000002,0,0.61500000000000021,0,-9.2823417508194875e-05,7.4952668539103522e-05,-0,0,-0.70043838321208007,0
2.6200000000000001,0,0.62000000000000011,0,-0.00010375446995916654,6.7162647524009569e-05,-0,0,-0.70043838321208007,0
2.625,0,0.625,0,-0.00011386439980535188,5.960461457024955e-05,-0,0,-0.70043838321208007,0
2.6299999999999999,0,0.62999999999999989,0,-0.00012314849670489039,5.2278235199024356e-05,-0,0,-0.70043838321208007,0
2.6349999999999998,0,0.63499999999999979,0,-0.0001316020140540912,4.5183172434692417e-05,-0,0,-0.70043838321208007,0
2.6400000000000001,0,0.64000000000000012,0,-0.00013922016863782502,3.8319086780690879e-05,-0,0,-0.70043838321208007,0
2.645,0,0.64500000000000002,0,-0.00014599814027586115,3.1685636195182424e-05,-0,0,-0.70043838321208007,0
2.6499999999999999,0,0.64999999999999991,0,-0.00015193107146510302,2.5282476066412636e-05,-0,0,-0.70043838321208007,0
2.6549999999999998,0,0.6549999999999998,0,-0.00015701406701765374,1.9109259187785627e-05,-0,0,-0.70043838321208007,0
2.6600000000000001,0,0.66000000000000014,0,-0.00016124219369466588,1.316563573264762e-05,-0,0,-0.70043838321208007,0
2.665,0,0.66500000000000004,0,-0.00016461047983591103,7.4512532287769404e-06,-0,0,-0.70043838321208007,0
2.6699999999999999,0,0.66999999999999993,0,-0.0001671139149850174,1.9657565325721658e-06,-0,0,-0.70043838321208007,0
2.6749999999999998,0,0.67499999999999982,0,-0.00016874744951030822,-3.291212197058901e-06,-0,0,-0.70043838321208007,0
2.6800000000000002,0,0.68000000000000016,0,-0.00016950599422118704,-8.3200135251192112e-06,-0,0,-0.70043838321208007,0
2.6850000000000001,0,0.68500000000000005,0,-0.00016938441998000543,-1.3121010767250591e-05,-0,0,-0.70043838321208007,0
2.6899999999999999,0,0.68999999999999995,0,-0.00016837755730935323,-1.7694570016782341e-05,-0,0,-0.70043838321208007,0
2.6949999999999998,0,0.69499999999999984,0,-0.00016648019599470489,-2.2041060172094752e-05,-0,0,-0.70043838321208007,0
2.7000000000000002,0,0.70000000000000018,0,-0.00016368708468236134,-2.6160852964308915e-05,-0,0,-0.70043838321208007,0
2.7050000000000001,0,0.70500000000000007,0,-0.00015999293047262088,-3.0054322985303671e-05,0,0,-0.70043838321208007,0
2.71,0,0.70999999999999996,0,-0.00015539239850811067,-3.3721847716068543e-05,0,0,-0.70043838321208007,0
2.7149999999999999,0,0.71499999999999986,0,-0.00014988011155721547,-3.7163807555391322e-05,0,0,-0.70043838321208007,0
2.7200000000000002,0,0.7200000000000002,0,-0.00014345064959253278,-4.038058584889008e-05,0,0,-0.70043838321208007,0
2.7250000000000001,0,0.72500000000000009,0,-0.000136098549364287,-4.3372568918390714e-05,0,0,-0.70043838321208007,0
2.73,0,0.72999999999999998,0,-0.00012781830396862715,-4.6140146091659131e-05,0,0,-0.70043838321208007,0
2.7349999999999999,0,0.73499999999999988,0,-0.00011860436241074389,-4.8683709732487903e-05,0,0,-0.70043838321208007,0
2.7400000000000002,0,0.74000000000000021,0,-0.00010845112916272676,-5.1003655271147096e-05,0,0,-0.70043838321208007,0
2.7450000000000001,0,0.74500000000000011,0,-9.7352963716094678e-05,-5.3100381235199906e-05,0,0,-0.70043838321208007,0
2.75,0,0.75,0,-8.530418012891147e-05,-5.4974289280693474e-05,0,0,-0.70043838321208007,0
2.7549999999999999,0,0.75499999999999989,0,-7.2299046567427276e-05,-5.6625784223724975e-05,0,0,-0.70043838321208007,0
2.7599999999999998,0,0.75999999999999979,0,-5.8331784842155344e-05,-5.8055274072391212e-05,0,-0,-0.70043838321208007,0
2.7650000000000001,0,0.76500000000000012,0,-4.3396569938309149e-05,-5.9263170059128121e-05,0,-0,-0.70043838321208007,0
2.77,0,0.77000000000000002,0,-2.748752954052718e-05,-6.0249886673440872e-05,0,-0,-0.70043838321208007,0
2.7749999999999999,0,0.77499999999999991,0,-1.0598743551783022e-05,-6.1015841695037505e-05,0,-0,-0.70043838321208007,0
2.7799999999999998,0,0.7799999999999998,0,7.2757563935741269e-06,-6.1561456227364199e-05,0,-0,-0.70043838321208007,0
2.7850000000000001,0,0.78500000000000014,0,2.6141987422755349e-05,-6.1887154731554323e-05,0,-0,-0.70043838321208007,0
2.79,0,0.79000000000000004,0,4.6006015923511024e-05,-6.1993365060791412e-05,0,-0,-0.70043838321208007,0
2.7949999999999999,0,0.79499999999999993,0,6.0365754645342569e-05,-6.1492631720996558e-05,0,-0,-0.90539529591881007,0
2.7999999999999998,0,0.79999999999999982,0,5.567559717540911e-05,-5.989668457289867e-05,0,-0,-0.91536700960011574,0
2.8050000000000002,0,0.80500000000000016,0,5.1425691967079078e-05,-5.8201522628794538e-05,0,-0,-0.91536700960011574,0
2.8100000000000001,0,0.81000000000000005,0,4.7656396827389944e-05,-5.6448534271626044e-05,0,-0,-0.91536700960011574,0
2.8149999999999999,0,0.81499999999999995,0,4.4365880720879506e-05,-5.463733325521515e-05,0,-0,-0.91536700960011574,0
2.8199999999999998,0,0.81999999999999984,0,4.1552321814744081e-05,-5.2767535534822059e-05,0,-0,-0.91536700960011574,0
2.8250000000000002,0,0.82500000000000018,0,3.9213907421141895e-05,-5.0838759253202908e-05,0,-0,-0.91536700960011574,0
2.8300000000000001,0,0.83000000000000007,0,3.7348833939931592e-05,-4.8850624726771625e-05,0,-0,-0.91536700960011574,0
2.835,0,0.83499999999999996,0,3.5955306801838252e-05,-4.6802754431865399e-05,0,-0,-0.91536700960011574,0
2.8399999999999999,0,0.83999999999999986,0,3.503154041204735e-05,-4.4694772991114642e-05,0,-0,-0.91536700960011574,0
2.8450000000000002,0,0.8450000000000002,0,3.4575758094220259e-05,-4.2526307159913761e-05,0,-0,-0.91536700960011574,0
2.8500000000000001,0,0.85000000000000009,0,3.4586192034928131e-05,-4.0296985812993854e-05,0,-0,-0.91536700960011574,0
2.855,0,0.85499999999999998,0,3.5061083228500543e-05,-3.8006439931095718e-05,0,-0,-0.91536700960011574,0
2.8599999999999999,0,0.85999999999999988,0,3.5998681422285951e-05,-3.5654302587741289e-05,0,-0,-0.91536700960011574,0
2.8650000000000002,0,0.86500000000000021,0,3.7397245062319837e-05,-3.3240208936105091e-05,-0,-0,-0.91536700960011574,0
2.8700000000000001,0,0.87000000000000011,0,3.925504123939588e-05,-3.0763796195983645e-05,-0,-0,-0.91536700960011574,0
2.875,0,0.875,0,4.1570345635539602e-05,-2.8224703640859445e-05,-0,-0,-0.91536700960011574,0
2.8799999999999999,0,0.87999999999999989,0,4.4341442470877931e-05,-2.5622572585063716e-05,-0,-0,-0.91536700960011574,0
2.8849999999999998,0,0.88499999999999979,0,4.7566624450902958e-05,-2.2957046371033089e-05,-0,-0,-0.91536700960011574,0
2.8900000000000001,0,0.89000000000000012,0,5.1244192714126103e-05,-2.0227770356660388e-05,-0,-0,-0.91536700960011574,0
2.895,0,0.89500000000000002,0,5.5372456780118054e-05,-1.7434391902740799e-05,-0,-0,-0.91536700960011574,0
2.8999999999999999,0,0.89999999999999991,0,5.9949734497935629e-05,-1.4576560360507833e-05,-0,-0,-0.91536700960011574,0
2.9049999999999998,0,0.9049999999999998,0,6.4974351994925156e-05,-1.1653927059264203e-05,-0,-0,-0.91536700960011574,0
2.9100000000000001,0,0.91000000000000014,0,7.0444643625905629e-05,-8.6661452941022378e-06,-0,-0,-0.91536700960011574,0
2.915,0,0.91500000000000004,0,7.6358951922723037e-05,-5.6128703137157313e-06,-0,-0,-0.91536700960011574,0
2.9199999999999999,0,0.91999999999999993,0,8.2715627544179595e-05,-2.4937593083001291e-06,-0,-0,-0.91536700960011574,0
2.9249999999999998,0,0.92499999999999982,0,8.9513029226326215e-05,6.9152860245722358e-07,-0,-0,-0.91536700960011574,0
2.9300000000000002,0,0.93000000000000016,0,9.6749523733122007e-05,3.9433323812992276e-06,-0,-0,-0.91536700960011574,0
2.9350000000000001,0,0.93500000000000005,0,0.00010442348580745159,7.2619890852330012e-06,-0,-0,-0.91536700960011574,0
2.9399999999999999,0,0.93999999999999995,0,0.00011253329812250665,1.064783387727901e-05,-0,-0,-0.91536700960011574,0
2.9449999999999998,0,0.94499999999999984,0,0.00012107735123351644,1.4101200038132776e-05,-0,-0,-0.91536700960011574,0
2.9500000000000002,0,0.95000000000000018,0,0.0001300540435298343,1.7622418977742181e-05,-0,-0,-0.91536700960011574,0
2.9550000000000001,0,0.95500000000000007,0,0.00013946178118736841,2.1211820246798489e-05,-0,-0,-0.91536700960011574,0
2.96,0,0.95999999999999996,0,0.00014929897812136696,2.4869731548147609e-05,-0,-0,-0.91536700960011574,0
2.9649999999999999,0,0.96499999999999986,0,0.00015956405593953852,2.8596478748114301e-05,-0,-0,-0.91536700960011574,0
2.9700000000000002,0,0.9700000000000002,0,0.00017025544389551707,3.2392385887746803e-05,-0,0,-0.91536700960011574,0
2.9750000000000001,0,0.97500000000000009,0,0.00018137157884265943,3.6257775193976659e-05,-0,0,-0.91536700960011574,0
2.98,0,0.97999999999999998,0,0.00019291090518818688,4.0192967090703028e-05,-0,0,-0.91536700960011574,0
2.9849999999999999,0,0.98499999999999988,0,0.00020487187484764845,4.4198280209790605e-05,-0,0,-0.91536700960011574,0
2.9900000000000002,0,0.99000000000000021,0,0.00021725294719971905,4.8274031401993194e-05,-0,0,-0.91536700960011574,0
2.9950000000000001,0,0.99500000000000011,0,0.00023005258904131804,5.2420535747793117e-05,-0,0,-0.91536700960011574,0
3,0,1,0,0.00024326927454306117,5.6638106568168985e-05,-0,0,-0.91536700960011574,0
3.0049999999999999,0,1.0049999999999999,0,0.000256901485205023,6.0927055435279293e-05,-0,0,-0.91536700960011574,0
3.0099999999999998,0,1.0099999999999998,0,0.00027094770981282251,6.5287692183073717e-05,-0,0,-0.91536700960011574,0
3.0150000000000001,0,1.0150000000000001,0,0.00028540644439402422,6.9720324917826182e-05,-0,0,-0.91536700960011574,0
3.02,0,1.02,0,0.00030027619217484568,7.4225260028591542e-05,-0,0,-0.91536700960011574,0
3.0249999999999999,0,1.0249999999999999,0,0.0002585809285205602,6.2715725080334233e-05,-0,0,-1.1038652189605112,0
3.0299999999999998,0,1.0299999999999998,0,0.00020799643989526884,4.8887778842556991e-05,-0,0,-1.1038652189605112,0
3.0350000000000001,0,1.0350000000000001,0,0.00016036721062119769,3.6102391583893398e-05,-0,0,-1.1038652189605112,0
3.04,0,1.04,0,0.00011572749839333103,2.4363823706775562e-05,-0,0,-1.1038652189605112,0
3.0449999999999999,0,1.0449999999999999,0,7.4112088441044986e-05,1.3676396762577263e-05,-0,0,-1.1038652189605112,0
3.0499999999999998,0,1.0499999999999998,0,3.555630371888113e-05,4.0444946296777372e-06,-0,0,-1.1038652189605112,0
3.0550000000000002,0,1.0550000000000002,0,9.6015334444101224e-08,-4.5274352810683992e-06,-0,0,-1.1038652189605112,0
3.0600000000000001,0,1.0600000000000001,0,-3.2232346780070553e-05,-1.203488079269818e-05,-0,0,-1.1038652189605112,0
3.0649999999999999,0,1.0649999999999999,0,-6.1391782946100919e-05,-1.8473263699584722e-05,-0,0,-1.1038652189605112,0
3.0699999999999998,0,1.0699999999999998,0,-8.7344712559759958e-05,-2.3837938475150404e-05,-0,0,-1.1038652189605112,0
3.0750000000000002,0,1.0750000000000002,0,-0.00011005296264865089,-2.8124190949040854e-05,-0,0,-1.1038652189605112,0
3.0800000000000001,0,1.0800000000000001,0,-0.00012947775615711072,-3.1327236952906562e-05,-0,0,-1.1038652189605112,0
3.085,0,1.085,0,-0.00014557969995236366,-3.3442220933926145e-05,-0,0,-1.1038652189605112,0
3.0899999999999999,0,1.0899999999999999,0,-0.00015831877254375934,-3.4464214535164645e-05,-0,0,-1.1038652189605112,0
3.0950000000000002,0,1.0950000000000002,0,-0.00016816659915267748,-3.501984245153398e-05,-0,0,-1.117330278475164,0
3.1000000000000001,0,1.1000000000000001,0,-0.00017498453719861458,-3.5310092140112725e-05,-0,0,-1.117330278475164,0
3.105,0,1.105,0,-0.00017812795808875041,-3.4628800972122925e-05,-0,0,-1.117330278475164,0
3.1099999999999999,0,1.1099999999999999,0,-0.00017763985889649705,-3.2980241856052471e-05,-0,0,-1.117330278475164,0
3.1150000000000002,0,1.1150000000000002,0,-0.00017356256123827432,-3.0368615191956396e-05,-0,0,-1.117330278475164,0
3.1200000000000001,0,1.1200000000000001,0,-0.00016593772447855116,-2.6798050283929706e-05,-0,0,-1.117330278475164,0
3.125,0,1.125,0,-0.00015480635862629376,-2.2272606719564522e-05,-0,0,-1.117330278475164,0
3.1299999999999999,0,1.1299999999999999,0,-0.00014020883693121179,-1.6796275717291859e-05,-0,0,-1.117330278475164,0
3.1349999999999998,0,1.1349999999999998,0,-0.00012218490818791529,-1.0372981442474723e-05,-0,0,-1.117330278475164,0
3.1400000000000001,0,1.1400000000000001,0,-0.00010077370875585627,-3.0065822930935355e-06,-0,0,-1.117330278475164,0
3.145,0,1.145,0,-7.6013774302695846e-05,5.2991278441538064e-06,-0,0,-1.117330278475164,0
3.1499999999999999,0,1.1499999999999999,0,-4.7943051278464491e-05,1.4540418366557536e-05,-0,0,-1.117330278475164,0
3.1549999999999998,0,1.1549999999999998,0,-1.6598908127723566e-05,2.4713620756127218e-05,-0,0,-1.117330278475164,0
3.1600000000000001,0,1.1600000000000001,0,1.7981853753347345e-05,3.5815127407612809e-05,0,0,-1.117330278475164,0
3.165,0,1.165,0,5.5762989308163384e-05,4.7841390483088042e-05,0,-0,-1.117330278475164,0
3.1699999999999999,0,1.1699999999999999,0,9.6708799352757363e-05,6.0788920792408353e-05,0,-0,-1.117330278475164,0
3.1749999999999998,0,1.1749999999999998,0,0.00014078412034420449,7.4654286698847301e-05,0,-0,-1.117330278475164,0
3.1800000000000002,0,1.1800000000000002,0,0.0001879543143783451,8.9434113049267807e-05,0,-0,-1.117330278475164,0
3.1850000000000001,0,1.1850000000000001,0,0.00023818525941078856,0.0001051250801281756,0,-0,-1.117330278475164,0
3.1899999999999999,0,1.1899999999999999,0,0.00029144333969547125,0.00012172392263505683,0,-0,-1.117330278475164,0
3.1949999999999998,0,1.1949999999999998,0,0.00034721442670702072,0.00013908787435722508,-0,-0,-1.3073460282965164,0
3.2000000000000002,0,1.2000000000000002,0,0.00033749197526583363,0.0001375903614459554,-0,-0,-1.3073460282965164,0
3.2050000000000001,0,1.2050000000000001,0,0.00032704378382570942,0.00013612104014063822,-0,-0,-1.3073460282965164,0
3.21,0,1.21,0,0.00031586836393740378,0.00013467995602084817,-0,-0,-1.3073460282965164,0
3.2149999999999999,0,1.2149999999999999,0,0.00030396422307974255,0.00013326715479258094,-0,-0,-1.3073460282965164,0
3.2200000000000002,0,1.2200000000000002,0,0.00029132986464568491,0.00013188268228868445,-0,-0,-1.3073460282965164,0
3.2250000000000001,0,1.2250000000000001,0,0.00027796378792833661,0.00013052658446929426,-0,-0,-1.3073460282965164,0
3.23,0,1.23,0,0.00026386448810689485,0.00012919890742226848,-0,-0,-1.3073460282965164,0
3.2349999999999999,0,1.2349999999999999,0,0.00024903045623254552,0.00012789969736362537,-0,-0,-1.3073460282965164,0
3.2400000000000002,0,1.2400000000000002,0,0.00023346017921429564,0.00012662900063798349,-0,-0,-1.3073460282965164,0
3.2450000000000001,0,1.2450000000000001,0,0.00021715213980475634,0.00012538686371900266,-0,-0,-1.3073460282965164,0
3.25,0,1.25,0,0.00020010481658585251,0.0001241733332098268,-0,-0,-1.3073460282965164,0
3.2549999999999999,0,1.2549999999999999,0,0.0001823166839544872,0.00012298845584352898,-0,-0,-1.3073460282965164,0
3.2599999999999998,0,1.2599999999999998,0,0.00016378621210814037,0.00012183227848355842,-0,-0,-1.3073460282965164,0
3.2650000000000001,0,1.2650000000000001,0,0.00014451186703040835,0.00012070484812418887,-0,-0,-1.3073460282965164,0
3.27,0,1.27,0,0.00012449211047649056,0.00011960621189096923,-0,-0,-1.3073460282965164,0
3.2749999999999999,0,1.2749999999999999,0,0.00010372539995860004,0.00011853641704117559,-0,-0,-1.3073460282965164,0
3.2799999999999998,0,1.2799999999999998,0,8.2210188731331291e-05,0.00011749551096426569,-0,-0,-1.3073460282965164,0
3.2850000000000001,0,1.2850000000000001,0,5.9944925776954982e-05,0.00011648354118233482,-0,-0,-1.3073460282965164,0
3.29,0,1.29,0,3.6928055790666449e-05,0.00011550055535057416,-0,-0,-1.3073460282965164,0
3.2949999999999999,0,1.2949999999999999,0,1.3158019165748725e-05,0.00011454660125773011,-0,-0,-1.3073460282965164,0
3.2999999999999998,0,1.2999999999999998,0,-1.1366748021301407e-05,0.00011362172682656631,-0,-0,-1.3073460282965164,0
3.3050000000000002,0,1.3050000000000002,0,-3.6647814025724597e-05,0.00011272598011432748,-0,-0,-1.3073460282965164,0
3.3100000000000001,0,1.3100000000000001,0,-6.2686751449498061e-05,0.00011185940931320502,-0,-0,-1.3073460282965164,0
3.3149999999999999,0,1.3149999999999999,0,-8.948513725641919e-05,0.00011102206275080426,-0,-0,-1.3073460282965164,0
3.3199999999999998,0,1.3199999999999998,0,-0.00011704455278723012,0.00011021398889061428,-0,-0,-1.3073460282965164,0
3.3250000000000002,0,1.3250000000000002,0,-0.00014536658377481879,0.00010943523633247919,-0,-0,-1.3073460282965164,0
3.3300000000000001,0,1.3300000000000001,0,-0.00017445282035946839,0.00010868585381307194,-0,-0,-1.3073460282965164,0
3.335,0,1.335,0,-0.00020430485710419549,0.00010796589020636914,-0,-0,-1.3073460282965164,0
3.3399999999999999,0,1.3399999999999999,0,-0.00023492429301012852,0.00010727539452412888,-0,-0,-1.3073460282965164,0
3.3450000000000002,0,1.3450000000000002,0,-0.00026631273153196336,0.00010661441591636985,-0,-0,-1.3073460282965164,0
3.3500000000000001,0,1.3500000000000001,0,-0.00029847178059346836,0.00010598300367185314,-0,-0,-1.3073460282965164,0
3.355,0,1.355,0,-0.00033140305260308348,0.0001053812072185652,-0,-0,-1.3073460282965164,0
3.3599999999999999,0,1.3599999999999999,0,-0.00036510816446955403,0.00010480907612420335,-0,-0,-1.3073460282965164,0
3.3650000000000002,0,1.3650000000000002,0,-0.00039958873761764951,0.00010426666009666351,-0,0,-1.3073460282965164,0
3.3700000000000001,0,1.3700000000000001,0,-0.00043484639800392823,0.00010375400898452944,-0,0,-1.3073460282965164,0
3.375,0,1.375,0,-0.00047088277613260068,0.00010327117277756452,-0,0,-1.3073460282965164,0
3.3799999999999999,0,1.3799999999999999,0,-0.00050769950707142621,0.00010281820160720487,-0,0,-1.3073460282965164,0
3.3849999999999998,0,1.3849999999999998,0,-0.000545298230467695,0.00010239514574705587,-0,0,-1.3073460282965164,0
3.3900000000000001,0,1.3900000000000001,0,-0.00058368059056427548,0.00010200205561338934,-0,0,-1.3073460282965164,0
3.395,0,1.395,0,-0.00062284823621571209,0.00010163898176564332,-0,0,-1.3073460282965164,0
3.3999999999999999,0,1.3999999999999999,0,-0.00066280282090442624,0.00010130597490692474,-0,0,-1.3073460282965164,0
3.4049999999999998,0,1.4049999999999998,0,-0.00070354600275694982,0.0001010030858845127,-0,0,-1.3073460282965164,0
3.4100000000000001,0,1.4100000000000001,0,-0.00074507944456025043,0.00010073036569036516,-0,0,-1.3073460282965164,0
3.415,0,1.415,0,-0.00072091380641909654,9.3756994591216353e-05,0,0,-1.4991285793291773,0
3.4199999999999999,0,1.4199999999999999,0,-0.00064753800629402142,8.2733871426160841e-05,0,0,-1.4991285793291773,0
3.4249999999999998,0,1.4249999999999998,0,-0.00057652078602600878,7.3154629402776328e-05,0,0,-1.4991285793291773,0
3.4300000000000002,0,1.4300000000000002,0,-0.00050789231454388456,6.5022778736881188e-05,0,0,-1.4991285793291773,0
3.4350000000000001,0,1.4350000000000001,0,-0.00044168327566301987,5.8341887177476492e-05,0,0,-1.4991285793291773,0
3.4399999999999999,0,1.4399999999999999,0,-0.00037792487911631498,5.3115581238870282e-05,0,0,-1.4991285793291773,0
3.4449999999999998,0,1.4449999999999998,0,-0.00031664887187006122,4.9347547464621841e-05,0,0,-1.4991285793291773,0
3.4500000000000002,0,1.4500000000000002,0,-0.00025788754973320009,4.7041533724256569e-05,0,0,-1.4991285793291773,0
3.4550000000000001,0,1.4550000000000001,0,-0.00020167376926896459,4.6201350543755102e-05,0,0,-1.4991285793291773,0
3.46,0,1.46,0,-0.00014804096001804227,4.6830872470841149e-05,0,0,-1.4991285793291773,0
3.4649999999999999,0,1.4649999999999999,0,-9.7023137042921508e-05,4.8934039476140946e-05,0,0,-1.4991285793291773,0
3.4700000000000002,0,1.4700000000000002,0,-4.8152778821867562e-05,5.155252591516844e-05,0,0,-1.5172166341474254,0
3.4750000000000001,0,1.4750000000000001,0,-4.4010033654951652e-07,5.1447567490339216e-05,0,0,-1.5172166341474254,0
3.48,0,1.48,0,4.3700176472739232e-05,5.2432113948648276e-05,0,0,-1.5172166341474254,0
3.4849999999999999,0,1.4849999999999999,0,8.4314072781598097e-05,5.4503469351819254e-05,0,0,-1.5172166341474254,0
3.4900000000000002,0,1.4900000000000002,0,0.00012144681542241621,5.7658986802200557e-05,0,0,-1.5172166341474254,0
3.4950000000000001,0,1.4950000000000001,0,0.00015514285394706924,6.1896067390044125e-05,0,0,-1.5172166341474254,0
3.5,0,1.5,0,0.00018544587725171556,6.7212159167808334e-05,0,0,-1.5172166341474254,0
3.5049999999999999,0,1.5049999999999999,0,0.00021239882977668262,7.3604756150671139e-05,0,0,-1.5172166341474254,0
3.5099999999999998,0,1.5099999999999998,0,0.00023604392729410865,8.1071397342479228e-05,0,0,-1.5172166341474254,0
3.5150000000000001,0,1.5150000000000001,0,0.00025642267229551111,8.9609665786382747e-05,0,0,-1.5172166341474254,0
3.52,0,1.52,0,0.00027357586899105036,9.9217187639421818e-05,0,0,-1.5172166341474254,0
3.5249999999999999,0,1.5249999999999999,0,0.00028754363793190003,0.00010989163127037568,0,0,-1.5172166341474254,0
3.5299999999999998,0,1.5299999999999998,0,0.00029836543026669216,0.00012163070638018035,0,0,-1.5172166341474254,0
3.5350000000000001,0,1.5350000000000001,0,0.00030608004164270206,0.00013443216314426958,0,0,-1.5172166341474254,0
3.54,0,1.54,0,0.00031072562576204513,0.00014829379137619442,0,0,-1.5172166341474254,0
3.5449999999999999,0,1.5449999999999999,0,0.00031233970760284461,0.00016321341971192488,0,0,-1.5172166341474254,0
3.5499999999999998,0,1.5499999999999998,0,0.00031095919631497586,0.00017918891481421808,0,0,-1.5172166341474254,0
3.5550000000000002,0,1.5550000000000002,0,0.00030662039779970449,0.00019621818059649659,0,0,-1.5172166341474254,0
3.5600000000000001,0,1.5600000000000001,0,0.00029935902698222225,0.00021429915746566495,0,-0,-1.5172166341474254,0
3.5649999999999999,0,1.5649999999999999,0,0.00028921021978578108,0.00023342982158335298,0,-0,-1.5172166341474254,0
3.5699999999999998,0,1.5699999999999998,0,0.00027620854481587005,0.00025360818414503202,0,-0,-1.5172166341474254,0
3.5750000000000002,0,1.5750000000000002,0,0.00026038801476258077,0.00027483229067653083,0,-0,-1.5172166341474254,0
3.5800000000000001,0,1.5800000000000001,0,0.00024178209752907619,0.00029710022034743497,0,-0,-1.5172166341474254,0
3.585,0,1.585,0,0.00022042372709378088,0.00032041008530093757,0,-0,-1.5172166341474254,0
3.5899999999999999,0,1.5899999999999999,0,0.0001963453141137282,0.00034476002999963851,0,-0,-1.5172166341474254,0
3.5950000000000002,0,1.5950000000000002,0,0.00016957875627620795,0.00037014823058688725,0,-0,-1.5172166341474254,0
3.6000000000000001,0,1.6000000000000001,0,0.00012333982094503952,0.00034523605427241302,0,-0,-1.6929240872589453,0
3.605,0,1.605,0,7.7295345534206524e-05,0.00031667878475232029,0,-0,-1.6929240872589453,0
3.6099999999999999,0,1.6099999999999999,0,3.3416836600294669e-05,0.00028975134565398383,0,-0,-1.6929240872589453,0
3.6150000000000002,0,1.6150000000000002,0,-8.2630088139597773e-06,0.00026445379781814417,0,-0,-1.6929240872589453,0
3.6200000000000001,0,1.6200000000000001,0,-4.7710825851441861e-05,0.00024078620274724591,0,-0,-1.6929240872589453,0
3.625,0,1.625,0,-8.4892564703431992e-05,0.0002187486226223886,0,-0,-1.6929240872589453,0
3.6299999999999999,0,1.6299999999999999,0,-0.00011977347294189597,0.00019834112032082231,0,-0,-1.6929240872589453,0
3.6349999999999998,0,1.6349999999999998,0,-0.00015231807730209143,0.00017956375943397899,0,-0,-1.6929240872589453,0
3.6400000000000001,0,1.6400000000000001,0,-0.00018249016489541337,0.00016241660428606777,0,-0,-1.6929240872589453,0
3.645,0,1.645,0,-0.00021025276383156844,0.00014689971995326113,0,-0,-1.6929240872589453,0
3.6499999999999999,0,1.6499999999999999,0,-0.00023556812322833849,0.00013301317228347329,0,-0,-1.6929240872589453,0
3.6549999999999998,0,1.6549999999999998,0,-0.000258397692586179,0.00012075702791678275,0,-0,-1.6929240872589453,0
3.6600000000000001,0,1.6600000000000001,0,-0.00027870210050402261,0.00011013135430649733,0,-0,-1.6929240872589453,0
3.665,0,1.665,0,-0.00029644113271158612,0.00010113621974090333,0,-0,-1.6929240872589453,0
3.6699999999999999,0,1.6699999999999999,0,-0.00031157370939245704,9.3771693365705556e-05,0,-0,-1.6929240872589453,0
3.6749999999999998,0,1.6749999999999998,0,-0.00032405786177107176,8.803784520720686e-05,0,-0,-1.6929240872589453,0
3.6800000000000002,0,1.6800000000000002,0,-0.00033385070793558267,8.3934746196239686e-05,0,-0,-1.6929240872589453,0
3.6850000000000001,0,1.6850000000000001,0,-0.00034090842786734627,8.1462468192881952e-05,0,-0,-1.6929240872589453,0
3.6899999999999999,0,1.6899999999999999,0,-0.00034518623764650429,8.062108401198995e-05,0,-0,-1.6929240872589453,0
3.6949999999999998,0,1.6949999999999998,0,-0.00034591740689710461,7.9547138991226612e-05,0,-0,-1.7169515120723169,0
3.7000000000000002,0,1.7000000000000002,0,-0.00034019119691349072,7.0633878578940651e-05,0,-0,-1.7169515120723169,0
3.7050000000000001,0,1.7050000000000001,0,-0.00033178429467352653,6.3445355569024446e-05,0,-0,-1.7169515120723169,0
3.71,0,1.71,0,-0.00032074090855897146,5.7979568915860651e-05,0,-0,-1.7169515120723169,0
3.7149999999999999,0,1.7149999999999999,0,-0.00030710429199380673,5.4234561792573924e-05,0,-0,-1.7169515120723169,0
3.7200000000000002,0,1.7200000000000002,0,-0.00029091676909167533,5.2208420403487751e-05,0,-0,-1.7169515120723169,0
3.7250000000000001,0,1.7250000000000001,0,-0.00027221975948116636,5.1899272834651748e-05,0,-0,-1.7169515120723169,0
3.73,0,1.73,0,-0.00025105380233950489,5.3305287941018338e-05,0,-0,-1.7169515120723169,0
3.7349999999999999,0,1.7349999999999999,0,-0.00022745857966396591,5.6424674268918342e-05,0,-0,-1.7169515120723169,0
3.7400000000000002,0,1.7400000000000002,0,-0.00020147293880905351,6.125567901253257e-05,0,-0,-1.7169515120723169,0
3.7450000000000001,0,1.7450000000000001,0,-0.00017313491431634537,6.7796587003112391e-05,0,-0,-1.7169515120723169,0
3.75,0,1.75,0,-0.00014248174906274035,7.604571972976409e-05,0,-0,-1.7169515120723169,0
3.7549999999999999,0,1.7549999999999999,0,-0.00010954991475184417,8.6001434390643998e-05,0,-0,-1.7169515120723169,0
3.7599999999999998,0,1.7599999999999998,0,-7.4375131772149567e-05,9.766212297347468e-05,0,0,-1.7169515120723169,0
3.7650000000000001,0,1.7650000000000001,0,-3.6992388444724317e-05,0.00011102621136432923,0,0,-1.7169515120723169,0
3.77,0,1.77,0,2.5640403177856069e-06,0.00012609215848366685,0,0,-1.7169515120723169,0
3.7749999999999999,0,1.7749999999999999,0,4.4260574919991971e-05,0.00014285845544867272,0,0,-1.7169515120723169,0
3.7799999999999998,0,1.7799999999999998,0,8.8064313540312206e-05,0.00016132362476094667,0,0,-1.7169515120723169,0
3.7850000000000001,0,1.7850000000000001,0,0.00013394301511603475,0.00018148621951867181,0,0,-1.7169515120723169,0
3.79,0,1.79,0,0.00018186508283837474,0.00020334482265238612,0,0,-1.7169515120723169,0
3.7949999999999999,0,1.7949999999999999,0,0.00023179954813983811,0.00022689804618356756,0,0,-1.7169515120723169,0
3.7999999999999998,0,1.7999999999999998,0,0.00027245217971089814,0.00024530322325141377,0,0,-1.8965204369529702,0
3.8050000000000002,0,1.8050000000000002,0,0.00026865487410210402,0.0002370364943012869,0,0,-1.8965204369529702,0
3.8100000000000001,0,1.8100000000000001,0,0.00026471837371402164,0.00022889435006832824,0,0,-1.8965204369529702,0
3.8149999999999999,0,1.8149999999999999,0,0.00026064158381267056,0.00022087571208641955,0,0,-1.8965204369529702,0
3.8199999999999998,0,1.8199999999999998,0,0.00025642339806250818,0.00021297949045770247,0,0,-1.8965204369529702,0
3.8250000000000002,0,1.8250000000000002,0,0.00025206269837233463,0.00020520458370073944,0,0,-1.8965204369529702,0
3.8300000000000001,0,1.8300000000000001,0,0.00024755835473873756,0.00019754987859625019,0,0,-1.8965204369529702,0
3.835,0,1.835,0,0.00024290922508702367,0.00019001425003037077,0,0,-1.8965204369529702,0
3.8399999999999999,0,1.8399999999999999,0,0.0002381141551095995,0.00018259656083540078,0,0,-1.8965204369529702,0
3.8450000000000002,0,1.8450000000000002,0,0.00023317197810174514,0.00017529566162798063,0,0,-1.8965204369529702,0
3.8500000000000001,0,1.8500000000000001,0,0.00022808151479473829,0.00016811039064465943,0,0,-1.8965204369529702,0
3.855,0,1.855,0,0.00022284157318627122,0.00016103957357479256,0,0,-1.8965204369529702,0
3.8599999999999999,0,1.8599999999999999,0,0.00021745094836811765,0.00015408202339073205,0,0,-1.8965204369529702,0
3.8650000000000002,0,1.8650000000000002,0,0.00021190842235099027,0.00014723654017524779,0,0,-1.8965204369529702,0
3.8700000000000001,0,1.8700000000000001,0,0.00020621276388654223,0.00014050191094613486,0,0,-1.8965204369529702,0
3.875,0,1.875,0,0.00020036272828644809,0.00013387690947794188,0,0,-1.8965204369529702,0
3.8799999999999999,0,1.8799999999999999,0,0.00019435705723852017,0.00012736029612077967,0,0,-1.8965204369529702,0
3.8849999999999998,0,1.8849999999999998,0,0.00018819447861979447,0.00012095081761614292,0,0,-1.8965204369529702,0
3.8900000000000001,0,1.8900000000000001,0,0.00018187370630653131,0.00011464720690969243,0,0,-1.8965204369529702,0
3.895,0,1.895,0,0.00017539343998107298,0.00010844818296093907,0,0,-1.8965204369529702,0
3.8999999999999999,0,1.8999999999999999,0,0.00016875236493548985,0.00010235245054976498,0,0,-1.8965204369529702,0
3.9049999999999998,0,1.9049999999999998,0,0.0001619491518719637,9.6358700079728754e-05,0,0,-1.8965204369529702,0
3.9100000000000001,0,1.9100000000000001,0,0.00015498245669983514,9.0465607378082896e-05,0,0,-1.8965204369529702,0
3.915,0,1.915,0,0.00014785092032925772,8.4671833492449257e-05,0,0,-1.8965204369529702,0
3.9199999999999999,0,1.9199999999999999,0,0.00014055316846138234,7.8976024484073932e-05,0,0,-1.8965204369529702,0
3.9249999999999998,0,1.9249999999999998,0,0.00013308781137501543,7.3376811217609183e-05,0,0,-1.8965204369529702,0
3.9300000000000002,0,1.9300000000000002,0,0.00012545344370967244,6.7872809147342258e-05,0,0,-1.8965204369529702,0
3.9350000000000001,0,1.9350000000000001,0,0.00011764864424496329,6.2462618099809114e-05,0,0,-1.8965204369529702,0
3.9399999999999999,0,1.9399999999999999,0,0.0001096719756762251,5.7144822052712896e-05,0,0,-1.8965204369529702,0
3.9449999999999998,0,1.9449999999999998,0,0.00010152198438634257,5.191798891008381e-05,0,0,-1.8965204369529702,0
3.9500000000000002,0,1.9500000000000002,0,9.3197200213668583e-05,4.6780670273596814e-05,0,0,-1.8965204369529702,0
3.9550000000000001,0,1.9550000000000001,0,8.4696136215975731e-05,4.1731401209977666e-05,0,0,-1.8965204369529702,0
3.96,0,1.96,0,7.6017288430347288e-05,3.6768700014410327e-05,0,0,-1.8965204369529702,0
3.9649999999999999,0,1.9649999999999999,0,6.7159135628941087e-05,3.1891067969874083e-05,0,0,-1.8965204369529702,0
3.9700000000000002,0,1.9700000000000002,0,5.8120139070531477e-05,2.7096989102324177e-05,0,0,-1.8965204369529702,0
3.9750000000000001,0,1.9750000000000001,0,4.8898742247752592e-05,2.2384929931632419e-05,0,0,-1.8965204369529702,0
3.98,0,1.98,0,3.9493370629943683e-05,1.7753339218199473e-05,0,0,-1.8965204369529702,0
3.9849999999999999,0,1.9849999999999999,0,2.9902431401522994e-05,1.3200647705156496e-05,0,0,-1.8965204369529702,0
3.9900000000000002,0,1.9900000000000002,0,2.0124313195786074e-05,8.7252678560617178e-06,0,0,-1.8965204369529702,0
3.9950000000000001,0,1.9950000000000001,0,1.0157385824045165e-05,4.3255935880015558e-06,0,0,-1.8965204369529702,0
4,0,2,0,0,0,0,-0,-1.9172177441452261,0
