distance,x,y,porosity,stokes_velocity_x,stokes_velocity_y,darcy_segregation_flux_x,darcy_segregation_flux_y,stokes_pressure_assembled,darcy_pressure_assembled
0,0,-2,0.03803333333333335,0,0,-3.6911605350587202e-15,0,1.9132556381062698,0.35204193401040884
0.0050000000000000001,0,-1.9950000000000001,0.03803333333333335,1.2287969823717141e-17,-2.1372562501574174e-05,-3.6461960522560387e-15,2.3563250159336098e-05,1.9132556381062698,0.35204193401040884
0.01,0,-1.99,0.03803333333333335,2.3846947781768219e-17,-4.2745125003149275e-05,-3.6015433581036414e-15,4.6890573278302332e-05,1.9132556381062698,0.35204193401040884
0.014999999999999999,0,-1.9850000000000001,0.03803333333333335,3.4676933874152212e-17,-6.4117687504723462e-05,-3.5572014526674914e-15,6.9982857413510331e-05,1.9132556381062698,0.35204193401040884
0.02,0,-1.98,0.03803333333333335,4.4777928100870077e-17,-8.5490250006298551e-05,-3.5131693360135427e-15,9.2840990621575857e-05,1.9132556381062698,0.35204193401040884
0.025000000000000001,0,-1.9750000000000001,0.03803333333333335,5.414993046192092e-17,-0.00010686281250787273,-3.4694460082077577e-15,0.00011546586095911056,1.9132556381062698,0.35204193401040884
0.029999999999999999,0,-1.97,0.03803333333333335,6.2792940957305579e-17,-0.00012823537500944785,-3.4260304693160924e-15,0.00013785835648273017,1.9132556381062698,0.35204193401040884
0.035000000000000003,0,-1.9650000000000001,0.03803333333333335,7.0706959587023254e-17,-0.000149607937511022,-3.3829217194045093e-15,0.00016001936524904635,1.9132556381062698,0.35204193401040884
0.040000000000000001,0,-1.96,0.03803333333333335,7.7891986351074708e-17,-0.00017098050001259713,-3.3401187585389635e-15,0.00018194977531467489,1.9132556381062698,0.35204193401040884
0.044999999999999998,0,-1.9550000000000001,0.03803333333333335,8.4348021249459252e-17,-0.00019235306251417131,-3.2976205867854179e-15,0.00020365047473622742,1.9132556381062698,0.35204193401040884
0.050000000000000003,0,-1.95,0.03803333333333335,9.0075064282177476e-17,-0.00021372562501574641,-3.2554262042098261e-15,0.00022512235157031953,1.9132556381062698,0.35204193401040884
0.055,0,-1.9450000000000001,0.03803333333333335,9.5073115449228888e-17,-0.00023509818751732059,-3.213534610878152e-15,0.00024636629387356321,1.9132556381062698,0.35204193401040884
0.059999999999999998,0,-1.9399999999999999,0.03803333333333335,9.9342174750613883e-17,-0.00025647075001889569,-3.1719448068563514e-15,0.00026738318970257391,1.9132556381062698,0.35204193401040884
0.065000000000000002,0,-1.9350000000000001,0.03803333333333335,1.0288224218633214e-16,-0.00027784331252046985,-3.1306557922103846e-15,0.00028817392711396342,1.9132556381062698,0.35204193401040884
0.070000000000000007,0,-1.9299999999999999,0.03803333333333335,1.0569331775638395e-16,-0.00029921587502204498,-3.0896665670062092e-15,0.00030873939416434736,1.9132556381062698,0.35204193401040884
0.074999999999999997,0,-1.925,0.03803333333333335,1.0777540146076905e-16,-0.00032058843752361913,-3.0489761313097856e-15,0.00032908047891033743,1.9132556381062698,0.35204193401040884
0.080000000000000002,0,-1.9199999999999999,0.03803333333333335,1.0912849329948765e-16,-0.00034196100002519426,-3.0085834851870703e-15,0.00034919806940854949,1.9132556381062698,0.35204193401040884
0.085000000000000006,0,-1.915,0.03803333333333335,1.0975259327253961e-16,-0.00036333356252676846,-2.9684876287040257e-15,0.00036909305371559531,1.9132556381062698,0.35204193401040884
0.089999999999999997,0,-1.9099999999999999,0.03803333333333335,1.0964770137992498e-16,-0.00038470612502834354,-2.9286875619266073e-15,0.00038876631988809016,1.9132556381062698,0.35204193401040884
0.095000000000000001,0,-1.905,0.03803333333333335,1.0881381762164378e-16,-0.00040607868752991769,-2.8891822849207764e-15,0.00040821875598264602,1.9132556381062698,0.35204193401040884
0.10000000000000001,0,-1.8999999999999999,0.03803333333333335,1.0725094199769594e-16,-0.00042745125003149282,-2.8499707977524894e-15,0.00042745125005587864,1.9132556381062698,0.35204193401040884
0.105,0,-1.895,0.034233333333333352,1.008247677562045e-16,-0.00043549490022976338,-3.3096289327534881e-15,0.00043654743953345457,1.8202783456977263,0.32839566046145602
0.11,0,-1.8899999999999999,0.034233333333333352,9.173541610338172e-17,-0.00044353855042803431,-3.1723148773858092e-15,0.00044552999257192191,1.8202783456977263,0.32839566046145602
0.115,0,-1.885,0.034233333333333352,7.9982887039228261e-17,-0.00045158220062630486,-3.0363137132320368e-15,0.00045439938297636533,1.8202783456977263,0.32839566046145602
0.12,0,-1.8799999999999999,0.034233333333333352,6.5567180563743201e-17,-0.0004596258508245758,-2.9016204066129759e-15,0.00046315608455187103,1.8202783456977263,0.32839566046145602
0.125,0,-1.875,0.034233333333333352,4.8488296676927773e-17,-0.00046766950102284635,-2.7682299238494586e-15,0.0004718005711035235,1.8202783456977263,0.32839566046145602
0.13,0,-1.8700000000000001,0.034233333333333352,2.8746235378781325e-17,-0.00047571315122111685,-2.6361372312622965e-15,0.00048033331643640865,1.8202783456977263,0.32839566046145602
0.13500000000000001,0,-1.865,0.034233333333333352,6.3409966693029792e-18,-0.00048375680141938784,-2.5053372951723053e-15,0.00048875479435561199,1.8202783456977263,0.32839566046145602
0.14000000000000001,0,-1.8599999999999999,0.034233333333333352,-1.8727419451506622e-17,-0.00049180045161765866,-2.3758250819003078e-15,0.00049706547866621873,1.8202783456977263,0.32839566046145602
0.14499999999999999,0,-1.855,0.034233333333333352,-4.6459012983646085e-17,-0.00049984410181592922,-2.2475955577671309e-15,0.0005052658431733138,1.8202783456977263,0.32839566046145602
0.14999999999999999,0,-1.8500000000000001,0.034233333333333352,-7.6853783927116545e-17,-0.00050788775201419977,-2.120643689093586e-15,0.00051335636168198283,1.8202783456977263,0.32839566046145602
0.155,0,-1.845,0.034233333333333352,-1.0991173228191948e-16,-0.00051593140221247087,-1.9950539399997164e-15,0.00052133750799731183,1.8202783456977263,0.32839566046145602
0.16,0,-1.8400000000000001,0.034233333333333352,-1.4563285804805188e-16,-0.00052397505241074131,-1.8705527834086671e-15,0.00052920975592438504,1.8202783456977263,0.32839566046145602
0.16500000000000001,0,-1.835,0.034233333333333352,-1.8401716122551703e-16,-0.00053201870260901219,-1.747492209301489e-15,0.00053697357926828888,1.8202783456977263,0.32839566046145602
0.17000000000000001,0,-1.8300000000000001,0.034233333333333352,-2.2506464181431156e-16,-0.00054006235280728264,-1.6255561196451621e-15,0.00054462945183410803,1.8202783456977263,0.32839566046145602
0.17499999999999999,0,-1.825,0.034233333333333352,-2.6877529981443887e-16,-0.00054810600300555362,-1.5049605668332514e-15,0.00055217784742692827,1.8202783456977263,0.32839566046145602
0.17999999999999999,0,-1.8200000000000001,0.034233333333333352,-3.1514913522589541e-16,-0.00055614965320382418,-1.3855249000789468e-15,0.00055961923985183449,1.8202783456977263,0.32839566046145602
0.185,0,-1.8149999999999999,0.034233333333333352,-3.6418614804868506e-16,-0.00056419330340209506,-1.2674187431615559e-15,0.0005669541029139129,1.8202783456977263,0.32839566046145602
0.19,0,-1.8100000000000001,0.034233333333333352,-4.1588633828280345e-16,-0.00057223695360036572,-1.1504633619633757e-15,0.00057418291041824796,1.8202783456977263,0.32839566046145602
0.19500000000000001,0,-1.8049999999999999,0.034233333333333352,-4.7024970592825544e-16,-0.0005802806037986366,-1.0348264688529561e-15,0.00058130613616992556,1.8202783456977263,0.32839566046145602
0.20000000000000001,0,-1.8,0.034233333333333352,-5.2727625098503596e-16,-0.00058832425399690715,-9.2033123586500086e-16,0.0005883242539740307,1.8202783456977263,0.32839566046145602
0.20499999999999999,0,-1.7949999999999999,0.030633333333333349,-5.7844987658667655e-16,-0.00058906588021172561,5.0949598411337569e-16,0.00058942990809649615,1.7253998474331733,0.301164583516915
0.20999999999999999,0,-1.79,0.030633333333333349,-6.2051397817979514e-16,-0.00058980750642654396,6.8590461901055821e-16,0.00059049602294718585,1.7253998474331733,0.301164583516915
0.215,0,-1.7849999999999999,0.030633333333333349,-6.5346855576439538e-16,-0.00059054913264136241,8.6032124125900082e-16,0.00059152280195015768,1.7253998474331733,0.301164583516915
0.22,0,-1.78,0.030633333333333349,-6.7731360934047432e-16,-0.00059129075885618076,1.0327542421276585e-15,0.00059251044852946875,1.7253998474331733,0.301164583516915
0.22500000000000001,0,-1.7749999999999999,0.030633333333333349,-6.9204913890803402e-16,-0.00059203238507099922,1.2032120128855188e-15,0.00059345916610917726,1.7253998474331733,0.301164583516915
0.23000000000000001,0,-1.77,0.030633333333333349,-6.976751444670732e-16,-0.00059277401128581756,1.3717029448015382e-15,0.00059436915811334086,1.7253998474331733,0.301164583516915
0.23499999999999999,0,-1.7650000000000001,0.030633333333333349,-6.9419162601759275e-16,-0.00059351563750063591,1.5382354291446951e-15,0.000595240627966017,1.7253998474331733,0.301164583516915
0.23999999999999999,0,-1.76,0.030633333333333349,-6.8159858355959198e-16,-0.00059425726371545437,1.7028178571839678e-15,0.00059607377909126342,1.7253998474331733,0.301164583516915
0.245,0,-1.7549999999999999,0.030633333333333349,-6.598960170930708e-16,-0.00059499888993027271,1.8654586201883208e-15,0.00059686881491313769,1.7253998474331733,0.301164583516915
0.25,0,-1.75,0.030633333333333349,-6.2908392661803057e-16,-0.00059574051614509117,2.0261661094267185e-15,0.00059762593885569757,1.7253998474331733,0.301164583516915
0.255,0,-1.7450000000000001,0.030633333333333349,-5.8916231213447092e-16,-0.00059648214235990963,2.1849487161681389e-15,0.00059834535434300071,1.7253998474331733,0.301164583516915
0.26000000000000001,0,-1.74,0.030633333333333349,-5.4013117364238907e-16,-0.00059722376857472797,2.3418148316815612e-15,0.00059902726479910487,1.7253998474331733,0.301164583516915
0.26500000000000001,0,-1.7349999999999999,0.030633333333333349,-4.819905111417869e-16,-0.00059796539478954643,2.4967728472359493e-15,0.00059967187364806771,1.7253998474331733,0.301164583516915
0.27000000000000002,0,-1.73,0.030633333333333349,-4.1474032463266746e-16,-0.00059870702100436478,2.6498311541002672e-15,0.00060027938431394634,1.7253998474331733,0.301164583516915
0.27500000000000002,0,-1.7250000000000001,0.030633333333333349,-3.383806141150284e-16,-0.00059944864721918313,2.8009981435434941e-15,0.00060085000022079939,1.7253998474331733,0.301164583516915
0.28000000000000003,0,-1.72,0.030633333333333349,-2.5291137958886566e-16,-0.00060019027343400158,2.9502822068346072e-15,0.00060138392479268388,1.7253998474331733,0.301164583516915
0.28499999999999998,0,-1.7150000000000001,0.030633333333333349,-1.5833262105418685e-16,-0.00060093189964882004,3.0976917352425654e-15,0.00060188136145365766,1.7253998474331733,0.301164583516915
0.28999999999999998,0,-1.71,0.030633333333333349,-5.4644338510983694e-17,-0.00060167352586363838,3.243235120036353e-15,0.00060234251362777818,1.7253998474331733,0.301164583516915
0.29499999999999998,0,-1.7050000000000001,0.030633333333333349,5.8153468040734689e-17,-0.00060241515207845673,3.3869207524849281e-15,0.00060276758473910353,1.7253998474331733,0.301164583516915
0.29999999999999999,0,-1.7,0.030633333333333349,1.8006079860097837e-16,-0.00060315677829327519,3.5287570238572745e-15,0.00060315677821169093,1.7253998474331733,0.301164583516915
0.30499999999999999,0,-1.6950000000000001,0.027233333333333335,2.951812871542018e-16,-0.00060027730699366722,5.5165420634825289e-15,0.0006002471547089048,1.6292301704811327,0.27225869470777808
0.31,0,-1.6899999999999999,0.027233333333333335,4.0071806078956534e-16,-0.00059739783569405915,5.3563940458355965e-15,0.00059734050678560049,1.6292301704811327,0.27225869470777808
0.315,0,-1.6850000000000001,0.027233333333333335,4.9667111950705969e-16,-0.00059451836439445118,5.1977188760811376e-15,0.00059443686749787448,1.6292301704811327,0.27225869470777808
0.32000000000000001,0,-1.6799999999999999,0.027233333333333335,5.8304046330669342e-16,-0.00059163889309484321,5.0407737792553281e-15,0.00059153626990182163,1.6292301704811327,0.27225869470777808
0.32500000000000001,0,-1.675,0.027233333333333335,6.5982609218845864e-16,-0.00058875942179523525,4.8852896769391063e-15,0.00058863874705353746,1.6292301704811327,0.27225869470777808
0.33000000000000002,0,-1.6699999999999999,0.027233333333333335,7.2702800615236236e-16,-0.00058587995049562717,4.7315206753676856e-15,0.00058574433200911781,1.6292301704811327,0.27225869470777808
0.33500000000000002,0,-1.665,0.027233333333333335,7.8464620519839865e-16,-0.00058300047919601931,4.5792008056546131e-15,0.00058285305782465786,1.6292301704811327,0.27225869470777808
0.34000000000000002,0,-1.6599999999999999,0.027233333333333335,8.3268068932657265e-16,-0.00058012100789641124,4.4286449234583228e-15,0.00057996495755625313,1.6292301704811327,0.27225869470777808
0.34499999999999997,0,-1.655,0.027233333333333335,8.7113145853687991e-16,-0.00057724153659680327,4.2793986018258347e-15,0.00057708006425999945,1.6292301704811327,0.27225869470777808
0.34999999999999998,0,-1.6499999999999999,0.027233333333333335,8.9999851282932369e-16,-0.0005743620652971952,4.1319643967942083e-15,0.00057419841099199179,1.6292301704811327,0.27225869470777808
0.35499999999999998,0,-1.645,0.027233333333333335,9.1928185220390213e-16,-0.00057148259399758723,3.9859548070327691e-15,0.000571320030808326,1.6292301704811327,0.27225869470777808
0.35999999999999999,0,-1.6400000000000001,0.027233333333333335,9.289814766606158e-16,-0.00056860312269797937,3.841490056251434e-15,0.00056844495676509779,1.6292301704811327,0.27225869470777808
0.36499999999999999,0,-1.635,0.027233333333333335,9.290973861994651e-16,-0.00056572365139837119,3.6985634368999716e-15,0.00056557322191840226,1.6292301704811327,0.27225869470777808
0.37,0,-1.6299999999999999,0.027233333333333335,9.1962958082044926e-16,-0.00056284418009876322,3.5571682414281574e-15,0.00056270485932433491,1.6292301704811327,0.27225869470777808
0.375,0,-1.625,0.027233333333333335,9.0057806052356943e-16,-0.00055996470879915525,3.4172977622857735e-15,0.0005598399020389918,1.6292301704811327,0.27225869470777808
0.38,0,-1.6200000000000001,0.027233333333333335,8.7194282530882505e-16,-0.0005570852374995474,3.2789452919225816e-15,0.00055697838311846801,1.6292301704811327,0.27225869470777808
0.38500000000000001,0,-1.615,0.027233333333333335,8.3372387517621453e-16,-0.00055420576619993921,3.1421041227883519e-15,0.00055412033561885894,1.6292301704811327,0.27225869470777808
0.39000000000000001,0,-1.6099999999999999,0.027233333333333335,7.8592121012573885e-16,-0.00055132629490033135,3.0067675473328579e-15,0.00055126579259626011,1.6292301704811327,0.27225869470777808
0.39500000000000002,0,-1.605,0.027233333333333335,7.2853483015740077e-16,-0.00054844682360072328,2.872928858005882e-15,0.00054841478710676746,1.6292301704811327,0.27225869470777808
0.40000000000000002,0,-1.6000000000000001,0.027233333333333335,6.6156473527119843e-16,-0.00054556735230111531,2.7405813472571861e-15,0.00054556735220647617,1.6292301704811327,0.27225869470777808
0.40500000000000003,0,-1.595,0.024033333333333351,6.004951869714399e-16,-0.00054122498262713155,-1.9324430271111233e-15,0.00054098796303775224,1.5321750249766668,0.24299557087236168
0.40999999999999998,0,-1.5900000000000001,0.024033333333333351,5.3829958446586106e-16,-0.00053688261295314801,-1.9659678789023165e-15,0.00053643393894162324,1.5321750249766668,0.24299557087236168
0.41499999999999998,0,-1.585,0.024033333333333351,4.7497792775445651e-16,-0.00053254024327916436,-1.9989577577680341e-15,0.00053190521064276587,1.5321750249766668,0.24299557087236168
0.41999999999999998,0,-1.5800000000000001,0.024033333333333351,4.1053021683723175e-16,-0.00052819787360518071,-2.0314153705726399e-15,0.00052740170886585744,1.5321750249766668,0.24299557087236168
0.42499999999999999,0,-1.575,0.024033333333333351,3.4495645171418118e-16,-0.00052385550393119695,-2.0633434241805032e-15,0.00052292336433557441,1.5321750249766668,0.24299557087236168
0.42999999999999999,0,-1.5700000000000001,0.024033333333333351,2.782566323853105e-16,-0.0005195131342572134,-2.0947446254559886e-15,0.00051847010777659444,1.5321750249766668,0.24299557087236168
0.435,0,-1.5649999999999999,0.024033333333333351,2.1043075885061399e-16,-0.00051517076458322964,-2.1256216812634658e-15,0.00051404186991359398,1.5321750249766668,0.24299557087236168
0.44,0,-1.5600000000000001,0.024033333333333351,1.4147883111009746e-16,-0.0005108283949092461,-2.1559772984672982e-15,0.00050963858147125057,1.5321750249766668,0.24299557087236168
0.44500000000000001,0,-1.5549999999999999,0.024033333333333351,7.1400849163754938e-17,-0.00050648602523526234,-2.1858141839318559e-15,0.00050526017317424046,1.5321750249766668,0.24299557087236168
0.45000000000000001,0,-1.55,0.024033333333333351,1.9681301159248375e-19,-0.0005021436555612788,-2.2151350445215034e-15,0.00050090657574724151,1.5321750249766668,0.24299557087236168
0.45500000000000002,0,-1.5449999999999999,0.024033333333333351,-7.2133277346396137e-17,-0.00049780128588729515,-2.2439425871006098e-15,0.00049657771991493008,1.5321750249766668,0.24299557087236168
0.46000000000000002,0,-1.54,0.024033333333333351,-1.4558942191020434e-16,-0.00049345891621331139,-2.2722395185335392e-15,0.00049227353640198359,1.5321750249766668,0.24299557087236168
0.46500000000000002,0,-1.5349999999999999,0.024033333333333351,-2.2017162067983909e-16,-0.00048911654653932763,-2.3000285456846613e-15,0.00048799395593307867,1.5321750249766668,0.24299557087236168
0.46999999999999997,0,-1.53,0.024033333333333351,-2.9587987365529312e-16,-0.00048477417686534408,-2.3273123754183403e-15,0.00048373890923289269,1.5321750249766668,0.24299557087236168
0.47499999999999998,0,-1.5249999999999999,0.024033333333333351,-3.7271418083657376e-16,-0.00048043180719136043,-2.354093714598946e-15,0.00047950832702610229,1.5321750249766668,0.24299557087236168
0.47999999999999998,0,-1.52,0.024033333333333351,-4.5067454222367391e-16,-0.00047608943751737689,-2.380375270090842e-15,0.00047530214003738478,1.5321750249766668,0.24299557087236168
0.48499999999999999,0,-1.5150000000000001,0.024033333333333351,-5.2976095781659698e-16,-0.00047174706784339329,-2.4061597487583969e-15,0.00047112027899141721,1.5321750249766668,0.24299557087236168
0.48999999999999999,0,-1.51,0.024033333333333351,-6.0997342761534656e-16,-0.00046740469816940953,-2.4314498574659793e-15,0.000466962674612876,1.5321750249766668,0.24299557087236168
0.495,0,-1.5049999999999999,0.024033333333333351,-6.913119516199189e-16,-0.00046306232849542583,-2.4562483030779534e-15,0.00046282925762643862,1.5321750249766668,0.24299557087236168
0.5,0,-1.5,0.024033333333333351,-7.7377652983031095e-16,-0.00045871995882144223,-2.480557792458686e-15,0.0004587199587567822,1.5321750249766668,0.24299557087236168
0.505,0,-1.4950000000000001,0.021033333333333338,-8.5445664274862756e-16,-0.0004541117390238729,1.308502165043913e-15,0.00045378308785779491,1.4344995677814765,0.21426467929527052
0.51000000000000001,0,-1.49,0.021033333333333338,-9.2350705885484931e-16,-0.00044950351922630331,1.2794746874702181e-15,0.00044888157039458209,1.4344995677814765,0.21426467929527052
0.51500000000000001,0,-1.4849999999999999,0.021033333333333338,-9.8092777814897215e-16,-0.00044489529942873382,1.2507483691000974e-15,0.00044401527993669716,1.4344995677814765,0.21426467929527052
0.52000000000000002,0,-1.48,0.021033333333333338,-1.0267188006309941e-15,-0.00044028707963116444,1.2223218390769878e-15,0.00043918409005369347,1.4344995677814765,0.21426467929527052
0.52500000000000002,0,-1.4750000000000001,0.021033333333333338,-1.060880126300918e-15,-0.00043567885983359506,1.1941937265443231e-15,0.00043438787431512393,1.4344995677814765,0.21426467929527052
0.53000000000000003,0,-1.47,0.021033333333333338,-1.0834117551587449e-15,-0.00043107064003602546,1.1663626606455387e-15,0.00042962650629054167,1.4344995677814765,0.21426467929527052
0.53500000000000003,0,-1.4649999999999999,0.021033333333333338,-1.0943136872044729e-15,-0.00042646242023845597,1.1388272705240708e-15,0.00042489985954950022,1.4344995677814765,0.21426467929527052
0.54000000000000004,0,-1.46,0.021033333333333338,-1.0935859224381025e-15,-0.00042185420044088659,1.1115861853233563e-15,0.00042020780766155268,1.4344995677814765,0.21426467929527052
0.54500000000000004,0,-1.4550000000000001,0.021033333333333338,-1.0812284608596339e-15,-0.00041724598064331721,1.0846380341868301e-15,0.00041555022419625221,1.4344995677814765,0.21426467929527052
0.55000000000000004,0,-1.45,0.021033333333333338,-1.057241302469066e-15,-0.00041263776084574767,1.0579814462579265e-15,0.00041092698272315165,1.4344995677814765,0.21426467929527052
0.55500000000000005,0,-1.4449999999999998,0.021033333333333338,-1.0216244472663992e-15,-0.00040802954104817812,1.0316150506800822e-15,0.00040633795681180459,1.4344995677814765,0.21426467929527052
0.56000000000000005,0,-1.4399999999999999,0.021033333333333338,-9.7437789525163583e-16,-0.00040342132125060874,1.0055374765967342e-15,0.00040178302003176418,1.4344995677814765,0.21426467929527052
0.56499999999999995,0,-1.4350000000000001,0.021033333333333338,-9.1550164642477458e-16,-0.00039881310145303942,9.7974735315131697e-16,0.00039726204595258376,1.4344995677814765,0.21426467929527052
0.56999999999999995,0,-1.4300000000000002,0.021033333333333338,-8.4499570078581562e-16,-0.00039420488165547003,9.5424330948726595e-16,0.00039277490814381615,1.4344995677814765,0.21426467929527052
0.57499999999999996,0,-1.425,0.021033333333333338,-7.6286005833475459e-16,-0.00038959666185790044,9.2902397474801607e-16,0.00038832148017501462,1.4344995677814765,0.21426467929527052
0.57999999999999996,0,-1.4199999999999999,0.021033333333333338,-6.6909471907159466e-16,-0.00038498844206033089,9.0408797807700406e-16,0.00038390163561573238,1.4344995677814765,0.21426467929527052
0.58499999999999996,0,-1.415,0.021033333333333338,-5.6369968299634076e-16,-0.00038038022226276157,8.7943394861766647e-16,0.00037951524803552303,1.4344995677814765,0.21426467929527052
0.58999999999999997,0,-1.4100000000000001,0.021033333333333338,-4.4667495010898894e-16,-0.00037577200246519219,8.5506051551343795e-16,0.00037516219100393929,1.4344995677814765,0.21426467929527052
0.59499999999999997,0,-1.405,0.021033333333333338,-3.1802052040953329e-16,-0.00037116378266762259,8.3096630790775327e-16,0.00037084233809053427,1.4344995677814765,0.21426467929527052
0.59999999999999998,0,-1.3999999999999999,0.021033333333333338,-1.7773639389797866e-16,-0.0003665555628700531,8.0714995494404897e-16,0.0003665555628648614,1.4344995677814765,0.21426467929527052
0.60499999999999998,0,-1.395,0.018233333333333348,-4.4514868835396874e-17,-0.00036229132234837894,-2.4790271407427615e-15,0.00036193896544013297,1.3363746199491342,0.18665238948769525
0.60999999999999999,0,-1.3900000000000001,0.018233333333333348,7.855827309183973e-17,-0.00035802708182670488,-2.4471925839545106e-15,0.00035736038457449587,1.3363746199491342,0.18665238948769525
0.61499999999999999,0,-1.385,0.018233333333333348,1.9148303188373592e-16,-0.00035376284130503056,-2.4156241714215317e-15,0.00035281966587485199,1.3363746199491342,0.18665238948769525
0.62,0,-1.3799999999999999,0.018233333333333348,2.9425940754028612e-16,-0.00034949860078335623,-2.3843208088215671e-15,0.00034831665494810361,1.3363746199491342,0.18665238948769525
0.625,0,-1.375,0.018233333333333348,3.8688740006148622e-16,-0.00034523436026168212,-2.353281401832361e-15,0.0003438511974011525,1.3363746199491342,0.18665238948769525
0.63,0,-1.3700000000000001,0.018233333333333348,4.6936700944734132e-16,-0.00034097011974000796,-2.322504856131653e-15,0.00033942313884090068,1.3363746199491342,0.18665238948769525
0.63500000000000001,0,-1.365,0.018233333333333348,5.4169823569785409e-16,-0.00033670587921833369,-2.2919900773971842e-15,0.00033503232487424982,1.3363746199491342,0.18665238948769525
0.64000000000000001,0,-1.3599999999999999,0.018233333333333348,6.0388107881302088e-16,-0.00033244163869665941,-2.2617359713066987e-15,0.00033067860110810204,1.3363746199491342,0.18665238948769525
0.64500000000000002,0,-1.355,0.018233333333333348,6.5591553879283952e-16,-0.00032817739817498531,-2.2317414435379386e-15,0.00032636181314935937,1.3363746199491342,0.18665238948769525
0.65000000000000002,0,-1.3500000000000001,0.018233333333333348,6.9780161563731296e-16,-0.00032391315765331114,-2.2020053997686453e-15,0.00032208180660492364,1.3363746199491342,0.18665238948769525
0.65500000000000003,0,-1.345,0.018233333333333348,7.2953930934644249e-16,-0.00031964891713163682,-2.1725267456765603e-15,0.00031783842708169664,1.3363746199491342,0.18665238948769525
0.66000000000000003,0,-1.3399999999999999,0.018233333333333348,7.5112861992022574e-16,-0.00031538467660996254,-2.1433043869394259e-15,0.00031363152018658053,1.3363746199491342,0.18665238948769525
0.66500000000000004,0,-1.335,0.018233333333333348,7.6256954735866282e-16,-0.00031112043608828838,-2.1143372292349856e-15,0.00030946093152647722,1.3363746199491342,0.18665238948769525
0.67000000000000004,0,-1.3300000000000001,0.018233333333333348,7.638620916617546e-16,-0.00030685619556661427,-2.0856241782409808e-15,0.00030532650670828847,1.3363746199491342,0.18665238948769525
0.67500000000000004,0,-1.325,0.018233333333333348,7.5500625282950079e-16,-0.00030259195504493995,-2.0571641396351512e-15,0.00030122809133891626,1.3363746199491342,0.18665238948769525
0.68000000000000005,0,-1.3199999999999998,0.018233333333333348,7.360020308619009e-16,-0.00029832771452326567,-2.0289560190952405e-15,0.00029716553102526261,1.3363746199491342,0.18665238948769525
0.68500000000000005,0,-1.3149999999999999,0.018233333333333348,7.0684942575895632e-16,-0.00029406347400159156,-2.0009987222989925e-15,0.00029313867137422962,1.3363746199491342,0.18665238948769525
0.68999999999999995,0,-1.3100000000000001,0.018233333333333348,6.6754843752066663e-16,-0.0002897992334799174,-1.9732911549241474e-15,0.00028914735799271898,1.3363746199491342,0.18665238948769525
0.69499999999999995,0,-1.3050000000000002,0.018233333333333348,6.1809906614703156e-16,-0.00028553499295824329,-1.9458322226484474e-15,0.00028519143648763256,1.3363746199491342,0.18665238948769525
0.69999999999999996,0,-1.3,0.018233333333333348,5.5850131163804873e-16,-0.00028127075243656897,-1.9186208311496337e-15,0.00028127075246587235,1.3363746199491342,0.18665238948769525
0.70499999999999996,0,-1.2949999999999999,0.015633333333333339,5.0584239091936001e-16,-0.00027761537045983278,8.8627228139043202e-16,0.00027727707279276236,1.2379094191408211,0.16053538086908142
0.70999999999999996,0,-1.29,0.015633333333333339,4.5440583426127424e-16,-0.00027395998848309686,9.3440901914987311e-16,0.00027331998776420008,1.2379094191408211,0.16053538086908142
0.71499999999999997,0,-1.2850000000000001,0.015633333333333339,4.0419164166378823e-16,-0.00027030460650636089,9.8172162579309552e-16,0.00026939933332008142,1.2379094191408211,0.16053538086908142
0.71999999999999997,0,-1.28,0.015633333333333339,3.5519981312689979e-16,-0.0002666492245296247,1.0282150560097683e-15,0.00026551494540030145,1.2379094191408211,0.16053538086908142
0.72499999999999998,0,-1.2749999999999999,0.015633333333333339,3.074303486506116e-16,-0.00026299384255288862,1.0738942644895599e-15,0.00026166665994475615,1.2379094191408211,0.16053538086908142
0.72999999999999998,0,-1.27,0.015633333333333339,2.6088324823492512e-16,-0.00025933846057615259,1.1187642059221365e-15,0.00025785431289334146,1.2379094191408211,0.16053538086908142
0.73499999999999999,0,-1.2650000000000001,0.015633333333333339,2.1555851187983874e-16,-0.00025568307859941662,1.1628298349971698e-15,0.0002540777401859528,1.2379094191408211,0.16053538086908142
0.73999999999999999,0,-1.26,0.015633333333333339,1.7145613958535007e-16,-0.00025202769662268048,1.2060961064043303e-15,0.00025033677776248558,1.2379094191408211,0.16053538086908142
0.745,0,-1.2549999999999999,0.015633333333333339,1.2857613135146153e-16,-0.00024837231464594435,1.2485679748332857e-15,0.00024663126156283566,1.2379094191408211,0.16053538086908142
0.75,0,-1.25,0.015633333333333339,8.6918487178174694e-17,-0.00024471693266920838,1.2902503949737021e-15,0.00024296102752689893,1.2379094191408211,0.16053538086908142
0.755,0,-1.2450000000000001,0.015633333333333339,4.6483207065487791e-17,-0.00024106155069247243,1.3311483215152516e-15,0.00023932591159457077,1.2379094191408211,0.16053538086908142
0.76000000000000001,0,-1.24,0.015633333333333339,7.2702910133989969e-18,-0.00023740616871573627,1.3712667091476041e-15,0.00023572574970574678,1.2379094191408211,0.16053538086908142
0.76500000000000001,0,-1.2349999999999999,0.015633333333333339,-3.0720260978089826e-17,-0.00023375078673900011,1.4105541472359977e-15,0.00023216037780032274,1.2379094191408211,0.16053538086908142
0.77000000000000002,0,-1.23,0.015633333333333339,-6.7488448908977076e-17,-0.00023009540476226411,1.4491567315189251e-15,0.00022862963181819444,1.2379094191408211,0.16053538086908142
0.77500000000000002,0,-1.2250000000000001,0.015633333333333339,-1.0303427277926447e-16,-0.00022644002278552816,1.486994185486159e-15,0.00022513334769925738,1.2379094191408211,0.16053538086908142
0.78000000000000003,0,-1.22,0.015633333333333339,-1.3735773258895355e-16,-0.00022278464080879198,1.5240164621577915e-15,0.00022167136138340719,1.2379094191408211,0.16053538086908142
0.78500000000000003,0,-1.2149999999999999,0.015633333333333339,-1.7045882833804256e-16,-0.00021912925883205587,1.5602844233007608e-15,0.00021824350881053945,1.2379094191408211,0.16053538086908142
0.79000000000000004,0,-1.21,0.015633333333333339,-2.0233756002653028e-16,-0.00021547387685531987,1.5958571272577029e-15,0.00021484962592055012,1.2379094191408211,0.16053538086908142
0.79500000000000004,0,-1.2050000000000001,0.015633333333333339,-2.3299392765441809e-16,-0.00021181849487858392,1.6306845270487111e-15,0.00021148954865333471,1.2379094191408211,0.16053538086908142
0.80000000000000004,0,-1.2,0.015633333333333339,-2.6242793122170739e-16,-0.00020816311290184776,1.6647183643360125e-15,0.00020816311294878865,1.2379094191408211,0.16053538086908142
0.80500000000000005,0,-1.1949999999999998,0.013233333333333333,-2.9276559401868861e-16,-0.00020518867138799769,4.9677463667560055e-16,0.00020488359754940717,1.1391742440917445,0.13614901044302627
0.81000000000000005,0,-1.1899999999999999,0.013233333333333333,-3.2117015394965732e-16,-0.00020221422987414778,4.5351503951583319e-16,0.00020163717107902297,1.1391742440917445,0.13614901044302627
0.81499999999999995,0,-1.1850000000000001,0.013233333333333333,-3.4764161101461472e-16,-0.00019923978836029792,4.1092878599976649e-16,0.00019842367088956602,1.1391742440917445,0.13614901044302627
0.81999999999999995,0,-1.1800000000000002,0.013233333333333333,-3.7217996521356099e-16,-0.00019626534684644798,3.6905642690500366e-16,0.00019524293433296618,1.1391742440917445,0.13614901044302627
0.82499999999999996,0,-1.175,0.013233333333333333,-3.9478521654649695e-16,-0.00019329090533259794,3.2780405419530028e-16,0.0001920947987611533,1.1391742440917445,0.13614901044302627
0.82999999999999996,0,-1.1699999999999999,0.013233333333333333,-4.1545736501342161e-16,-0.00019031646381874789,2.872565375200018e-16,0.00018897910152605762,1.1391742440917445,0.13614901044302627
0.83499999999999996,0,-1.165,0.013233333333333333,-4.34196410614334e-16,-0.00018734202230489798,2.4732148067097129e-16,0.00018589567997960905,1.1391742440917445,0.13614901044302627
0.83999999999999997,0,-1.1600000000000001,0.013233333333333333,-4.5100235334923519e-16,-0.0001843675807910481,2.0810384359925575e-16,0.00018284437147373758,1.1391742440917445,0.13614901044302627
0.84499999999999997,0,-1.155,0.013233333333333333,-4.6587519321812579e-16,-0.00018139313927719805,1.694479419550429e-16,0.000179825013360373,1.1391742440917445,0.13614901044302627
0.84999999999999998,0,-1.1499999999999999,0.013233333333333333,-4.7881493022100509e-16,-0.00017841869776334801,1.3152165951579043e-16,0.00017683744299144542,1.1391742440917445,0.13614901044302627
0.85499999999999998,0,-1.145,0.013233333333333333,-4.898215643578725e-16,-0.00017544425624949812,9.4192396198711107e-17,0.00017388149771888493,1.1391742440917445,0.13614901044302627
0.85999999999999999,0,-1.1400000000000001,0.013233333333333333,-4.9889509562872863e-16,-0.00017246981473564821,5.7498831452776731e-17,0.00017095701489462141,1.1391742440917445,0.13614901044302627
0.86499999999999999,0,-1.135,0.013233333333333333,-5.0603552403357395e-16,-0.0001694953732217982,2.1436824844018741e-17,0.00016806383187058479,1.1391742440917445,0.13614901044302627
0.87,0,-1.1299999999999999,0.013233333333333333,-5.1124284957240789e-16,-0.00016652093170794812,-1.3997764061528248e-17,0.00016520178599870497,1.1391742440917445,0.13614901044302627
0.875,0,-1.125,0.013233333333333333,-5.1451707224523023e-16,-0.00016354649019409824,-4.880907569782985e-17,0.0001623707146309122,1.1391742440917445,0.13614901044302627
0.88,0,-1.1200000000000001,0.013233333333333333,-5.1585819205204148e-16,-0.00016057204868024833,-8.3001250498854672e-17,0.00015957045511913633,1.1391742440917445,0.13614901044302627
0.88500000000000001,0,-1.115,0.013233333333333333,-5.1526620899284134e-16,-0.00015759760716639826,-1.1657842889857115e-16,0.00015680084481530719,1.1391742440917445,0.13614901044302627
0.89000000000000001,0,-1.1099999999999999,0.013233333333333333,-5.1274112306762981e-16,-0.00015462316565254826,-1.4954475133094491e-16,0.00015406172107135485,1.1391742440917445,0.13614901044302627
0.89500000000000002,0,-1.105,0.013233333333333333,-5.0828293427640719e-16,-0.0001516487241386983,-1.8190435822994149e-16,0.00015135292123920948,1.1391742440917445,0.13614901044302627
0.90000000000000002,0,-1.1000000000000001,0.013233333333333333,-5.0189164261917337e-16,-0.00014867428262484842,-2.1366139002952953e-16,0.00014867428267080086,1.1391742440917445,0.13614901044302627
0.90500000000000003,0,-1.095,0.011033333333333338,-4.9950782399138661e-16,-0.0001463522743565755,-1.7613319566890357e-16,0.00014608854468659848,1.0402155931688901,0.11363618066656851
0.91000000000000003,0,-1.0899999999999999,0.011033333333333338,-4.9329807701942367e-16,-0.00014403026608830256,-1.835391489267979e-16,0.00014353149639863633,1.0402155931688901,0.11363618066656851
0.91500000000000004,0,-1.085,0.011033333333333338,-4.8326240170328524e-16,-0.00014170825782002972,-1.907874904082406e-16,0.00014100298302798414,1.0402155931688901,0.11363618066656851
0.92000000000000004,0,-1.0800000000000001,0.011033333333333338,-4.6940079804297074e-16,-0.00013938624955175689,-1.9787935774514431e-16,0.00013850284979571165,1.0402155931688901,0.11363618066656851
0.92500000000000004,0,-1.075,0.011033333333333338,-4.5171326603847957e-16,-0.00013706424128348394,-2.0481588856942177e-16,0.00013603094192288844,1.0402155931688901,0.11363618066656851
0.93000000000000005,0,-1.0699999999999998,0.011033333333333338,-4.3019980568981222e-16,-0.000134742233015211,-2.1159822051298501e-16,0.0001335871046305844,1.0402155931688901,0.11363618066656851
0.93500000000000005,0,-1.0649999999999999,0.011033333333333338,-4.0486041699696998e-16,-0.00013242022474693819,-2.1822749120774618e-16,0.00013117118313986937,1.0402155931688901,0.11363618066656851
0.93999999999999995,0,-1.0600000000000001,0.011033333333333338,-3.7569509995995177e-16,-0.00013009821647866533,-2.2470483828561785e-16,0.00012878302267181293,1.0402155931688901,0.11363618066656851
0.94499999999999995,0,-1.0550000000000002,0.011033333333333338,-3.4270385457875782e-16,-0.00012777620821039252,-2.3103139937851253e-16,0.00012642246844748488,1.0402155931688901,0.11363618066656851
0.94999999999999996,0,-1.05,0.011033333333333338,-3.0588668085338621e-16,-0.00012545419994211958,-2.372083121183428e-16,0.00012408936568795477,1.0402155931688901,0.11363618066656851
0.95499999999999996,0,-1.0449999999999999,0.011033333333333338,-2.6524357878383848e-16,-0.00012313219167384666,-2.4323671413702077e-16,0.00012178355961429254,1.0402155931688901,0.11363618066656851
0.95999999999999996,0,-1.04,0.011033333333333338,-2.2077454837011659e-16,-0.00012081018340557383,-2.4911774306645859e-16,0.00011950489544756801,1.0402155931688901,0.11363618066656851
0.96499999999999997,0,-1.0350000000000001,0.011033333333333338,-1.7247958961221883e-16,-0.00011848817513730099,-2.548525365385689e-16,0.0001172532184088508,1.0402155931688901,0.11363618066656851
0.96999999999999997,0,-1.03,0.011033333333333338,-1.2035870251014286e-16,-0.00011616616686902803,-2.6044223218526431e-16,0.00011502837371921054,1.0402155931688901,0.11363618066656851
0.97499999999999998,0,-1.0249999999999999,0.011033333333333338,-6.4411887063890699e-17,-0.00011384415860075513,-2.6588796763845696e-16,0.00011283020659971711,1.0402155931688901,0.11363618066656851
0.97999999999999998,0,-1.02,0.011033333333333338,-4.6391432734650955e-18,-0.00011152215033248228,-2.7119088053005908e-16,0.00011065856227144033,1.0402155931688901,0.11363618066656851
0.98499999999999999,0,-1.0150000000000001,0.011033333333333338,5.8959528861136412e-17,-0.00010920014206420945,-2.7635210849198313e-16,0.0001085132859554498,1.0402155931688901,0.11363618066656851
0.98999999999999999,0,-1.01,0.011033333333333338,1.2638412933991678e-16,-0.00010687813379593652,-2.813727891561418e-16,0.00010639422287281523,1.0402155931688901,0.11363618066656851
0.995,0,-1.0049999999999999,0.011033333333333338,1.9763465816287328e-16,-0.00010455612552766357,-2.8625406015444731e-16,0.00010430121824460642,1.0402155931688901,0.11363618066656851
1,0,-1,0.011033333333333338,2.7271111533000265e-16,-0.00010223411725939075,-2.9099705911881178e-16,0.00010223411729189322,1.0402155931688901,0.11363618066656851
1.0049999999999999,0,-0.99500000000000011,0.0090333333333333377,3.5110615109041384e-16,-0.0001004890749786351,-4.3458548826965959e-16,0.00010026853032916815,0.94106603049025606,0.093081321953297089
1.01,0,-0.98999999999999999,0.0090333333333333377,4.226536776037503e-16,-9.8744032697879399e-05,-4.1139032835119098e-16,9.832701839404991e-05,0.94106603049025606,0.093081321953297089
1.0149999999999999,0,-0.9850000000000001,0.0090333333333333377,4.8735369487000583e-16,-9.6998990417123743e-05,-3.8859673015269196e-16,9.6409438186878077e-05,0.94106603049025606,0.093081321953297089
1.02,0,-0.97999999999999998,0.0090333333333333377,5.4520620288918594e-16,-9.5253948136368033e-05,-3.6620181053356169e-16,9.4515646407991992e-05,0.94106603049025606,0.093081321953297089
1.0249999999999999,0,-0.97500000000000009,0.0090333333333333377,5.9621120166128571e-16,-9.350890585561239e-05,-3.4420268635320348e-16,9.2645499757731351e-05,0.94106603049025606,0.093081321953297089
1.03,0,-0.96999999999999997,0.0090333333333333377,6.4036869118630957e-16,-9.1763863574856666e-05,-3.2259647447101645e-16,9.0798854936435442e-05,0.94106603049025606,0.093081321953297089
1.0349999999999999,0,-0.96500000000000008,0.0090333333333333377,6.7767867146425348e-16,-9.0018821294101024e-05,-3.0138029174640362e-16,8.8975568644443918e-05,0.94106603049025606,0.093081321953297089
1.04,0,-0.95999999999999996,0.0090333333333333377,7.0814114249512099e-16,-8.82737790133453e-05,-2.8055125503876429e-16,8.7175497582096123e-05,0.94106603049025606,0.093081321953297089
1.0449999999999999,0,-0.95500000000000007,0.0090333333333333377,7.3175610427890934e-16,-8.6528736732589657e-05,-2.6010648120750149e-16,8.5398498449731723e-05,0.94106603049025606,0.093081321953297089
1.05,0,-0.94999999999999996,0.0090333333333333377,7.485235568156205e-16,-8.4783694451833933e-05,-2.4004308711201453e-16,8.3644427947689995e-05,0.94106603049025606,0.093081321953297089
1.0549999999999999,0,-0.94500000000000006,0.0090333333333333377,7.5844350010525309e-16,-8.3038652171078304e-05,-2.203581896117062e-16,8.1913142776310604e-05,0.94106603049025606,0.093081321953297089
1.0600000000000001,0,-0.93999999999999995,0.0090333333333333377,7.615159341478079e-16,-8.1293609890322567e-05,-2.0104890556597613e-16,8.0204499635932907e-05,0.94106603049025606,0.093081321953297089
1.0649999999999999,0,-0.93500000000000005,0.0090333333333333377,7.5774085894328483e-16,-7.9548567609566938e-05,-1.8211235183422699e-16,7.8518355226896532e-05,0.94106603049025606,0.093081321953297089
1.0700000000000001,0,-0.92999999999999994,0.0090333333333333377,7.4711827449168339e-16,-7.78035253288112e-05,-1.6354564527585836e-16,7.685456624954082e-05,0.94106603049025606,0.093081321953297089
1.075,0,-0.92500000000000004,0.0090333333333333377,7.2964818079300446e-16,-7.6058483048055571e-05,-1.4534590275027301e-16,7.5212989404205386e-05,0.94106603049025606,0.093081321953297089
1.0800000000000001,0,-0.91999999999999993,0.0090333333333333377,7.0533057784724677e-16,-7.4313440767299847e-05,-1.2751024111687043e-16,7.3593481391229625e-05,0.94106603049025606,0.093081321953297089
1.085,0,-0.91500000000000004,0.0090333333333333377,6.7416546565441208e-16,-7.2568398486544205e-05,-1.1003577723505334e-16,7.199589891095311e-05,0.94106603049025606,0.093081321953297089
1.0900000000000001,0,-0.90999999999999992,0.0090333333333333377,6.3615284421449804e-16,-7.0823356205788494e-05,-9.2919627964221366e-17,7.0420098663715185e-05,0.94106603049025606,0.093081321953297089
1.095,0,-0.90500000000000003,0.0090333333333333377,5.9129271352750769e-16,-6.9078313925032838e-05,-7.6158910163777225e-17,6.8865937349855529e-05,0.94106603049025606,0.093081321953297089
1.1000000000000001,0,-0.89999999999999991,0.0090333333333333377,5.395850735934373e-16,-6.7333271644277128e-05,-5.9750740693120468e-17,6.7333271669713446e-05,0.94106603049025606,0.093081321953297089
1.105,0,-0.89500000000000002,0.0072333333333333338,4.8836444778946068e-16,-6.6072509230505528e-05,4.4537614819700304e-16,6.5893591468927764e-05,0.84175032760137947,0.074533273946062739
1.1100000000000001,0,-0.8899999999999999,0.0072333333333333338,4.3789131124158686e-16,-6.4811746816733902e-05,4.3678452356369999e-16,6.4473524033204733e-05,0.84175032760137947,0.074533273946062739
1.115,0,-0.88500000000000001,0.0072333333333333338,3.8816566394982019e-16,-6.3550984402962302e-05,4.2830202652219607e-16,6.3072939476911937e-05,0.84175032760137947,0.074533273946062739
1.1200000000000001,0,-0.87999999999999989,0.0072333333333333338,3.3918750591415642e-16,-6.2290221989190649e-05,4.1992796980036294e-16,6.1691707914416773e-05,0.84175032760137947,0.074533273946062739
1.125,0,-0.875,0.0072333333333333338,2.9095683713459965e-16,-6.1029459575419063e-05,4.1166166612607361e-16,6.0329699460086847e-05,0.84175032760137947,0.074533273946062739
1.1299999999999999,0,-0.87000000000000011,0.0072333333333333338,2.4347365761114786e-16,-5.9768697161647477e-05,4.0350242822719975e-16,5.8986784228289561e-05,0.84175032760137947,0.074533273946062739
1.135,0,-0.86499999999999999,0.0072333333333333338,1.9673796734379907e-16,-5.850793474787583e-05,3.954495688316134e-16,5.7662832333392399e-05,0.84175032760137947,0.074533273946062739
1.1399999999999999,0,-0.8600000000000001,0.0072333333333333338,1.5074976633255723e-16,-5.7247172334104238e-05,3.8750240066718754e-16,5.6357713889762947e-05,0.84175032760137947,0.074533273946062739
1.145,0,-0.85499999999999998,0.0072333333333333338,1.0550905457741844e-16,-5.5986409920332598e-05,3.7966023646179352e-16,5.5071299011768574e-05,0.84175032760137947,0.074533273946062739
1.1499999999999999,0,-0.85000000000000009,0.0072333333333333338,6.10158320783865e-17,-5.4725647506560999e-05,3.7192238894330435e-16,5.3803457813776872e-05,0.84175032760137947,0.074533273946062739
1.155,0,-0.84499999999999997,0.0072333333333333338,1.7270098835457594e-17,-5.3464885092789359e-05,3.642881708395916e-16,5.255406041015525e-05,0.84175032760137947,0.074533273946062739
1.1599999999999999,0,-0.84000000000000008,0.0072333333333333338,-2.5728145151364248e-17,-5.2204122679017766e-05,3.5675689487852816e-16,5.1322976915271301e-05,0.84175032760137947,0.074533273946062739
1.165,0,-0.83499999999999996,0.0072333333333333338,-6.7978899882083116e-17,-5.0943360265246119e-05,3.4932787378798561e-16,5.0110077443492408e-05,0.84175032760137947,0.074533273946062739
1.1699999999999999,0,-0.83000000000000007,0.0072333333333333338,-1.0948216535669508e-16,-4.9682597851474533e-05,3.4200042029583675e-16,4.8915232109186155e-05,0.84175032760137947,0.074533273946062739
1.175,0,-0.82499999999999996,0.0072333333333333338,-1.5023794157520397e-16,-4.842183543770288e-05,3.347738471299533e-16,4.7738311026719946e-05,0.84175032760137947,0.074533273946062739
1.1799999999999999,0,-0.82000000000000006,0.0072333333333333338,-1.9024622853760603e-16,-4.7161073023931301e-05,3.2764746701820791e-16,4.6579184310461372e-05,0.84175032760137947,0.074533273946062739
1.1850000000000001,0,-0.81499999999999995,0.0072333333333333338,-2.2950702624390487e-16,-4.5900310610159654e-05,3.2062059268847239e-16,4.5437722074777817e-05,0.84175032760137947,0.074533273946062739
1.1899999999999999,0,-0.81000000000000005,0.0072333333333333338,-2.6802033469409705e-16,-4.4639548196388055e-05,3.1369253686861956e-16,4.4313794434036887e-05,0.84175032760137947,0.074533273946062739
1.1950000000000001,0,-0.80499999999999994,0.0072333333333333338,-3.0578615388818584e-16,-4.3378785782616408e-05,3.0686261228652092e-16,4.3207271502605942e-05,0.84175032760137947,0.074533273946062739
1.2,0,-0.80000000000000004,0.0072333333333333338,-3.4280448382616807e-16,-4.2118023368844822e-05,3.0013013167004938e-16,4.211802339485261e-05,0.84175032760137947,0.074533273946062739
1.2050000000000001,0,-0.79499999999999993,0.0056333333333333313,-3.8262061087753511e-16,-4.1247246233764139e-05,-1.7191773844951256e-16,4.1106654626142304e-05,0.74228912196360863,0.058020112366022475
1.21,0,-0.79000000000000004,0.0056333333333333313,-4.1910336267479346e-16,-4.0376469098683496e-05,-1.7521761642319407e-16,4.0110777805132307e-05,0.74228912196360863,0.058020112366022475
1.2150000000000001,0,-0.78499999999999992,0.0056333333333333313,-4.5225273921794628e-16,-3.9505691963602827e-05,-1.7839341645137188e-16,3.913027746043018e-05,0.74228912196360863,0.058020112366022475
1.22,0,-0.78000000000000003,0.0056333333333333313,-4.8206874050699054e-16,-3.8634914828522184e-05,-1.8144644975780204e-16,3.8165038120643711e-05,0.74228912196360863,0.058020112366022475
1.2250000000000001,0,-0.77499999999999991,0.0056333333333333313,-5.0855136654192892e-16,-3.7764137693441508e-05,-1.8437802756624106e-16,3.7214944314380434e-05,0.74228912196360863,0.058020112366022475
1.23,0,-0.77000000000000002,0.0056333333333333313,-5.3170061732275896e-16,-3.6893360558360872e-05,-1.8718946110044495e-16,3.6279880570248144e-05,0.74228912196360863,0.058020112366022475
1.2350000000000001,0,-0.7649999999999999,0.0056333333333333313,-5.5151649284948291e-16,-3.6022583423280202e-05,-1.8988206158417029e-16,3.5359731416854408e-05,0.74228912196360863,0.058020112366022475
1.24,0,-0.76000000000000001,0.0056333333333333313,-5.6799899312209881e-16,-3.5151806288199566e-05,-1.9245714024117312e-16,3.4454381382806994e-05,0.74228912196360863,0.058020112366022475
1.2450000000000001,0,-0.75499999999999989,0.0056333333333333313,-5.8114811814060823e-16,-3.428102915311889e-05,-1.9491600829520995e-16,3.3563714996713471e-05,0.74228912196360863,0.058020112366022475
1.25,0,-0.75,0.0056333333333333313,-5.9096386790501e-16,-3.3410252018038254e-05,-1.9725997697003684e-16,3.2687616787181591e-05,0.74228912196360863,0.058020112366022475
1.2549999999999999,0,-0.74500000000000011,0.0056333333333333313,-5.974462424153047e-16,-3.2539474882957618e-05,-1.9949035748941018e-16,3.1825971282818999e-05,0.74228912196360863,0.058020112366022475
1.26,0,-0.73999999999999999,0.0056333333333333313,-6.0059524167149253e-16,-3.1668697747876942e-05,-2.0160846107708637e-16,3.0978663012233325e-05,0.74228912196360863,0.058020112366022475
1.2649999999999999,0,-0.7350000000000001,0.0056333333333333313,-6.0041086567357329e-16,-3.0797920612796306e-05,-2.036155989568215e-16,3.0145576504032298e-05,0.74228912196360863,0.058020112366022475
1.27,0,-0.72999999999999998,0.0056333333333333313,-5.9689311442154649e-16,-2.992714347771563e-05,-2.0551308235237203e-16,2.932659628682352e-05,0.74228912196360863,0.058020112366022475
1.2749999999999999,0,-0.72500000000000009,0.0056333333333333313,-5.9004198791541283e-16,-2.9056366342634994e-05,-2.0730222248749409e-16,2.8521606889214745e-05,0.74228912196360863,0.058020112366022475
1.28,0,-0.71999999999999997,0.0056333333333333313,-5.79857486155172e-16,-2.8185589207554317e-05,-2.0898433058594414e-16,2.7730492839813563e-05,0.74228912196360863,0.058020112366022475
1.2849999999999999,0,-0.71500000000000008,0.0056333333333333313,-5.6633960914082419e-16,-2.7314812072473688e-05,-2.1056071787147828e-16,2.6953138667227719e-05,0.74228912196360863,0.058020112366022475
1.29,0,-0.70999999999999996,0.0056333333333333313,-5.4948835687236864e-16,-2.6444034937393012e-05,-2.1203269556785294e-16,2.618942890006481e-05,0.74228912196360863,0.058020112366022475
1.2949999999999999,0,-0.70500000000000007,0.0056333333333333313,-5.293037293498066e-16,-2.5573257802312376e-05,-2.1340157489882426e-16,2.5439248066932574e-05,0.74228912196360863,0.058020112366022475
1.3,0,-0.69999999999999996,0.0056333333333333313,-5.0578572657313672e-16,-2.47024806672317e-05,-2.146686670881487e-16,2.4702480696438615e-05,0.74228912196360863,0.058020112366022475
1.3049999999999999,0,-0.69500000000000006,0.0042333333333333329,-4.8121860366125168e-16,-2.4133481731683557e-05,1.3684118407833934e-17,2.4027070123720167e-05,0.64270098020790822,0.043558321376942571
1.3100000000000001,0,-0.68999999999999995,0.0042333333333333329,-4.5337002972039703e-16,-2.3564482796135386e-05,1.7882235772879639e-17,2.3363464058391127e-05,0.64270098020790822,0.043558321376942571
1.3149999999999999,0,-0.68500000000000005,0.0042333333333333329,-4.2224000475057474e-16,-2.2995483860587243e-05,2.195486003083181e-17,2.2711561953381909e-05,0.64270098020790822,0.043558321376942571
1.3200000000000001,0,-0.67999999999999994,0.0042333333333333329,-3.8782852875178243e-16,-2.2426484925039077e-05,2.5903375650154573e-17,2.2071263261622879e-05,0.64270098020790822,0.043558321376942571
1.325,0,-0.67500000000000004,0.0042333333333333329,-3.5013560172402288e-16,-2.1857485989490934e-05,2.9729167099311354e-17,2.1442467436044474e-05,0.64270098020790822,0.043558321376942571
1.3300000000000001,0,-0.66999999999999993,0.0042333333333333329,-3.0916122366729287e-16,-2.128848705394276e-05,3.3433618846766286e-17,2.0825073929577041e-05,0.64270098020790822,0.043558321376942571
1.335,0,-0.66500000000000004,0.0042333333333333329,-2.649053945815962e-16,-2.0719488118394621e-05,3.7018115360982826e-17,2.0218982195151033e-05,0.64270098020790822,0.043558321376942571
1.3400000000000001,0,-0.65999999999999992,0.0042333333333333329,-2.1736811446692854e-16,-2.0150489182846451e-05,4.0484041110425059e-17,1.9624091685696775e-05,0.64270098020790822,0.043558321376942571
1.345,0,-0.65500000000000003,0.0042333333333333329,-1.6654938332329454e-16,-1.9581490247298311e-05,4.3832780563556481e-17,1.9040301854144735e-05,0.64270098020790822,0.043558321376942571
1.3500000000000001,0,-0.64999999999999991,0.0042333333333333329,-1.1244920115068937e-16,-1.9012491311750141e-05,4.7065718188841139e-17,1.8467512153425234e-05,0.64270098020790822,0.043558321376942571
1.355,0,-0.64500000000000002,0.0042333333333333329,-5.5067567949117983e-17,-1.8443492376201998e-05,5.0184238454742556e-17,1.7905622036468733e-05,0.64270098020790822,0.043558321376942571
1.3600000000000001,0,-0.6399999999999999,0.0042333333333333329,5.5955162814246942e-18,-1.7874493440653828e-05,5.3189725829724783e-17,1.7354530956205574e-05,0.64270098020790822,0.043558321376942571
1.365,0,-0.63500000000000001,0.0042333333333333329,6.9540051540933413e-17,-1.7305494505105685e-05,5.6083564782251319e-17,1.6814138365566199e-05,0.64270098020790822,0.043558321376942571
1.3700000000000001,0,-0.62999999999999989,0.0042333333333333329,1.367660378294137e-16,-1.6736495569557515e-05,5.8867139780786234e-17,1.6284343717480945e-05,0.64270098020790822,0.043558321376942571
1.375,0,-0.625,0.0042333333333333329,2.0727347514685955e-16,-1.6167496634009372e-05,6.1541835293793026e-17,1.5765046464880269e-05,0.64270098020790822,0.043558321376942571
1.3799999999999999,0,-0.62000000000000011,0.0042333333333333329,2.8106236349327409e-16,-1.5598497698461232e-05,6.4109035789735625e-17,1.5256146060694531e-05,0.64270098020790822,0.043558321376942571
1.385,0,-0.61499999999999999,0.0042333333333333329,3.581327028686608e-16,-1.502949876291306e-05,6.6570125737077923e-17,1.4757541957854106e-05,0.64270098020790822,0.043558321376942571
1.3899999999999999,0,-0.6100000000000001,0.0042333333333333329,4.3848449327301255e-16,-1.4460499827364916e-05,6.8926489604283466e-17,1.4269133609289433e-05,0.64270098020790822,0.043558321376942571
1.395,0,-0.60499999999999998,0.0042333333333333329,5.2211773470633657e-16,-1.3891500891816747e-05,7.1179511859816258e-17,1.3790820467930856e-05,0.64270098020790822,0.043558321376942571
1.3999999999999999,0,-0.60000000000000009,0.0042333333333333329,6.0903242716862578e-16,-1.3322501956268606e-05,7.3330576972139883e-17,1.332250198670882e-05,0.64270098020790822,0.043558321376942571
1.405,0,-0.59499999999999997,0.0030333333333333323,6.9849430660548769e-16,-1.2976708363504497e-05,1.3704029083534543e-17,1.2899937633250128e-05,0.54300348807783883,0.03115815214374363
1.4099999999999999,0,-0.59000000000000008,0.0030333333333333323,7.7609485727576271e-16,-1.2630914770740413e-05,1.2002762386788095e-17,1.2485966531759777e-05,0.54300348807783883,0.03115815214374363
1.415,0,-0.58499999999999996,0.0030333333333333323,8.4183407917945762e-16,-1.2285121177976311e-05,1.0353115139980352e-17,1.2080503329016583e-05,0.54300348807783883,0.03115815214374363
1.4199999999999999,0,-0.58000000000000007,0.0030333333333333323,8.9571197231656652e-16,-1.1939327585212229e-05,8.7544530794183241e-18,1.1683462671799434e-05,0.54300348807783883,0.03115815214374363
1.425,0,-0.57499999999999996,0.0030333333333333323,9.3772853668709404e-16,-1.1593533992448128e-05,7.2061419414087276e-18,1.1294759206887162e-05,0.54300348807783883,0.03115815214374363
1.4299999999999999,0,-0.57000000000000006,0.0030333333333333323,9.6788377229103664e-16,-1.1247740399684045e-05,5.7075474622585706e-18,1.0914307581058656e-05,0.54300348807783883,0.03115815214374363
1.4350000000000001,0,-0.56499999999999995,0.0030333333333333323,9.8617767912839726e-16,-1.0901946806919946e-05,4.2580353782745788e-18,1.0542022441092738e-05,0.54300348807783883,0.03115815214374363
1.4399999999999999,0,-0.56000000000000005,0.0030333333333333323,9.9261025719917354e-16,-1.0556153214155862e-05,2.8569714257637468e-18,1.01778184337683e-05,0.54300348807783883,0.03115815214374363
1.4450000000000001,0,-0.55499999999999994,0.0030333333333333323,9.8718150650336686e-16,-1.0210359621391762e-05,1.5037213410328153e-18,9.8216102058641631e-06,0.54300348807783883,0.03115815214374363
1.45,0,-0.55000000000000004,0.0030333333333333323,9.6989142704097703e-16,-9.8645660286276764e-06,1.9765086038876542e-19,9.4733124041592203e-06,0.54300348807783883,0.03115815214374363
1.4550000000000001,0,-0.54499999999999993,0.0030333333333333323,9.4074001881200286e-16,-9.5187724358635775e-06,-1.0618742798616556e-18,9.1328396754322986e-06,0.54300348807783883,0.03115815214374363
1.46,0,-0.54000000000000004,0.0030333333333333323,8.9972728181644673e-16,-9.1729788430994939e-06,-2.2754883434114656e-18,8.8001066664622827e-06,0.54300348807783883,0.03115815214374363
1.4650000000000001,0,-0.53499999999999992,0.0030333333333333323,8.4685321605430526e-16,-8.827185250335395e-06,-3.4438255939539181e-18,8.4750280240280065e-06,0.54300348807783883,0.03115815214374363
1.47,0,-0.53000000000000003,0.0030333333333333323,7.8211782152558301e-16,-8.4813916575713097e-06,-4.5675202951820379e-18,8.1575183949083478e-06,0.54300348807783883,0.03115815214374363
1.4750000000000001,0,-0.52499999999999991,0.0030333333333333323,7.0552109823027425e-16,-8.1355980648072108e-06,-5.6472067107890644e-18,7.8474924258821422e-06,0.54300348807783883,0.03115815214374363
1.48,0,-0.52000000000000002,0.0030333333333333323,6.1706304616838589e-16,-7.7898044720431255e-06,-6.6835191044680376e-18,7.5448647637282753e-06,0.54300348807783883,0.03115815214374363
1.4850000000000001,0,-0.5149999999999999,0.0030333333333333323,5.1674366533990983e-16,-7.4440108792790258e-06,-7.6770917399121834e-18,7.2495500552255731e-06,0.54300348807783883,0.03115815214374363
1.49,0,-0.51000000000000001,0.0030333333333333323,4.0456295574485526e-16,-7.0982172865149421e-06,-8.6285588808145546e-18,6.9614629471529247e-06,0.54300348807783883,0.03115815214374363
1.4950000000000001,0,-0.50499999999999989,0.0030333333333333323,2.8052091738321191e-16,-6.7524236937508424e-06,-9.538554790868364e-18,6.6805180862891597e-06,0.54300348807783883,0.03115815214374363
1.5,0,-0.5,0.0030333333333333323,1.4461755025499102e-16,-6.4066301009867579e-06,-1.0407713733766673e-17,6.406630119413161e-06,0.54300348807783883,0.03115815214374363
1.5049999999999999,0,-0.49500000000000011,0.0020333333333333345,4.7676815429410073e-18,-6.2166426473088351e-06,-5.215176254904293e-18,6.1647909654854261e-06,0.44321378313384202,0.020826531572738918
1.51,0,-0.48999999999999999,0.0020333333333333345,-1.254812841417652e-16,-6.0266551936309038e-06,-4.9079693532383372e-18,5.9288298932731467e-06,0.44321378313384202,0.020826531572738918
1.5149999999999999,0,-0.4850000000000001,0.0020333333333333345,-2.4612934679911615e-16,-5.836667739952981e-06,-4.6100450055364143e-18,5.6986769014206333e-06,0.44321378313384202,0.020826531572738918
1.52,0,-0.47999999999999998,0.0020333333333333345,-3.5717650642912256e-16,-5.6466802862750497e-06,-4.3212767757850762e-18,5.4742619885721598e-06,0.44321378313384202,0.020826531572738918
1.5249999999999999,0,-0.47500000000000009,0.0020333333333333345,-4.5862276303177433e-16,-5.4566928325971261e-06,-4.0415382279709273e-18,5.2555151533720339e-06,0.44321378313384202,0.020826531572738918
1.53,0,-0.46999999999999997,0.0020333333333333345,-5.5046811660708084e-16,-5.2667053789191948e-06,-3.770702926080518e-18,5.0423663944645265e-06,0.44321378313384202,0.020826531572738918
1.5349999999999999,0,-0.46500000000000008,0.0020333333333333345,-6.327125671550336e-16,-5.076717925241272e-06,-3.5086444341004464e-18,4.8347457104939503e-06,0.44321378313384202,0.020826531572738918
1.54,0,-0.45999999999999996,0.0020333333333333345,-7.0535611467564021e-16,-4.8867304715633407e-06,-3.2552363160172699e-18,4.6325831001045768e-06,0.44321378313384202,0.020826531572738918
1.5449999999999999,0,-0.45500000000000007,0.0020333333333333345,-7.6839875916889406e-16,-4.6967430178854179e-06,-3.0103521358175855e-18,4.4358085619407114e-06,0.44321378313384202,0.020826531572738918
1.55,0,-0.44999999999999996,0.0020333333333333345,-8.2184050063480078e-16,-4.5067555642074866e-06,-2.7738654574879478e-18,4.2443520946466305e-06,0.44321378313384202,0.020826531572738918
1.5549999999999999,0,-0.44500000000000006,0.0020333333333333345,-8.6568133907335552e-16,-4.3167681105295629e-06,-2.5456498450149554e-18,4.0581436968666429e-06,0.44321378313384202,0.020826531572738918
1.5600000000000001,0,-0.43999999999999995,0.0020333333333333345,-8.9992127448456223e-16,-4.1267806568516325e-06,-2.3255788623851649e-18,3.87711336724502e-06,0.44321378313384202,0.020826531572738918
1.5649999999999999,0,-0.43500000000000005,0.0020333333333333345,-9.2456030686841797e-16,-3.9367932031737097e-06,-2.1135260735851709e-18,3.7011911044260704e-06,0.44321378313384202,0.020826531572738918
1.5700000000000001,0,-0.42999999999999994,0.0020333333333333345,-9.3959843622492488e-16,-3.7468057494957776e-06,-1.9093650426015324e-18,3.5303069070540679e-06,0.44321378313384202,0.020826531572738918
1.575,0,-0.42500000000000004,0.0020333333333333345,-9.450356625540816e-16,-3.5568182958178547e-06,-1.712969333420844e-18,3.3643907737733206e-06,0.44321378313384202,0.020826531572738918
1.5800000000000001,0,-0.41999999999999993,0.0020333333333333345,-9.4087198585588872e-16,-3.3668308421399235e-06,-1.5242125100296648e-18,3.2033727032281037e-06,0.44321378313384202,0.020826531572738918
1.585,0,-0.41500000000000004,0.0020333333333333345,-9.2710740613034643e-16,-3.1768433884620006e-06,-1.342968136414588e-18,3.047182694062721e-06,0.44321378313384202,0.020826531572738918
1.5900000000000001,0,-0.40999999999999992,0.0020333333333333345,-9.0374192337745335e-16,-2.9868559347840694e-06,-1.1691097765621739e-18,2.8957507449214502e-06,0.44321378313384202,0.020826531572738918
1.595,0,-0.40500000000000003,0.0020333333333333345,-8.7077553759721186e-16,-2.7968684811061461e-06,-1.0025109944590153e-18,2.7490068544485958e-06,0.44321378313384202,0.020826531572738918
1.6000000000000001,0,-0.39999999999999991,0.0020333333333333345,-8.2820824878961908e-16,-2.6068810274282153e-06,-8.4304535409167346e-19,2.6068810212884347e-06,0.44321378313384202,0.020826531572738918
1.605,0,-0.39500000000000002,0.0012333333333333328,-7.8200970447776749e-16,-2.5171230881925085e-06,6.0945802147678341e-19,2.4853710372357621e-06,0.34334879542508523,0.012568532811377275
1.6100000000000001,0,-0.3899999999999999,0.0012333333333333328,-7.3479872661705674e-16,-2.4273651489567983e-06,6.0275319453049769e-19,2.3675306977460328e-06,0.34334879542508523,0.012568532811377275
1.615,0,-0.38500000000000001,0.0012333333333333328,-6.8657531520749079e-16,-2.3376072097210915e-06,5.958041094499033e-19,2.2533054487891213e-06,0.34334879542508523,0.012568532811377275
1.6200000000000001,0,-0.37999999999999989,0.0012333333333333328,-6.3733947024906569e-16,-2.2478492704853809e-06,5.8861927396295629e-19,2.1426407363348817e-06,0.34334879542508523,0.012568532811377275
1.625,0,-0.375,0.0012333333333333328,-5.8709119174178538e-16,-2.1580913312496741e-06,5.8120719579761378e-19,2.0354820063531852e-06,0.34334879542508523,0.012568532811377275
1.6299999999999999,0,-0.37000000000000011,0.0012333333333333328,-5.3583047968564799e-16,-2.0683333920139677e-06,5.735763826818325e-19,1.9317747048138941e-06,0.34334879542508523,0.012568532811377275
1.635,0,-0.36499999999999999,0.0012333333333333328,-4.8355733408065115e-16,-1.9785754527782571e-06,5.6573534234356851e-19,1.8314642776868654e-06,0.34334879542508523,0.012568532811377275
1.6399999999999999,0,-0.3600000000000001,0.0012333333333333328,-4.3027175492679925e-16,-1.8888175135425506e-06,5.576925825107792e-19,1.7344961709419728e-06,0.34334879542508523,0.012568532811377275
1.645,0,-0.35499999999999998,0.0012333333333333328,-3.75973742224088e-16,-1.7990595743068402e-06,5.4945661091142064e-19,1.640815830549071e-06,0.34334879542508523,0.012568532811377275
1.6499999999999999,0,-0.35000000000000009,0.0012333333333333328,-3.2066329597252179e-16,-1.7093016350711334e-06,5.4103593527345014e-19,1.5503687024780323e-06,0.34334879542508523,0.012568532811377275
1.655,0,-0.34499999999999997,0.0012333333333333328,-2.6434041617209594e-16,-1.6195436958354228e-06,5.3243906332482365e-19,1.4631002326987124e-06,0.34334879542508523,0.012568532811377275
1.6599999999999999,0,-0.34000000000000008,0.0012333333333333328,-2.0700510282281547e-16,-1.5297857565997164e-06,5.2367450279349858e-19,1.3789558671809831e-06,0.34334879542508523,0.012568532811377275
1.665,0,-0.33499999999999996,0.0012333333333333328,-1.4865735592467521e-16,-1.4400278173640056e-06,5.1475076140743089e-19,1.2978810518947e-06,0.34334879542508523,0.012568532811377275
1.6699999999999999,0,-0.33000000000000007,0.0012333333333333328,-8.929717547768043e-17,-1.3502698781282992e-06,5.0567634689457798e-19,1.2198212328097346e-06,0.34334879542508523,0.012568532811377275
1.675,0,-0.32499999999999996,0.0012333333333333328,-2.8924561481825631e-17,-1.2605119388925884e-06,4.9645976698289572e-19,1.1447218558959438e-06,0.34334879542508523,0.012568532811377275
1.6799999999999999,0,-0.32000000000000006,0.0012333333333333328,3.2460486062883549e-17,-1.1707539996568821e-06,4.871095294003418e-19,1.0725283671231978e-06,0.34334879542508523,0.012568532811377275
1.6850000000000001,0,-0.31499999999999995,0.0012333333333333328,9.4857967156452787e-17,-1.0809960604211713e-06,4.776341418748718e-19,1.0031862124613542e-06,0.34334879542508523,0.012568532811377275
1.6899999999999999,0,-0.31000000000000005,0.0012333333333333328,1.5826788179887639e-16,-9.9123812118546468e-07,4.6804211213444331e-19,9.3664083788028288e-07,0.34334879542508523,0.012568532811377275
1.6950000000000001,0,-0.30499999999999994,0.0012333333333333328,2.2269022999015993e-16,-9.0148018194975408e-07,4.5834194790701219e-19,8.728376893498414e-07,0.34334879542508523,0.012568532811377275
1.7,0,-0.30000000000000004,0.0012333333333333328,2.8812501173029793e-16,-8.1172224271404761e-07,4.4854215692053595e-19,8.1172221283989955e-07,0.34334879542508523,0.012568532811377275
1.7050000000000001,0,-0.29499999999999993,0.00063333333333333297,3.514645887042443e-16,-7.7879013578720687e-07,1.6003372179556257e-20,7.6229801074234092e-07,0.24342533249503714,0.00638761331789847
1.71,0,-0.29000000000000004,0.00063333333333333297,4.0881666059346136e-16,-7.4585802886037015e-07,4.6786477386220474e-21,7.1484346464673489e-07,0.24342533249503714,0.00638761331789847
1.7150000000000001,0,-0.28499999999999992,0.00063333333333333297,4.6018122739795423e-16,-7.1292592193353184e-07,-5.8993754769570088e-21,6.6931963354751189e-07,0.24342533249503714,0.00638761331789847
1.72,0,-0.28000000000000003,0.00063333333333333297,5.0555828911771833e-16,-6.7999381500669501e-07,-1.5749936767888898e-20,6.256875764391106e-07,0.24342533249503714,0.00638761331789847
1.7250000000000001,0,-0.27499999999999991,0.00063333333333333297,5.449478457527576e-16,-6.4706170807985681e-07,-2.4892275434883547e-20,5.8390835231596176e-07,0.24342533249503714,0.00638761331789847
1.73,0,-0.27000000000000002,0.00063333333333333297,5.783498973030687e-16,-6.1412960115301988e-07,-3.3345630778649056e-20,5.4394302017250459e-07,0.24342533249503714,0.00638761331789847
1.7350000000000001,0,-0.2649999999999999,0.00063333333333333297,6.0576444376865448e-16,-5.8119749422618168e-07,-4.1129242099895169e-20,5.0575263900317026e-07,0.24342533249503714,0.00638761331789847
1.74,0,-0.26000000000000001,0.00063333333333333297,6.2719148514951258e-16,-5.4826538729934496e-07,-4.8262348699330159e-20,4.6929826780239665e-07,0.24342533249503714,0.00638761331789847
1.7450000000000001,0,-0.25499999999999989,0.00063333333333333297,6.4263102144564487e-16,-5.1533328037250665e-07,-5.4764189877663609e-20,4.3454096556461562e-07,0.24342533249503714,0.00638761331789847
1.75,0,-0.25,0.00063333333333333297,6.5208305265704976e-16,-4.8240117344566982e-07,-6.0654004935603949e-20,4.0144179128426527e-07,0.24342533249503714,0.00638761331789847
1.7549999999999999,0,-0.24500000000000011,0.00063333333333333297,6.5554757878372855e-16,-4.4946906651883311e-07,-6.5951033173860449e-20,3.6996180395577884e-07,0.24342533249503714,0.00638761331789847
1.76,0,-0.23999999999999999,0.00063333333333333297,6.5302459982568054e-16,-4.1653695959199474e-07,-7.0674513893142219e-20,3.4006206257358981e-07,0.24342533249503714,0.00638761331789847
1.7649999999999999,0,-0.2350000000000001,0.00063333333333333297,6.4451411578290623e-16,-3.8360485266515802e-07,-7.484368639415791e-20,3.1170362613213586e-07,0.24342533249503714,0.00638761331789847
1.77,0,-0.22999999999999998,0.00063333333333333297,6.3001612665540473e-16,-3.5067274573831977e-07,-7.8477789977616775e-20,2.8484755362584933e-07,0.24342533249503714,0.00638761331789847
1.7749999999999999,0,-0.22500000000000009,0.00063333333333333297,6.0953063244317731e-16,-3.1774063881148294e-07,-8.159606394422749e-20,2.5945490404916736e-07,0.24342533249503714,0.00638761331789847
1.78,0,-0.21999999999999997,0.00063333333333333297,5.8305763314622241e-16,-2.8480853188464464e-07,-8.421774759469932e-20,2.3548673639652282e-07,0.24342533249503714,0.00638761331789847
1.7849999999999999,0,-0.21500000000000008,0.00063333333333333297,5.505971287645421e-16,-2.5187642495780786e-07,-8.6362080229740988e-20,2.1290410966235254e-07,0.24342533249503714,0.00638761331789847
1.79,0,-0.20999999999999996,0.00063333333333333297,5.121491192981335e-16,-2.1894431803096961e-07,-8.8048301150061639e-20,1.9166808284108948e-07,0.24342533249503714,0.00638761331789847
1.7949999999999999,0,-0.20500000000000007,0.00063333333333333297,4.6771360474700018e-16,-1.8601221110413281e-07,-8.9295649656370118e-20,1.7173971492717039e-07,0.24342533249503714,0.00638761331789847
1.8,0,-0.19999999999999996,0.00063333333333333297,4.1729058511113804e-16,-1.530801041772945e-07,-9.0123365049375521e-20,1.5308006491502842e-07,0.24342533249503714,0.00638761331789847
1.8049999999999999,0,-0.19500000000000006,0.00023333333333333303,3.6632607840044996e-16,-1.4575191420829567e-07,-9.4452926096483906e-20,1.3948455459522109e-07,0.14346017655634613,0.0022873134284802543
1.8100000000000001,0,-0.18999999999999995,0.00023333333333333303,3.1751227126136196e-16,-1.384237242392965e-07,-8.5484680021273748e-20,1.2669165408413919e-07,0.14346017655634613,0.0022873134284802543
1.8149999999999999,0,-0.18500000000000005,0.00023333333333333303,2.7084916369387817e-16,-1.3109553427029764e-07,-7.7075529096056116e-20,1.1467754806772219e-07,0.14346017655634613,0.0022873134284802543
1.8200000000000001,0,-0.17999999999999994,0.00023333333333333303,2.2633675569799462e-16,-1.2376734430129849e-07,-6.9208077453086836e-20,1.0341842123190746e-07,0.14346017655634613,0.0022873134284802543
1.825,0,-0.17500000000000004,0.00023333333333333303,1.8397504727371529e-16,-1.1643915433229962e-07,-6.1864929224623154e-20,9.2890458262634292e-08,0.14346017655634613,0.0022873134284802543
1.8300000000000001,0,-0.16999999999999993,0.00023333333333333303,1.4376403842103613e-16,-1.0911096436330044e-07,-5.5028688542920943e-20,8.3069843845840154e-08,0.14346017655634613,0.0022873134284802543
1.835,0,-0.16500000000000004,0.00023333333333333303,1.0570372913996113e-16,-1.0178277439430161e-07,-4.8681959540237367e-20,7.3932762667464319e-08,0.14346017655634613,0.0022873134284802543
1.8400000000000001,0,-0.15999999999999992,0.00023333333333333303,6.979411943048656e-17,-9.4454584425302424e-08,-4.2807346348828377e-20,6.5455399413444264e-08,0.14346017655634613,0.0022873134284802543
1.845,0,-0.15500000000000003,0.00023333333333333303,3.6035209292615843e-17,-8.7126394456303592e-08,-3.7387453100951039e-20,5.7613938769719124e-08,0.14346017655634613,0.0022873134284802543
1.8500000000000001,0,-0.14999999999999991,0.00023333333333333303,4.4269987263457992e-18,-7.9798204487304417e-08,-3.240488392886142e-20,5.0384565422226576e-08,0.14346017655634613,0.0022873134284802543
1.855,0,-0.14500000000000002,0.00023333333333333303,-2.5030512268320677e-17,-7.2470014518305559e-08,-2.7842242964816489e-20,4.3743464056905631e-08,0.14346017655634613,0.0022873134284802543
1.8600000000000001,0,-0.1399999999999999,0.00023333333333333303,-5.2337323691386136e-17,-6.514182454930641e-08,-2.3682134341072397e-20,3.7666819359694057e-08,0.14346017655634613,0.0022873134284802543
1.865,0,-0.13500000000000001,0.00023333333333333303,-7.7493435542848285e-17,-5.7813634580307546e-08,-1.990716218988603e-20,3.2130816016530727e-08,0.14346017655634613,0.0022873134284802543
1.8700000000000001,0,-0.12999999999999989,0.00023333333333333303,-1.0049884782270927e-16,-5.0485444611308371e-08,-1.6499930643513606e-20,2.7111638713353531e-08,0.14346017655634613,0.0022873134284802543
1.875,0,-0.125,0.00023333333333333303,-1.2135356053096708e-16,-4.3157254642309533e-08,-1.3443043834211963e-20,2.2585472136101259e-08,0.14346017655634613,0.0022873134284802543
1.8799999999999999,0,-0.12000000000000011,0.00023333333333333303,-1.400575736676228e-16,-3.5829064673310695e-08,-1.0719105894237477e-20,1.8528500970712052e-08,0.14346017655634613,0.0022873134284802543
1.885,0,-0.11499999999999999,0.00023333333333333303,-1.5661088723267706e-16,-2.85008747043115e-08,-8.3107209558465891e-21,1.4916909903124092e-08,0.14346017655634613,0.0022873134284802543
1.8899999999999999,0,-0.1100000000000001,0.00023333333333333303,-1.7101350122612843e-16,-2.1172684735312662e-08,-6.2004931512960487e-21,1.1726883619276065e-08,0.14346017655634613,0.0022873134284802543
1.895,0,-0.10499999999999998,0.00023333333333333303,-1.8326541564797814e-16,-1.384449476631349e-08,-4.3710266128422143e-21,8.9346068051060427e-09,0.14346017655634613,0.0022873134284802543
1.8999999999999999,0,-0.10000000000000009,0.00023333333333333303,-1.9336663049822524e-16,-6.5163047973146489e-09,-2.8049254727417786e-21,6.5162641465526223e-09,0.14346017655634613,0.0022873134284802543
1.905,0,-0.094999999999999973,3.3333333333333254e-05,-2.0041413720912029e-16,-6.1904916013773813e-09,1.3072967343723317e-20,5.5080924719295888e-09,0.043469976375596478,0.00026225984735640188
1.9099999999999999,0,-0.09000000000000008,3.3333333333333254e-05,-2.0385102782485919e-16,-5.8646784054404355e-09,1.1568528013973979e-20,4.6089283177754906e-09,0.043469976375596478,0.00026225984735640188
1.915,0,-0.084999999999999964,3.3333333333333254e-05,-2.0367730234544211e-16,-5.5388652095034748e-09,1.0172066175429182e-20,3.8125749651926734e-09,0.043469976375596478,0.00026225984735640188
1.9199999999999999,0,-0.080000000000000071,3.3333333333333254e-05,-1.9989296077086925e-16,-5.2130520135665298e-09,8.8805345927180818e-21,3.1128356952836863e-09,0.043469976375596478,0.00026225984735640188
1.925,0,-0.074999999999999956,3.3333333333333254e-05,-1.924980031011401e-16,-4.8872388176295691e-09,7.6908860304695911e-21,2.5035137891509486e-09,0.043469976375596478,0.00026225984735640188
1.9299999999999999,0,-0.070000000000000062,3.3333333333333254e-05,-1.8149242933625539e-16,-4.5614256216926224e-09,6.600073253312838e-21,1.9784125278969941e-09,0.043469976375596478,0.00026225984735640188
1.9350000000000001,0,-0.064999999999999947,3.3333333333333254e-05,-1.6687623947621421e-16,-4.2356124257556634e-09,5.6050490258767534e-21,1.531335192624255e-09,0.043469976375596478,0.00026225984735640188
1.9399999999999999,0,-0.060000000000000053,3.3333333333333254e-05,-1.4864943352101775e-16,-3.9097992298187175e-09,4.7027661127904527e-21,1.1560850644352517e-09,0.043469976375596478,0.00026225984735640188
1.9450000000000001,0,-0.054999999999999938,3.3333333333333254e-05,-1.2681201147066448e-16,-3.5839860338817568e-09,3.8901772786828802e-21,8.464654244324303e-10,0.043469976375596478,0.00026225984735640188
1.95,0,-0.050000000000000044,3.3333333333333254e-05,-1.0136397332515619e-16,-3.2581728379448106e-09,3.1642352881831375e-21,5.9627955371829958e-10,0.043469976375596478,0.00026225984735640188
1.9550000000000001,0,-0.044999999999999929,3.3333333333333254e-05,-7.2305319084490807e-17,-2.9323596420078507e-09,2.5218929059201836e-21,3.9933073339531715e-10,0.043469976375596478,0.00026225984735640188
1.96,0,-0.040000000000000036,3.3333333333333254e-05,-3.963604874867078e-17,-2.6065464460709049e-09,1.960102896523103e-21,2.4942224456598151e-10,0.043469976375596478,0.00026225984735640188
1.9650000000000001,0,-0.03499999999999992,3.3333333333333254e-05,-3.3561623176932292e-18,-2.2807332501339446e-09,1.4758180246208731e-21,1.4035736833275995e-10,0.043469976375596478,0.00026225984735640188
1.97,0,-0.030000000000000027,3.3333333333333254e-05,3.6534340208438529e-17,-1.9549200541969983e-09,1.0659910548425622e-21,6.5939385798143259e-11,0.043469976375596478,0.00026225984735640188
1.9750000000000001,0,-0.024999999999999911,3.3333333333333254e-05,8.0035458829728144e-17,-1.629106858260038e-09,7.2757475181716016e-22,1.9971578064605672e-11,0.043469976375596478,0.00026225984735640188
1.98,0,-0.020000000000000018,3.3333333333333254e-05,1.271471935461717e-16,-1.3032936623230918e-09,4.5752188017372365e-22,-3.7427737653672483e-12,0.043469976375596478,0.00026225984735640188
1.9850000000000001,0,-0.014999999999999902,3.3333333333333254e-05,1.7786954435777345e-16,-9.7748046638613191e-10,2.5278520454125526e-22,-1.1400388589296388e-11,0.043469976375596478,0.00026225984735640188
1.99,0,-0.010000000000000009,3.3333333333333254e-05,2.322025112645287e-16,-6.5166727044918629e-10,1.1031748954879938e-22,-9.197985304699334e-12,0.043469976375596478,0.00026225984735640188
1.9950000000000001,0,-0.0049999999999998934,3.3333333333333254e-05,2.9014609426644259e-16,-3.2585407451222527e-10,2.7071499825369695e-23,-3.3322828090943811e-12,0.043469976375596478,0.00026225984735640188
2,0,0,3.3333333333333254e-05,3.517002933635097e-16,-4.0878575279627502e-14,0,-0,0.043469976375596478,0.00026225984735640188
2.0049999999999999,0,0.0049999999999998934,0,4.0927510504079856e-16,-4.0233677328245543e-14,0,-0,-0.056529277171484052,0
2.0099999999999998,0,0.0099999999999997868,0,4.5993668549847484e-16,-3.958877937686359e-14,-0,-0,-0.056529277171484052,0
2.0150000000000001,0,0.015000000000000124,0,5.0368503473654226e-16,-3.8943881425481581e-14,-0,-0,-0.056529277171484052,0
2.02,0,0.020000000000000018,0,5.4052015275499291e-16,-3.8298983474099622e-14,-0,-0,-0.056529277171484052,0
2.0249999999999999,0,0.024999999999999911,0,5.70442039553831e-16,-3.7654085522717663e-14,-0,-0,-0.056529277171484052,0
2.0299999999999998,0,0.029999999999999805,0,5.9345069513305666e-16,-3.7009187571335703e-14,-0,-0,-0.056529277171484052,0
2.0350000000000001,0,0.035000000000000142,0,6.0954611949267085e-16,-3.6364289619953694e-14,-0,-0,-0.056529277171484052,0
2.04,0,0.040000000000000036,0,6.1872831263267073e-16,-3.5719391668571735e-14,-0,-0,-0.056529277171484052,0
2.0449999999999999,0,0.044999999999999929,0,6.2099727455305816e-16,-3.5074493717189782e-14,-0,-0,-0.056529277171484052,0
2.0499999999999998,0,0.049999999999999822,0,6.1635300525383305e-16,-3.4429595765807829e-14,-0,-0,-0.056529277171484052,0
2.0550000000000002,0,0.05500000000000016,0,6.0479550473499422e-16,-3.3784697814425813e-14,-0,-0,-0.056529277171484052,0
2.0600000000000001,0,0.060000000000000053,0,5.8632477299654343e-16,-3.313979986304386e-14,-0,-0,-0.056529277171484052,0
2.0649999999999999,0,0.064999999999999947,0,5.6094081003848009e-16,-3.2494901911661901e-14,-0,-0,-0.056529277171484052,0
2.0699999999999998,0,0.06999999999999984,0,5.2864361586080442e-16,-3.1850003960279942e-14,-0,-0,-0.056529277171484052,0
2.0750000000000002,0,0.075000000000000178,0,4.8943319046351225e-16,-3.1205106008897932e-14,-0,-0,-0.056529277171484052,0
2.0800000000000001,0,0.080000000000000071,0,4.4330953384661084e-16,-3.0560208057515973e-14,-0,0,-0.056529277171484052,0
2.085,0,0.084999999999999964,0,3.9027264601009689e-16,-2.9915310106134014e-14,-0,0,-0.056529277171484052,0
2.0899999999999999,0,0.089999999999999858,0,3.3032252695397045e-16,-2.9270412154752055e-14,-0,0,-0.056529277171484052,0
2.0950000000000002,0,0.095000000000000195,0,2.634591766782252e-16,-2.8625514203370045e-14,-0,0,-0.056529277171484052,0
2.1000000000000001,0,0.10000000000000009,0,1.8968259518287303e-16,-2.7980616251988089e-14,-0,0,-0.056529277171484052,0
2.105,0,0.10499999999999998,0,1.1869397008884559e-16,-2.7740935182144028e-14,-0,0,-0.1565292771716113,0
2.1099999999999999,0,0.10999999999999988,0,5.4319419338849605e-17,-2.7501254112299971e-14,-0,0,-0.1565292771716113,0
2.1150000000000002,0,0.11500000000000021,0,-3.441057067119722e-18,-2.7261573042455891e-14,-0,0,-0.1565292771716113,0
2.1200000000000001,0,0.12000000000000011,0,-5.4587459129052181e-17,-2.702189197261183e-14,-0,0,-0.1565292771716113,0
2.125,0,0.125,0,-9.9119786846953121e-17,-2.6782210902767769e-14,-0,0,-0.1565292771716113,0
2.1299999999999999,0,0.12999999999999989,0,-1.3703804022082262e-16,-2.6542529832923705e-14,-0,0,-0.1565292771716113,0
2.1349999999999998,0,0.13499999999999979,0,-1.6834221925066062e-16,-2.6302848763079647e-14,-0,0,-0.1565292771716113,0
2.1400000000000001,0,0.14000000000000012,0,-1.9303232393646907e-16,-2.6063167693235567e-14,-0,0,-0.1565292771716113,0
2.145,0,0.14500000000000002,0,-2.1110835427824359e-16,-2.5823486623391506e-14,-0,0,-0.1565292771716113,0
2.1499999999999999,0,0.14999999999999991,0,-2.2257031027598657e-16,-2.5583805553547445e-14,-0,0,-0.1565292771716113,0
2.1549999999999998,0,0.1549999999999998,0,-2.2741819192969817e-16,-2.5344124483703385e-14,-0,0,-0.1565292771716113,0
2.1600000000000001,0,0.16000000000000014,0,-2.2565199923937772e-16,-2.5104443413859305e-14,-0,0,-0.1565292771716113,0
2.165,0,0.16500000000000004,0,-2.1727173220502569e-16,-2.4864762344015244e-14,-0,0,-0.1565292771716113,0
2.1699999999999999,0,0.16999999999999993,0,-2.0227739082664225e-16,-2.4625081274171183e-14,-0,0,-0.1565292771716113,0
2.1749999999999998,0,0.17499999999999982,0,-1.8066897510422733e-16,-2.4385400204327125e-14,-0,0,-0.1565292771716113,0
2.1800000000000002,0,0.18000000000000016,0,-1.5244648503777819e-16,-2.4145719134483042e-14,-0,-0,-0.1565292771716113,0
2.1850000000000001,0,0.18500000000000005,0,-1.1760992062729967e-16,-2.3906038064638981e-14,-0,-0,-0.1565292771716113,0
2.1899999999999999,0,0.18999999999999995,0,-7.6159281872789755e-17,-2.366635699479492e-14,-0,-0,-0.1565292771716113,0
2.1949999999999998,0,0.19499999999999984,0,-2.8094568774248303e-17,-2.3426675924950862e-14,-0,-0,-0.1565292771716113,0
2.2000000000000002,0,0.20000000000000018,0,2.658421866832973e-17,-2.3186994855106779e-14,0,-0,-0.1565292771716113,0
2.2050000000000001,0,0.20500000000000007,0,8.1543068022697675e-17,-2.3327267418702434e-14,0,-0,-0.25652927717165541,0
2.21,0,0.20999999999999996,0,1.3119690098833943e-16,-2.3467539982298089e-14,0,-0,-0.25652927717165541,0
2.2149999999999999,0,0.21499999999999986,0,1.7554571756525494e-16,-2.3607812545893746e-14,0,-0,-0.25652927717165541,0
2.2200000000000002,0,0.2200000000000002,0,2.1458951775344754e-16,-2.3748085109489414e-14,0,-0,-0.25652927717165541,0
2.2250000000000001,0,0.22500000000000009,0,2.4832830155291016e-16,-2.3888357673085065e-14,0,-0,-0.25652927717165541,0
2.23,0,0.22999999999999998,0,2.7676206896364656e-16,-2.4028630236680723e-14,0,-0,-0.25652927717165541,0
2.2349999999999999,0,0.23499999999999988,0,2.9989081998565681e-16,-2.4168902800276374e-14,0,-0,-0.25652927717165541,0
2.2400000000000002,0,0.24000000000000021,0,3.1771455461894218e-16,-2.4309175363872041e-14,0,-0,-0.25652927717165541,0
2.2450000000000001,0,0.24500000000000011,0,3.3023327286349961e-16,-2.4449447927467696e-14,0,-0,-0.25652927717165541,0
2.25,0,0.25,0,3.3744697471933073e-16,-2.4589720491063354e-14,0,-0,-0.25652927717165541,0
2.2549999999999999,0,0.25499999999999989,0,3.3935566018643569e-16,-2.4729993054659011e-14,0,-0,-0.25652927717165541,0
2.2599999999999998,0,0.25999999999999979,0,3.3595932926481444e-16,-2.4870265618254666e-14,0,-0,-0.25652927717165541,0
2.2650000000000001,0,0.26500000000000012,0,3.2725798195446599e-16,-2.5010538181850333e-14,0,-0,-0.25652927717165541,0
2.27,0,0.27000000000000002,0,3.1325161825539182e-16,-2.5150810745445988e-14,0,-0,-0.25652927717165541,0
2.2749999999999999,0,0.27499999999999991,0,2.9394023816759149e-16,-2.5291083309041642e-14,0,-0,-0.25652927717165541,0
2.2799999999999998,0,0.2799999999999998,0,2.6932384169106501e-16,-2.54313558726373e-14,0,0,-0.25652927717165541,0
2.2850000000000001,0,0.28500000000000014,0,2.394024288258093e-16,-2.5571628436232964e-14,0,0,-0.25652927717165541,0
2.29,0,0.29000000000000004,0,2.0417599957182989e-16,-2.5711900999828615e-14,0,0,-0.25652927717165541,0
2.2949999999999999,0,0.29499999999999993,0,1.6364455392912423e-16,-2.5852173563424273e-14,0,0,-0.25652927717165541,0
2.2999999999999998,0,0.29999999999999982,0,1.1780809189769243e-16,-2.5992446127019928e-14,0,0,-0.25652927717165541,0
2.3050000000000002,0,0.30500000000000016,0,6.9170399159760461e-17,-2.5971408197113982e-14,-0,0,-0.35652927717164928,0
2.3100000000000001,0,0.31000000000000005,0,2.064402388001417e-17,-2.5950370267208029e-14,-0,0,-0.35652927717164928,0
2.3149999999999999,0,0.31499999999999995,0,-2.7771033941550913e-17,-2.5929332337302074e-14,-0,0,-0.35652927717164928,0
2.3199999999999998,0,0.31999999999999984,0,-7.6074774304934607e-17,-2.5908294407396121e-14,-0,0,-0.35652927717164928,0
2.3250000000000002,0,0.32500000000000018,0,-1.2426719721014138e-16,-2.5887256477490166e-14,-0,0,-0.35652927717164928,0
2.3300000000000001,0,0.33000000000000007,0,-1.7234830265716255e-16,-2.5866218547584207e-14,-0,0,-0.35652927717164928,0
2.335,0,0.33499999999999996,0,-2.2031809064600238e-16,-2.5845180617678254e-14,-0,0,-0.35652927717164928,0
2.3399999999999999,0,0.33999999999999986,0,-2.6817656117666096e-16,-2.5824142687772302e-14,-0,0,-0.35652927717164928,0
2.3450000000000002,0,0.3450000000000002,0,-3.1592371424914241e-16,-2.5803104757866343e-14,-0,0,-0.35652927717164928,0
2.3500000000000001,0,0.35000000000000009,0,-3.6355954986343843e-16,-2.5782066827960385e-14,-0,0,-0.35652927717164928,0
2.355,0,0.35499999999999998,0,-4.1108406801955308e-16,-2.5761028898054432e-14,-0,0,-0.35652927717164928,0
2.3599999999999999,0,0.35999999999999988,0,-4.5849726871748646e-16,-2.5739990968148473e-14,-0,0,-0.35652927717164928,0
2.3650000000000002,0,0.36500000000000021,0,-5.057991519572428e-16,-2.5718953038242518e-14,-0,0,-0.35652927717164928,0
2.3700000000000001,0,0.37000000000000011,0,-5.5298971773881343e-16,-2.5697915108336562e-14,-0,0,-0.35652927717164928,0
2.375,0,0.375,0,-6.0006896606220308e-16,-2.567687717843061e-14,-0,0,-0.35652927717164928,0
2.3799999999999999,0,0.37999999999999989,0,-6.4703689692741125e-16,-2.5655839248524654e-14,-0,-0,-0.35652927717164928,0
2.3849999999999998,0,0.38499999999999979,0,-6.9389351033443805e-16,-2.5634801318618699e-14,-0,-0,-0.35652927717164928,0
2.3900000000000001,0,0.39000000000000012,0,-7.4063880628328792e-16,-2.561376338871274e-14,-0,-0,-0.35652927717164928,0
2.395,0,0.39500000000000002,0,-7.8727278477395207e-16,-2.5592725458806784e-14,-0,-0,-0.35652927717164928,0
2.3999999999999999,0,0.39999999999999991,0,-8.3379544580643514e-16,-2.5571687528900832e-14,-0,-0,-0.35652927717164928,0
2.4049999999999998,0,0.4049999999999998,0,-8.7705195648478933e-16,-2.5408559881701292e-14,0,-0,-0.45652927717166891,0
2.4100000000000001,0,0.41000000000000014,0,-9.1085610504839354e-16,-2.5245432234501726e-14,0,-0,-0.45652927717166891,0
2.415,0,0.41500000000000004,0,-9.3520789149724128e-16,-2.5082304587302174e-14,0,-0,-0.45652927717166891,0
2.4199999999999999,0,0.41999999999999993,0,-9.5010731583133679e-16,-2.4919176940102624e-14,0,-0,-0.45652927717166891,0
2.4249999999999998,0,0.42499999999999982,0,-9.5555437805067926e-16,-2.4756049292903071e-14,0,-0,-0.45652927717166891,0
2.4300000000000002,0,0.43000000000000016,0,-9.5154907815526812e-16,-2.4592921645703506e-14,0,-0,-0.45652927717166891,0
2.4350000000000001,0,0.43500000000000005,0,-9.3809141614510434e-16,-2.4429793998503956e-14,0,-0,-0.45652927717166891,0
2.4399999999999999,0,0.43999999999999995,0,-9.1518139202018774e-16,-2.4266666351304406e-14,0,-0,-0.45652927717166891,0
2.4449999999999998,0,0.44499999999999984,0,-8.828190057805185e-16,-2.4103538704104856e-14,0,-0,-0.45652927717166891,0
2.4500000000000002,0,0.45000000000000018,0,-8.4100425742609229e-16,-2.3940411056905288e-14,0,-0,-0.45652927717166891,0
2.4550000000000001,0,0.45500000000000007,0,-7.8973714695691681e-16,-2.3777283409705735e-14,0,-0,-0.45652927717166891,0
2.46,0,0.45999999999999996,0,-7.2901767437298829e-16,-2.3614155762506185e-14,0,-0,-0.45652927717166891,0
2.4649999999999999,0,0.46499999999999986,0,-6.5884583967430715e-16,-2.3451028115306633e-14,0,-0,-0.45652927717166891,0
2.4700000000000002,0,0.4700000000000002,0,-5.7922164286086587e-16,-2.328790046810707e-14,0,-0,-0.45652927717166891,0
2.4750000000000001,0,0.47500000000000009,0,-4.9014508393267848e-16,-2.3124772820907517e-14,0,-0,-0.45652927717166891,0
2.48,0,0.47999999999999998,0,-3.9161616288973835e-16,-2.2961645173707968e-14,0,0,-0.45652927717166891,0
2.4849999999999999,0,0.48499999999999988,0,-2.8363487973204534e-16,-2.2798517526508418e-14,0,0,-0.45652927717166891,0
2.4900000000000002,0,0.49000000000000021,0,-1.6620123445958886e-16,-2.2635389879308849e-14,0,0,-0.45652927717166891,0
2.4950000000000001,0,0.49500000000000011,0,-3.9315227072389669e-17,-2.24722622321093e-14,0,0,-0.45652927717166891,0
2.5,0,0.5,0,9.7023142429562411e-17,-2.230913458490975e-14,0,0,-0.45652927717166891,0
2.5049999999999999,0,0.50499999999999989,0,2.317615325765848e-16,-2.2035784333252161e-14,0,0,-0.55652927717156253,0
2.5099999999999998,0,0.50999999999999979,0,3.5345880481616351e-16,-2.1762434081594569e-14,0,0,-0.55652927717156253,0
2.5150000000000001,0,0.51500000000000012,0,4.6211495914830763e-16,-2.1489083829936955e-14,0,0,-0.55652927717156253,0
2.52,0,0.52000000000000002,0,5.5772999557299789e-16,-2.1215733578279366e-14,0,0,-0.55652927717156253,0
2.5249999999999999,0,0.52499999999999991,0,6.4030391409024434e-16,-2.0942383326621771e-14,0,0,-0.55652927717156253,0
2.5299999999999998,0,0.5299999999999998,0,7.0983671470004729e-16,-2.0669033074964183e-14,0,0,-0.55652927717156253,0
2.5350000000000001,0,0.53500000000000014,0,7.6632839740241097e-16,-2.0395682823306568e-14,0,0,-0.55652927717156253,0
2.54,0,0.54000000000000004,0,8.0977896219732542e-16,-2.0122332571648977e-14,0,0,-0.55652927717156253,0
2.5449999999999999,0,0.54499999999999993,0,8.4018840908479636e-16,-1.9848982319991388e-14,0,0,-0.55652927717156253,0
2.5499999999999998,0,0.54999999999999982,0,8.575567380648233e-16,-1.9575632068333796e-14,0,0,-0.55652927717156253,0
2.5550000000000002,0,0.55500000000000016,0,8.6188394913740672e-16,-1.9302281816676182e-14,0,0,-0.55652927717156253,0
2.5600000000000001,0,0.56000000000000005,0,8.5317004230254527e-16,-1.9028931565018593e-14,0,0,-0.55652927717156253,0
2.5649999999999999,0,0.56499999999999995,0,8.314150175602403e-16,-1.8755581313361001e-14,0,0,-0.55652927717156253,0
2.5699999999999998,0,0.56999999999999984,0,7.9661887491049172e-16,-1.8482231061703412e-14,0,0,-0.55652927717156253,0
2.5750000000000002,0,0.57500000000000018,0,7.4878161435329461e-16,-1.8208880810045795e-14,0,0,-0.55652927717156253,0
2.5800000000000001,0,0.58000000000000007,0,6.8790323588865753e-16,-1.7935530558388206e-14,0,-0,-0.55652927717156253,0
2.585,0,0.58499999999999996,0,6.1398373951657676e-16,-1.7662180306730614e-14,0,-0,-0.55652927717156253,0
2.5899999999999999,0,0.58999999999999986,0,5.2702312523705237e-16,-1.7388830055073022e-14,0,-0,-0.55652927717156253,0
2.5950000000000002,0,0.5950000000000002,0,4.2702139305007481e-16,-1.7115479803415408e-14,0,-0,-0.55652927717156253,0
2.6000000000000001,0,0.60000000000000009,0,3.1397854295566193e-16,-1.6842129551757819e-14,0,-0,-0.55652927717156253,0
2.605,0,0.60499999999999998,0,1.9979260796464757e-16,-1.6662602214532806e-14,-0,-0,-0.65652927717164422,0
2.6099999999999999,0,0.60999999999999988,0,9.171172856323702e-17,-1.6483074877307796e-14,-0,-0,-0.65652927717164422,0
2.6150000000000002,0,0.61500000000000021,0,-1.0264095248578744e-17,-1.630354754008277e-14,-0,-0,-0.65652927717164422,0
2.6200000000000001,0,0.62000000000000011,0,-1.0613486347078142e-16,-1.6124020202857756e-14,-0,-0,-0.65652927717164422,0
2.625,0,0.625,0,-1.959005761033804e-16,-1.5944492865632746e-14,-0,-0,-0.65652927717164422,0
2.6299999999999999,0,0.62999999999999989,0,-2.7956123314637569e-16,-1.5764965528407733e-14,-0,-0,-0.65652927717164422,0
2.6349999999999998,0,0.63499999999999979,0,-3.5711683459976713e-16,-1.5585438191182722e-14,-0,-0,-0.65652927717164422,0
2.6400000000000001,0,0.64000000000000012,0,-4.2856738046356115e-16,-1.5405910853957696e-14,-0,-0,-0.65652927717164422,0
2.645,0,0.64500000000000002,0,-4.9391287073774474e-16,-1.5226383516732683e-14,-0,-0,-0.65652927717164422,0
2.6499999999999999,0,0.64999999999999991,0,-5.5315330542232469e-16,-1.5046856179507673e-14,-0,-0,-0.65652927717164422,0
2.6549999999999998,0,0.6549999999999998,0,-6.0628868451730092e-16,-1.4867328842282662e-14,-0,-0,-0.65652927717164422,0
2.6600000000000001,0,0.66000000000000014,0,-6.5331900802267716e-16,-1.4687801505057633e-14,-0,-0,-0.65652927717164422,0
2.665,0,0.66500000000000004,0,-6.9424427593844544e-16,-1.4508274167832623e-14,-0,-0,-0.65652927717164422,0
2.6699999999999999,0,0.66999999999999993,0,-7.2906448826460988e-16,-1.4328746830607613e-14,-0,-0,-0.65652927717164422,0
2.6749999999999998,0,0.67499999999999982,0,-7.5777964500117079e-16,-1.4149219493382599e-14,-0,-0,-0.65652927717164422,0
2.6800000000000002,0,0.68000000000000016,0,-7.8038974614812975e-16,-1.3969692156157573e-14,-0,0,-0.65652927717164422,0
2.6850000000000001,0,0.68500000000000005,0,-7.9689479170548261e-16,-1.379016481893256e-14,-0,0,-0.65652927717164422,0
2.6899999999999999,0,0.68999999999999995,0,-8.0729478167323174e-16,-1.3610637481707548e-14,-0,0,-0.65652927717164422,0
2.6949999999999998,0,0.69499999999999984,0,-8.1158971605137704e-16,-1.3431110144482538e-14,-0,0,-0.65652927717164422,0
2.7000000000000002,0,0.70000000000000018,0,-8.0977959483991852e-16,-1.325158280725751e-14,-0,0,-0.65652927717164422,0
2.7050000000000001,0,0.70500000000000007,0,-8.0449877195247204e-16,-1.2954034452895088e-14,0,0,-0.75652927717158502,0
2.71,0,0.70999999999999996,0,-7.9335356505237515e-16,-1.2656486098532668e-14,0,0,-0.75652927717158502,0
2.7149999999999999,0,0.71499999999999986,0,-7.7634397413962765e-16,-1.2358937744170249e-14,0,0,-0.75652927717158502,0
2.7200000000000002,0,0.7200000000000002,0,-7.5346999921422768e-16,-1.2061389389807802e-14,0,0,-0.75652927717158502,0
2.7250000000000001,0,0.72500000000000009,0,-7.2473164027617877e-16,-1.176384103544538e-14,0,0,-0.75652927717158502,0
2.73,0,0.72999999999999998,0,-6.9012889732547935e-16,-1.146629268108296e-14,0,0,-0.75652927717158502,0
2.7349999999999999,0,0.73499999999999988,0,-6.4966177036212943e-16,-1.1168744326720538e-14,0,0,-0.75652927717158502,0
2.7400000000000002,0,0.74000000000000021,0,-6.0333025938612465e-16,-1.0871195972358091e-14,0,0,-0.75652927717158502,0
2.7450000000000001,0,0.74500000000000011,0,-5.5113436439747351e-16,-1.0573647617995671e-14,0,0,-0.75652927717158502,0
2.75,0,0.75,0,-4.9307408539617156e-16,-1.027609926363325e-14,0,0,-0.75652927717158502,0
2.7549999999999999,0,0.75499999999999989,0,-4.2914942238221921e-16,-9.9785509092708301e-15,0,0,-0.75652927717158502,0
2.7599999999999998,0,0.75999999999999979,0,-3.5936037535561644e-16,-9.6810025549084098e-15,0,0,-0.75652927717158502,0
2.7650000000000001,0,0.76500000000000012,0,-2.8370694431635612e-16,-9.3834542005459611e-15,0,0,-0.75652927717158502,0
2.77,0,0.77000000000000002,0,-2.0218912926445194e-16,-9.0859058461835408e-15,0,0,-0.75652927717158502,0
2.7749999999999999,0,0.77499999999999991,0,-1.1480693019989708e-16,-8.7883574918211204e-15,0,0,-0.75652927717158502,0
2.7799999999999998,0,0.7799999999999998,0,-2.1560347122691809e-17,-8.4908091374587001e-15,0,-0,-0.75652927717158502,0
2.7850000000000001,0,0.78500000000000014,0,7.7550619967173067e-17,-8.1932607830962514e-15,0,-0,-0.75652927717158502,0
2.79,0,0.79000000000000004,0,1.8252597106967977e-16,-7.8957124287338311e-15,0,-0,-0.75652927717158502,0
2.7949999999999999,0,0.79499999999999993,0,2.9336570618483694e-16,-7.5981640743714108e-15,0,-0,-0.75652927717158502,0
2.7999999999999998,0,0.79999999999999982,0,4.1006982531264471e-16,-7.3006157200089905e-15,0,-0,-0.75652927717158502,0
2.8050000000000002,0,0.80500000000000016,0,5.229314972272846e-16,-7.2908327220752214e-15,-0,-0,-0.85652927717159388,0
2.8100000000000001,0,0.81000000000000005,0,6.2316243566684859e-16,-7.2810497241414806e-15,-0,-0,-0.85652927717159388,0
2.8149999999999999,0,0.81499999999999995,0,7.1076264063134713e-16,-7.2712667262077399e-15,-0,-0,-0.85652927717159388,0
2.8199999999999998,0,0.81999999999999984,0,7.8573211212078062e-16,-7.2614837282739991e-15,-0,-0,-0.85652927717159388,0
2.8250000000000002,0,0.82500000000000018,0,8.480708501351536e-16,-7.2517007303402568e-15,-0,-0,-0.85652927717159388,0
2.8300000000000001,0,0.83000000000000007,0,8.9777885467445522e-16,-7.2419177324065144e-15,-0,-0,-0.85652927717159388,0
2.835,0,0.83499999999999996,0,9.348561257386914e-16,-7.2321347344727737e-15,-0,-0,-0.85652927717159388,0
2.8399999999999999,0,0.83999999999999986,0,9.5930266332786253e-16,-7.2223517365390329e-15,-0,-0,-0.85652927717159388,0
2.8450000000000002,0,0.8450000000000002,0,9.711184674419688e-16,-7.2125687386052906e-15,-0,-0,-0.85652927717159388,0
2.8500000000000001,0,0.85000000000000009,0,9.7030353808100805e-16,-7.2027857406715498e-15,-0,-0,-0.85652927717159388,0
2.855,0,0.85499999999999998,0,9.5685787524498186e-16,-7.1930027427378075e-15,-0,-0,-0.85652927717159388,0
2.8599999999999999,0,0.85999999999999988,0,9.3078147893389062e-16,-7.1832197448040667e-15,-0,-0,-0.85652927717159388,0
2.8650000000000002,0,0.86500000000000021,0,8.9207434914772999e-16,-7.1734367468703244e-15,-0,-0,-0.85652927717159388,0
2.8700000000000001,0,0.87000000000000011,0,8.4073648588650697e-16,-7.163653748936582e-15,-0,-0,-0.85652927717159388,0
2.875,0,0.875,0,7.767678891502187e-16,-7.1538707510028413e-15,-0,-0,-0.85652927717159388,0
2.8799999999999999,0,0.87999999999999989,0,7.0016855893886509e-16,-7.1440877530691005e-15,-0,0,-0.85652927717159388,0
2.8849999999999998,0,0.88499999999999979,0,6.1093849525244604e-16,-7.1343047551353582e-15,-0,0,-0.85652927717159388,0
2.8900000000000001,0,0.89000000000000012,0,5.0907769809095217e-16,-7.1245217572016174e-15,-0,0,-0.85652927717159388,0
2.895,0,0.89500000000000002,0,3.9458616745440149e-16,-7.1147387592678751e-15,-0,0,-0.85652927717159388,0
2.8999999999999999,0,0.89999999999999991,0,2.6746390334278556e-16,-7.1049557613341351e-15,-0,0,-0.85652927717159388,0
2.9049999999999998,0,0.9049999999999998,0,1.4227184646539594e-16,-7.2953672311711719e-15,-0,0,-0.95652927717174885,0
2.9100000000000001,0,0.91000000000000014,0,2.7714508562044065e-17,-7.4857787010082457e-15,-0,0,-0.95652927717174885,0
2.915,0,0.91500000000000004,0,-7.6208110367250058e-17,-7.6761901708453005e-15,-0,0,-0.95652927717174885,0
2.9199999999999999,0,0.91999999999999993,0,-1.6949601032249701e-16,-7.866601640682357e-15,-0,0,-0.95652927717174885,0
2.9249999999999998,0,0.92499999999999982,0,-2.5214919130369669e-16,-8.0570131105194134e-15,-0,0,-0.95652927717174885,0
2.9300000000000002,0,0.93000000000000016,0,-3.2416765331085526e-16,-8.2474245803564856e-15,-0,0,-0.95652927717174885,0
2.9350000000000001,0,0.93500000000000005,0,-3.8555139634395976e-16,-8.4378360501935421e-15,-0,0,-0.95652927717174885,0
2.9399999999999999,0,0.93999999999999995,0,-4.3630042040301719e-16,-8.6282475200305985e-15,-0,0,-0.95652927717174885,0
2.9449999999999998,0,0.94499999999999984,0,-4.7641472548802744e-16,-8.818658989867655e-15,-0,0,-0.95652927717174885,0
2.9500000000000002,0,0.95000000000000018,0,-5.0589431159899269e-16,-9.0090704597047272e-15,-0,0,-0.95652927717174885,0
2.9550000000000001,0,0.95500000000000007,0,-5.2473917873590776e-16,-9.1994819295417821e-15,-0,0,-0.95652927717174885,0
2.96,0,0.95999999999999996,0,-5.3294932689877542e-16,-9.3898933993788385e-15,-0,0,-0.95652927717174885,0
2.9649999999999999,0,0.96499999999999986,0,-5.3052475608759614e-16,-9.5803048692158934e-15,-0,0,-0.95652927717174885,0
2.9700000000000002,0,0.9700000000000002,0,-5.1746546630236807e-16,-9.7707163390529687e-15,-0,0,-0.95652927717174885,0
2.9750000000000001,0,0.97500000000000009,0,-4.9377145754309357e-16,-9.9611278088900236e-15,-0,0,-0.95652927717174885,0
2.98,0,0.97999999999999998,0,-4.5944272980977184e-16,-1.015153927872708e-14,-0,-0,-0.95652927717174885,0
2.9849999999999999,0,0.98499999999999988,0,-4.1447928310240285e-16,-1.0341950748564135e-14,-0,-0,-0.95652927717174885,0
2.9900000000000002,0,0.99000000000000021,0,-3.588811174209815e-16,-1.0532362218401207e-14,-0,-0,-0.95652927717174885,0
2.9950000000000001,0,0.99500000000000011,0,-2.9264823276551732e-16,-1.0722773688238264e-14,-0,-0,-0.95652927717174885,0
3,0,1,0,-2.1578062913600612e-16,-1.091318515807532e-14,-0,-0,-0.95652927717174885,0
3.0049999999999999,0,1.0049999999999999,0,-1.373182090508139e-16,-1.075777016342479e-14,0,-0,-1.0565292771716206,0
3.0099999999999998,0,1.0099999999999998,0,-6.359294670211958e-17,-1.0602355168774258e-14,0,-0,-1.0565292771716206,0
3.0150000000000001,0,1.0150000000000001,0,5.3951579100828415e-18,-1.0446940174123713e-14,0,-0,-1.0565292771716206,0
3.02,0,1.02,0,6.9646104785781093e-17,-1.0291525179473179e-14,0,-0,-1.0565292771716206,0
3.0249999999999999,0,1.0249999999999999,0,1.2915989392498146e-16,-1.0136110184822646e-14,0,-0,-1.0565292771716206,0
3.0299999999999998,0,1.0299999999999998,0,1.8393652532768397e-16,-9.9806951901721136e-15,0,-0,-1.0565292771716206,0
3.0350000000000001,0,1.0350000000000001,0,2.3397599899389276e-16,-9.8252801955215689e-15,0,-0,-1.0565292771716206,0
3.04,0,1.04,0,2.792783149235992e-16,-9.6698652008710353e-15,0,-0,-1.0565292771716206,0
3.0449999999999999,0,1.0449999999999999,0,3.1984347311680768e-16,-9.5144502062205049e-15,0,-0,-1.0565292771716206,0
3.0499999999999998,0,1.0499999999999998,0,3.5567147357351836e-16,-9.3590352115699712e-15,0,-0,-1.0565292771716206,0
3.0550000000000002,0,1.0550000000000002,0,3.8676231629373373e-16,-9.2036202169194266e-15,0,-0,-1.0565292771716206,0
3.0600000000000001,0,1.0600000000000001,0,4.1311600127744814e-16,-9.0482052222688945e-15,0,-0,-1.0565292771716206,0
3.0649999999999999,0,1.0649999999999999,0,4.3473252852466484e-16,-8.8927902276183609e-15,0,-0,-1.0565292771716206,0
3.0699999999999998,0,1.0699999999999998,0,4.5161189803538364e-16,-8.7373752329678289e-15,0,-0,-1.0565292771716206,0
3.0750000000000002,0,1.0750000000000002,0,4.637541098096054e-16,-8.5819602383172827e-15,0,-0,-1.0565292771716206,0
3.0800000000000001,0,1.0800000000000001,0,4.7115916384732818e-16,-8.4265452436667506e-15,0,0,-1.0565292771716206,0
3.085,0,1.085,0,4.7382706014855295e-16,-8.2711302490162186e-15,0,0,-1.0565292771716206,0
3.0899999999999999,0,1.0899999999999999,0,4.7175779871327981e-16,-8.1157152543656865e-15,0,0,-1.0565292771716206,0
3.0950000000000002,0,1.0950000000000002,0,4.6495137954150807e-16,-7.9603002597151403e-15,0,0,-1.0565292771716206,0
3.1000000000000001,0,1.1000000000000001,0,4.5340780263323891e-16,-7.8048852650646083e-15,0,0,-1.0565292771716206,0
3.105,0,1.105,0,4.3965577198649405e-16,-7.4970910084092426e-15,-0,0,-1.1565292771716049,0
3.1099999999999999,0,1.1099999999999999,0,4.2724401627964967e-16,-7.1892967517538785e-15,-0,0,-1.1565292771716049,0
3.1150000000000002,0,1.1150000000000002,0,4.1617253551270491e-16,-6.8815024950984868e-15,-0,0,-1.1565292771716049,0
3.1200000000000001,0,1.1200000000000001,0,4.0644132968566152e-16,-6.5737082384431219e-15,-0,0,-1.1565292771716049,0
3.125,0,1.125,0,3.9805039879851865e-16,-6.2659139817877562e-15,-0,0,-1.1565292771716049,0
3.1299999999999999,0,1.1299999999999999,0,3.909997428512762e-16,-5.9581197251323905e-15,-0,0,-1.1565292771716049,0
3.1349999999999998,0,1.1349999999999998,0,3.8528936184393423e-16,-5.6503254684770264e-15,-0,0,-1.1565292771716049,0
3.1400000000000001,0,1.1400000000000001,0,3.8091925577649238e-16,-5.3425312118216339e-15,-0,0,-1.1565292771716049,0
3.145,0,1.145,0,3.7788942464895149e-16,-5.0347369551662698e-15,-0,0,-1.1565292771716049,0
3.1499999999999999,0,1.1499999999999999,0,3.7619986846131103e-16,-4.7269426985109041e-15,-0,0,-1.1565292771716049,0
3.1549999999999998,0,1.1549999999999998,0,3.7585058721357099e-16,-4.41914844185554e-15,-0,0,-1.1565292771716049,0
3.1600000000000001,0,1.1600000000000001,0,3.7684158090573157e-16,-4.1113541852001475e-15,-0,0,-1.1565292771716049,0
3.165,0,1.165,0,3.7917284953779258e-16,-3.8035599285447818e-15,-0,0,-1.1565292771716049,0
3.1699999999999999,0,1.1699999999999999,0,3.828443931097541e-16,-3.4957656718894177e-15,-0,0,-1.1565292771716049,0
3.1749999999999998,0,1.1749999999999998,0,3.8785621162161605e-16,-3.1879714152340524e-15,-0,0,-1.1565292771716049,0
3.1800000000000002,0,1.1800000000000002,0,3.9420830507337906e-16,-2.8801771585786595e-15,-0,-0,-1.1565292771716049,0
3.1850000000000001,0,1.1850000000000001,0,4.01900673465042e-16,-2.5723829019232946e-15,-0,-0,-1.1565292771716049,0
3.1899999999999999,0,1.1899999999999999,0,4.1093331679660542e-16,-2.2645886452679301e-15,-0,-0,-1.1565292771716049,0
3.1949999999999998,0,1.1949999999999998,0,4.213062350680693e-16,-1.9567943886125656e-15,-0,-0,-1.1565292771716049,0
3.2000000000000002,0,1.2000000000000002,0,4.3301942827943479e-16,-1.6490001319571731e-15,-0,-0,-1.1565292771716049,0
3.2050000000000001,0,1.2050000000000001,0,4.4553437708327226e-16,-1.6643725556232469e-15,-0,-0,-1.256529277171643,0
3.21,0,1.21,0,4.5281761071899935e-16,-1.6797449792893208e-15,-0,-0,-1.256529277171643,0
3.2149999999999999,0,1.2149999999999999,0,4.5486912918661616e-16,-1.6951174029553945e-15,-0,-0,-1.256529277171643,0
3.2200000000000002,0,1.2200000000000002,0,4.5168893248612211e-16,-1.7104898266214696e-15,-0,-0,-1.256529277171643,0
3.2250000000000001,0,1.2250000000000001,0,4.4327702061751767e-16,-1.7258622502875433e-15,-0,-0,-1.256529277171643,0
3.23,0,1.23,0,4.2963339358080287e-16,-1.7412346739536171e-15,-0,-0,-1.256529277171643,0
3.2349999999999999,0,1.2349999999999999,0,4.1075805137597778e-16,-1.7566070976196908e-15,-0,-0,-1.256529277171643,0
3.2400000000000002,0,1.2400000000000002,0,3.8665099400303995e-16,-1.7719795212857661e-15,-0,-0,-1.256529277171643,0
3.2450000000000001,0,1.2450000000000001,0,3.5731222146199372e-16,-1.7873519449518398e-15,-0,-0,-1.256529277171643,0
3.25,0,1.25,0,3.2274173375283712e-16,-1.8027243686179136e-15,-0,-0,-1.256529277171643,0
3.2549999999999999,0,1.2549999999999999,0,2.8293953087557008e-16,-1.8180967922839873e-15,-0,-0,-1.256529277171643,0
3.2599999999999998,0,1.2599999999999998,0,2.3790561283019278e-16,-1.8334692159500614e-15,-0,-0,-1.256529277171643,0
3.2650000000000001,0,1.2650000000000001,0,1.8763997961670038e-16,-1.8488416396161363e-15,-0,-0,-1.256529277171643,0
3.27,0,1.27,0,1.3214263123510193e-16,-1.8642140632822101e-15,-0,-0,-1.256529277171643,0
3.2749999999999999,0,1.2749999999999999,0,7.1413567685393046e-17,-1.8795864869482838e-15,-0,-0,-1.256529277171643,0
3.2799999999999998,0,1.2799999999999998,0,5.4527889675738632e-18,-1.8949589106143579e-15,-0,0,-1.256529277171643,0
3.2850000000000001,0,1.2850000000000001,0,-6.5739704918362302e-17,-1.9103313342804328e-15,-0,0,-1.256529277171643,0
3.29,0,1.29,0,-1.4216391397240268e-16,-1.9257037579465065e-15,-0,0,-1.256529277171643,0
3.2949999999999999,0,1.2949999999999999,0,-2.2381983819455331e-16,-1.9410761816125803e-15,-0,0,-1.256529277171643,0
3.2999999999999998,0,1.2999999999999998,0,-3.1070747758481446e-16,-1.9564486052786544e-15,-0,0,-1.256529277171643,0
3.3050000000000002,0,1.3050000000000002,0,-3.9608672987827885e-16,-1.721037560200962e-15,0,0,-1.3565292771716164,0
3.3100000000000001,0,1.3100000000000001,0,-4.7251696002362963e-16,-1.4856265151232691e-15,0,0,-1.3565292771716164,0
3.3149999999999999,0,1.3149999999999999,0,-5.3999816802087463e-16,-1.2502154700455755e-15,0,0,-1.3565292771716164,0
3.3199999999999998,0,1.3199999999999998,0,-5.9853035387001397e-16,-1.0148044249678825e-15,0,0,-1.3565292771716164,0
3.3250000000000002,0,1.3250000000000002,0,-6.4811351757105147e-16,-7.7939337989016809e-16,0,0,-1.3565292771716164,0
3.3300000000000001,0,1.3300000000000001,0,-6.8874765912397867e-16,-5.4398233481247464e-16,0,0,-1.3565292771716164,0
3.335,0,1.335,0,-7.204327785288e-16,-3.0857128973478158e-16,0,0,-1.3565292771716164,0
3.3399999999999999,0,1.3399999999999999,0,-7.4316887578551575e-16,-7.3160244657088298e-17,0,0,-1.3565292771716164,0
3.3450000000000002,0,1.3450000000000002,0,-7.5695595089412642e-16,1.6225080042062611e-16,0,0,-1.3565292771716164,0
3.3500000000000001,0,1.3500000000000001,0,-7.6179400385462984e-16,3.9766184549831939e-16,0,0,-1.3565292771716164,0
3.355,0,1.355,0,-7.5768303466702769e-16,6.3307289057601284e-16,0,0,-1.3565292771716164,0
3.3599999999999999,0,1.3599999999999999,0,-7.4462304333131957e-16,8.6848393565370581e-16,0,0,-1.3565292771716164,0
3.3650000000000002,0,1.3650000000000002,0,-7.2261402984750351e-16,1.1038949807314204e-15,0,0,-1.3565292771716164,0
3.3700000000000001,0,1.3700000000000001,0,-6.9165599421558335e-16,1.3393060258091133e-15,0,0,-1.3565292771716164,0
3.375,0,1.375,0,-6.5174893643555733e-16,1.5747170708868071e-15,0,0,-1.3565292771716164,0
3.3799999999999999,0,1.3799999999999999,0,-6.0289285650742572e-16,1.8101281159645004e-15,0,-0,-1.3565292771716164,0
3.3849999999999998,0,1.3849999999999998,0,-5.4508775443118825e-16,2.0455391610421932e-15,0,-0,-1.3565292771716164,0
3.3900000000000001,0,1.3900000000000001,0,-4.783336302068389e-16,2.2809502061199076e-15,0,-0,-1.3565292771716164,0
3.395,0,1.395,0,-4.0263048383438929e-16,2.5163612511976008e-15,0,-0,-1.3565292771716164,0
3.3999999999999999,0,1.3999999999999999,0,-3.1797831531383396e-16,2.7517722962752944e-15,0,-0,-1.3565292771716164,0
3.4049999999999998,0,1.4049999999999998,0,-2.3600480035688488e-16,2.4657905013847922e-15,-0,-0,-1.4565292771716982,0
3.4100000000000001,0,1.4100000000000001,0,-1.5966500887475268e-16,2.1798087064942186e-15,-0,-0,-1.4565292771716982,0
3.415,0,1.415,0,-8.8958940867450644e-17,1.8938269116036702e-15,-0,-0,-1.4565292771716982,0
3.4199999999999999,0,1.4199999999999999,0,-2.3886596334971611e-17,1.6078451167131223e-15,-0,-0,-1.4565292771716982,0
3.4249999999999998,0,1.4249999999999998,0,3.5552024722684317e-17,1.3218633218225741e-15,-0,-0,-1.4565292771716982,0
3.4300000000000002,0,1.4300000000000002,0,8.93569223055217e-17,1.0358815269320001e-15,-0,-0,-1.4565292771716982,0
3.4350000000000001,0,1.4350000000000001,0,1.3752809641353095e-16,7.4989973204145208e-16,-0,-0,-1.4565292771716982,0
3.4399999999999999,0,1.4399999999999999,0,1.8006554704671719e-16,4.6391793715090334e-16,-0,-0,-1.4565292771716982,0
3.4449999999999998,0,1.4449999999999998,0,2.1696927420508031e-16,1.7793614226035529e-16,-0,-0,-1.4565292771716982,0
3.4500000000000002,0,1.4500000000000002,0,2.4823927788862286e-16,-1.0804565263021836e-16,-0,-0,-1.4565292771716982,0
3.4550000000000001,0,1.4550000000000001,0,2.7387555809733942e-16,-3.9402744752076684e-16,-0,-0,-1.4565292771716982,0
3.46,0,1.46,0,2.9387811483123272e-16,-6.800092424113147e-16,-0,-0,-1.4565292771716982,0
3.4649999999999999,0,1.4649999999999999,0,3.0824694809030302e-16,-9.6599103730186295e-16,-0,-0,-1.4565292771716982,0
3.4700000000000002,0,1.4700000000000002,0,3.1698205787455086e-16,-1.2519728321924369e-15,-0,-0,-1.4565292771716982,0
3.4750000000000001,0,1.4750000000000001,0,3.2008344418397451e-16,-1.5379546270829847e-15,-0,-0,-1.4565292771716982,0
3.48,0,1.48,0,3.1755110701857515e-16,-1.8239364219735324e-15,-0,0,-1.4565292771716982,0
3.4849999999999999,0,1.4849999999999999,0,3.0938504637835259e-16,-2.1099182168640808e-15,-0,0,-1.4565292771716982,0
3.4900000000000002,0,1.4900000000000002,0,2.9558526226330559e-16,-2.3959000117546544e-15,-0,0,-1.4565292771716982,0
3.4950000000000001,0,1.4950000000000001,0,2.7615175467343647e-16,-2.6818818066452023e-15,-0,0,-1.4565292771716982,0
3.5,0,1.5,0,2.5108452360874425e-16,-2.9678636015357519e-15,-0,0,-1.4565292771716982,0
3.5049999999999999,0,1.5049999999999999,0,2.2365042339902145e-16,-2.7207600271787897e-15,0,0,-1.5565292771716022,0
3.5099999999999998,0,1.5099999999999998,0,1.9769288549878037e-16,-2.4736564528218275e-15,0,0,-1.5565292771716022,0
3.5150000000000001,0,1.5150000000000001,0,1.7321190990801888e-16,-2.2265528784648433e-15,0,0,-1.5565292771716022,0
3.52,0,1.52,0,1.5020749662674119e-16,-1.9794493041078807e-15,0,0,-1.5565292771716022,0
3.5249999999999999,0,1.5249999999999999,0,1.2867964565494528e-16,-1.7323457297509182e-15,0,0,-1.5565292771716022,0
3.5299999999999998,0,1.5299999999999998,0,1.0862835699263102e-16,-1.4852421553939556e-15,0,0,-1.5565292771716022,0
3.5350000000000001,0,1.5350000000000001,0,9.0053630639796926e-17,-1.2381385810369714e-15,0,0,-1.5565292771716022,0
3.54,0,1.54,0,7.2955466596446197e-17,-9.9103500668000881e-16,0,0,-1.5565292771716022,0
3.5449999999999999,0,1.5449999999999999,0,5.7333864862577145e-17,-7.4393143232304674e-16,0,0,-1.5565292771716022,0
3.5499999999999998,0,1.5499999999999998,0,4.3188825438189794e-17,-4.9682785796608389e-16,0,0,-1.5565292771716022,0
3.5550000000000002,0,1.5550000000000002,0,3.0520348323283023e-17,-2.4972428360909949e-16,0,0,-1.5565292771716022,0
3.5600000000000001,0,1.5600000000000001,0,1.9328433517859211e-17,-2.6207092521372822e-18,0,0,-1.5565292771716022,0
3.5649999999999999,0,1.5649999999999999,0,9.6130810219170382e-18,2.4448286510482527e-16,0,0,-1.5565292771716022,0
3.5699999999999998,0,1.5699999999999998,0,1.3742908354565792e-18,4.9158643946178744e-16,0,0,-1.5565292771716022,0
3.5750000000000002,0,1.5750000000000002,0,-5.3879370415227639e-18,7.3869001381877198e-16,0,0,-1.5565292771716022,0
3.5800000000000001,0,1.5800000000000001,0,-1.0673602609019746e-17,9.8579358817573464e-16,0,-0,-1.5565292771716022,0
3.585,0,1.585,0,-1.4482705867035015e-17,1.2328971625326972e-15,0,-0,-1.5565292771716022,0
3.5899999999999999,0,1.5899999999999999,0,-1.681524681556861e-17,1.4800007368896596e-15,0,-0,-1.5565292771716022,0
3.5950000000000002,0,1.5950000000000002,0,-1.76712254546205e-17,1.7271043112466436e-15,0,-0,-1.5565292771716022,0
3.6000000000000001,0,1.6000000000000001,0,-1.7050641784190594e-17,1.9742078856036062e-15,0,-0,-1.5565292771716022,0
3.605,0,1.605,0,-1.0627426879990597e-17,2.0211377732625709e-15,0,-0,-1.6565292771716569,0
3.6099999999999999,0,1.6099999999999999,0,-6.5278594068703089e-18,2.0680676609215352e-15,0,-0,-1.6565292771716569,0
3.6150000000000002,0,1.6150000000000002,0,-4.7519393648297209e-18,2.1149975485805043e-15,0,-0,-1.6565292771716569,0
3.6200000000000001,0,1.6200000000000001,0,-5.2996667538690824e-18,2.1619274362394686e-15,0,-0,-1.6565292771716569,0
3.625,0,1.625,0,-8.1710415739881838e-18,2.2088573238984329e-15,0,-0,-1.6565292771716569,0
3.6299999999999999,0,1.6299999999999999,0,-1.3366063825187037e-17,2.2557872115573976e-15,0,-0,-1.6565292771716569,0
3.6349999999999998,0,1.6349999999999998,0,-2.0884733507465582e-17,2.3027170992163623e-15,0,-0,-1.6565292771716569,0
3.6400000000000001,0,1.6400000000000001,0,-3.0727050620824803e-17,2.349646986875331e-15,0,-0,-1.6565292771716569,0
3.645,0,1.645,0,-4.2893015165262999e-17,2.3965768745342957e-15,0,-0,-1.6565292771716569,0
3.6499999999999999,0,1.6499999999999999,0,-5.7382627140780924e-17,2.44350676219326e-15,0,-0,-1.6565292771716569,0
3.6549999999999998,0,1.6549999999999998,0,-7.4195886547378576e-17,2.4904366498522252e-15,0,-0,-1.6565292771716569,0
3.6600000000000001,0,1.6600000000000001,0,-9.3332793385057755e-17,2.5373665375111934e-15,0,-0,-1.6565292771716569,0
3.665,0,1.665,0,-1.1479334765381508e-16,2.5842964251701581e-15,0,-0,-1.6565292771716569,0
3.6699999999999999,0,1.6699999999999999,0,-1.3857754935365207e-16,2.6312263128291225e-15,0,-0,-1.6565292771716569,0
3.6749999999999998,0,1.6749999999999998,0,-1.6468539848456883e-16,2.6781562004880872e-15,0,-0,-1.6565292771716569,0
3.6800000000000002,0,1.6800000000000002,0,-1.931168950465679e-16,2.7250860881470558e-15,0,-0,-1.6565292771716569,0
3.6850000000000001,0,1.6850000000000001,0,-2.2387203903964434e-16,2.7720159758060206e-15,0,0,-1.6565292771716569,0
3.6899999999999999,0,1.6899999999999999,0,-2.5695083046380048e-16,2.8189458634649849e-15,0,0,-1.6565292771716569,0
3.6949999999999998,0,1.6949999999999998,0,-2.9235326931903634e-16,2.8658757511239492e-15,0,0,-1.6565292771716569,0
3.7000000000000002,0,1.7000000000000002,0,-3.3007935560535534e-16,2.9128056387829183e-15,0,0,-1.6565292771716569,0
3.7050000000000001,0,1.7050000000000001,0,-3.744505758144405e-16,2.8312335795455761e-15,-0,0,-1.7565292771717365,0
3.71,0,1.71,0,-4.1202622539044764e-16,2.7496615203082347e-15,-0,0,-1.7565292771717365,0
3.7149999999999999,0,1.7149999999999999,0,-4.4280630433337661e-16,2.6680894610708925e-15,-0,0,-1.7565292771717365,0
3.7200000000000002,0,1.7200000000000002,0,-4.6679081264322942e-16,2.5865174018335436e-15,-0,0,-1.7565292771717365,0
3.7250000000000001,0,1.7250000000000001,0,-4.839797503200015e-16,2.5049453425962018e-15,-0,0,-1.7565292771717365,0
3.73,0,1.73,0,-4.943731173636956e-16,2.4233732833588601e-15,-0,0,-1.7565292771717365,0
3.7349999999999999,0,1.7349999999999999,0,-4.9797091377431163e-16,2.3418012241215183e-15,-0,0,-1.7565292771717365,0
3.7400000000000002,0,1.7400000000000002,0,-4.9477313955184899e-16,2.260229164884169e-15,-0,0,-1.7565292771717365,0
3.7450000000000001,0,1.7450000000000001,0,-4.8477979469630827e-16,2.1786571056468276e-15,-0,0,-1.7565292771717365,0
3.75,0,1.75,0,-4.6799087920768938e-16,2.0970850464094854e-15,-0,0,-1.7565292771717365,0
3.7549999999999999,0,1.7549999999999999,0,-4.4440639308599252e-16,2.0155129871721436e-15,-0,0,-1.7565292771717365,0
3.7599999999999998,0,1.7599999999999998,0,-4.1402633633121739e-16,1.9339409279348018e-15,-0,0,-1.7565292771717365,0
3.7650000000000001,0,1.7650000000000001,0,-3.7685070894336063e-16,1.8523688686974526e-15,-0,0,-1.7565292771717365,0
3.77,0,1.77,0,-3.328795109224288e-16,1.7707968094601108e-15,-0,0,-1.7565292771717365,0
3.7749999999999999,0,1.7749999999999999,0,-2.821127422684189e-16,1.689224750222769e-15,-0,0,-1.7565292771717365,0
3.7799999999999998,0,1.7799999999999998,0,-2.2455040298133092e-16,1.6076526909854274e-15,-0,0,-1.7565292771717365,0
3.7850000000000001,0,1.7850000000000001,0,-1.6019249306115873e-16,1.5260806317480779e-15,-0,0,-1.7565292771717365,0
3.79,0,1.79,0,-8.903901250791397e-17,1.4445085725107361e-15,-0,0,-1.7565292771717365,0
3.7949999999999999,0,1.7949999999999999,0,-1.1089961321591099e-17,1.3629365132733944e-15,-0,0,-1.7565292771717365,0
3.7999999999999998,0,1.7999999999999998,0,7.3654660497809896e-17,1.2813644540360528e-15,-0,0,-1.7565292771717365,0
3.8050000000000002,0,1.8050000000000002,0,1.6201888050901881e-16,1.1862738258467264e-15,0,0,-1.8565292771716502,0
3.8100000000000001,0,1.8100000000000001,0,2.4264972126208151e-16,1.0911831976574075e-15,0,0,-1.8565292771716502,0
3.8149999999999999,0,1.8149999999999999,0,3.1554718275700594e-16,9.9609256946808856e-16,0,0,-1.8565292771716502,0
3.8199999999999998,0,1.8199999999999998,0,3.8071126499379196e-16,9.0100194127876985e-16,0,0,-1.8565292771716502,0
3.8250000000000002,0,1.8250000000000002,0,4.3814196797244445e-16,8.0591131308944237e-16,0,0,-1.8565292771716502,0
3.8300000000000001,0,1.8300000000000001,0,4.8783929169295317e-16,7.1082068490012346e-16,0,0,-1.8565292771716502,0
3.835,0,1.835,0,5.2980323615532354e-16,6.1573005671080466e-16,0,0,-1.8565292771716502,0
3.8399999999999999,0,1.8399999999999999,0,5.6403380135955555e-16,5.2063942852148575e-16,0,0,-1.8565292771716502,0
3.8450000000000002,0,1.8450000000000002,0,5.9053098730565127e-16,4.2554880033215846e-16,0,0,-1.8565292771716502,0
3.8500000000000001,0,1.8500000000000001,0,6.0929479399360598e-16,3.3045817214283951e-16,0,0,-1.8565292771716502,0
3.855,0,1.855,0,6.2032522142342243e-16,2.3536754395352056e-16,0,0,-1.8565292771716502,0
3.8599999999999999,0,1.8599999999999999,0,6.2362226959510033e-16,1.402769157642018e-16,0,0,-1.8565292771716502,0
3.8650000000000002,0,1.8650000000000002,0,6.1918593850863928e-16,4.5186287574874367e-17,0,0,-1.8565292771716502,0
3.8700000000000001,0,1.8700000000000001,0,6.0701622816403998e-16,-4.9904340614444439e-17,0,0,-1.8565292771716502,0
3.875,0,1.875,0,5.8711313856130232e-16,-1.4499496880376334e-16,0,0,-1.8565292771716502,0
3.8799999999999999,0,1.8799999999999999,0,5.594766697004264e-16,-2.4008559699308225e-16,0,0,-1.8565292771716502,0
3.8849999999999998,0,1.8849999999999998,0,5.2410682158141203e-16,-3.3517622518240105e-16,0,0,-1.8565292771716502,0
3.8900000000000001,0,1.8900000000000001,0,4.8100359420425517e-16,-4.3026685337172859e-16,0,0,-1.8565292771716502,0
3.895,0,1.895,0,4.301669875689635e-16,-5.2535748156104734e-16,0,0,-1.8565292771716502,0
3.8999999999999999,0,1.8999999999999999,0,3.7159700167553352e-16,-6.2044810975036625e-16,0,0,-1.8565292771716502,0
3.9049999999999998,0,1.9049999999999998,0,3.1027488621891303e-16,-5.8942570426285926e-16,0,0,-1.9565292771716531,0
3.9100000000000001,0,1.9100000000000001,0,2.53451956591008e-16,-5.5840329877533837e-16,0,0,-1.9565292771716531,0
3.915,0,1.915,0,2.0112821279182854e-16,-5.2738089328782004e-16,0,0,-1.9565292771716531,0
3.9199999999999999,0,1.9199999999999999,0,1.5330365482136943e-16,-4.9635848780030201e-16,0,0,-1.9565292771716531,0
3.9249999999999998,0,1.9249999999999998,0,1.0997828267963071e-16,-4.6533608231278378e-16,0,0,-1.9565292771716531,0
3.9300000000000002,0,1.9300000000000002,0,7.1152096366609024e-17,-4.3431367682526284e-16,0,0,-1.9565292771716531,0
3.9350000000000001,0,1.9350000000000001,0,3.6825095882311384e-17,-4.0329127133774471e-16,0,0,-1.9565292771716531,0
3.9399999999999999,0,1.9399999999999999,0,6.9972812267340136e-18,-3.7226886585022648e-16,0,0,-1.9565292771716531,0
3.9449999999999998,0,1.9449999999999998,0,-1.8331347600122964e-17,-3.4124646036270835e-16,0,0,-1.9565292771716531,0
3.9500000000000002,0,1.9500000000000002,0,-3.9160790598261249e-17,-3.1022405487518736e-16,0,0,-1.9565292771716531,0
3.9550000000000001,0,1.9550000000000001,0,-5.5491047767677169e-17,-2.7920164938766918e-16,0,0,-1.9565292771716531,0
3.96,0,1.96,0,-6.7322119108372696e-17,-2.4817924390015101e-16,0,0,-1.9565292771716531,0
3.9649999999999999,0,1.9649999999999999,0,-7.4654004620347879e-17,-2.1715683841263283e-16,0,0,-1.9565292771716531,0
3.9700000000000002,0,1.9700000000000002,0,-7.7486704303602768e-17,-1.8613443292511189e-16,0,0,-1.9565292771716531,0
3.9750000000000001,0,1.9750000000000001,0,-7.5820218158136918e-17,-1.5511202743759371e-16,0,0,-1.9565292771716531,0
3.98,0,1.98,0,-6.9654546183950701e-17,-1.2408962195007553e-16,0,0,-1.9565292771716531,0
3.9849999999999999,0,1.9849999999999999,0,-5.8989688381044065e-17,-9.306721646255741e-17,0,0,-1.9565292771716531,0
3.9900000000000002,0,1.9900000000000002,0,-4.3825644749415637e-17,-6.2044810975036432e-17,0,0,-1.9565292771716531,0
3.9950000000000001,0,1.9950000000000001,0,-2.4162415289067947e-17,-3.102240548751829e-17,0,0,-1.9565292771716531,0
4,0,2,0,2.8828195246993269e-32,-4.8133863211656927e-32,0,0,-1.9565292771716531,0
