distance,x,y,porosity,stokes_velocity_x,stokes_velocity_y,darcy_segregation_flux_x,darcy_segregation_flux_y,stokes_pressure_assembled,darcy_pressure_assembled
0,0,-2,0.03950208333333334,0,0,5.040198756412795e-16,0,1.9476716758787704,0.36023239012092195
0.0050000000000000001,0,-1.9950000000000001,0.03950208333333334,-9.7634802785798679e-17,-2.7800379759223022e-05,5.0069040924939084e-16,2.8366276292281221e-05,1.9476716758787704,0.36023239012092195
0.01,0,-1.99,0.03950208333333334,-3.3182843749290705e-16,-5.5600759518447284e-05,4.9737537843372708e-16,5.6448535245414484e-05,1.9476716758787704,0.36023239012092195
0.014999999999999999,0,-1.9850000000000001,0.03950208333333334,-7.0258090412130401e-16,-8.3401139277670299e-05,4.9407475257197546e-16,8.4247845933446767e-05,1.9476716758787704,0.36023239012092195
0.02,0,-1.98,0.03950208333333334,-1.2098922026710227e-15,-0.00011120151903689457,4.9078850104182307e-16,0.00011176527743043008,1.9476716758787704,0.36023239012092195
0.025000000000000001,0,-1.9750000000000001,0.03950208333333334,-1.8537623331420179e-15,-0.00013900189879611759,4.8751659322095714e-16,0.00013900189881041141,1.9476716758787704,0.36023239012092195
0.029999999999999999,0,-1.97,0.038514583333333345,-2.4569440343047644e-15,-0.0001619624448716417,1.9935008354136097e-16,0.00016244670143916235,1.9248804519375249,0.35526247674805672
0.035000000000000003,0,-1.9650000000000001,0.038514583333333345,-2.913139415240302e-15,-0.00018492299094716478,7.2334365260927799e-17,0.00018564844246202775,1.9248804519375249,0.35526247674805672
0.040000000000000001,0,-1.96,0.038514583333333345,-3.2223484759486722e-15,-0.00020788353702268889,-5.3397921960465863e-17,0.0002086080552083463,1.9248804519375249,0.35526247674805672
0.044999999999999998,0,-1.9550000000000001,0.038514583333333345,-3.3845712164298473e-15,-0.00023084408309821195,-1.7785167313953621e-16,0.00023132647300745239,1.9248804519375249,0.35526247674805672
0.050000000000000003,0,-1.95,0.038514583333333345,-3.3998076366838417e-15,-0.00025380462917373606,-3.0103178329302245e-16,0.00025380462918868471,1.9248804519375249,0.35526247674805672
0.055,0,-1.9450000000000001,0.037539583333333341,-3.2538467870213295e-15,-0.00027252908238537259,-1.5284050143025803e-15,0.00027294052013550731,1.9019123523579911,0.34989536028027579
0.059999999999999998,0,-1.9399999999999999,0.037539583333333341,-2.9502771158741376e-15,-0.00029125353559700999,-1.5428690746006501e-15,0.00029186988191844815,1.9019123523579911,0.34989536028027579
0.065000000000000002,0,-1.9350000000000001,0.037539583333333341,-2.4890986232422937e-15,-0.00030997798880864653,-1.5571236106718571e-15,0.00031059352483288327,1.9019123523579911,0.34989536028027579
0.070000000000000007,0,-1.9299999999999999,0.037539583333333341,-1.8703113091257563e-15,-0.00032870244202028393,-1.5711695117744938e-15,0.00032911225917419236,1.9019123523579911,0.34989536028027579
0.074999999999999997,0,-1.925,0.037539583333333341,-1.0939151735245805e-15,-0.00034742689523192046,-1.5850076671668486e-15,0.00034742689523775135,1.9019123523579911,0.34989536028027579
0.080000000000000002,0,-1.9199999999999999,0.03657708333333333,-2.4145574840681016e-16,-0.00036245531224541754,-6.5494139646103527e-16,0.00036280193757115342,1.8787835376340145,0.34417890509770233
0.085000000000000006,0,-1.915,0.03657708333333333,5.6571041592874981e-16,-0.00037748372925891396,-5.4885428906271151e-16,0.00037800296828890886,1.8787835376340145,0.34417890509770233
0.089999999999999997,0,-1.9099999999999999,0.03657708333333333,1.3275833194821712e-15,-0.00039251214627241098,-4.4384704501536922e-16,0.00039303068634583075,1.8787835376340145,0.34417890509770233
0.095000000000000001,0,-1.905,0.03657708333333333,2.0441629622533862e-15,-0.00040754056328590741,-3.3991546439690192e-16,0.00040788579069672991,1.8787835376340145,0.34417890509770233
0.10000000000000001,0,-1.8999999999999999,0.03657708333333333,2.7154493442424585e-15,-0.00042256898029940449,-2.3705534728518287e-16,0.00042256898029641952,1.8787835376340145,0.34417890509770233
0.105,0,-1.895,0.03562708333333333,3.2369148278333595e-15,-0.00043438362668300447,3.5089166749203713e-17,0.00043467269677133685,1.8555087293719665,0.33815712679752163
0.11,0,-1.8899999999999999,0.03562708333333333,3.530389252813677e-15,-0.000446198273066605,1.5138142112282635e-16,0.00044663127983694156,1.8555087293719665,0.33815712679752163
0.115,0,-1.885,0.03562708333333333,3.5958726191833847e-15,-0.00045801291945020493,2.6644323171632044e-16,0.00045844532785320078,1.8555087293719665,0.33815712679752163
0.12,0,-1.8799999999999999,0.03562708333333333,3.4333649269424889e-15,-0.00046982756583380551,3.8027948965160755e-16,0.00047011543918008353,1.8555087293719665,0.33815712679752163
0.125,0,-1.875,0.03562708333333333,3.0428661760910037e-15,-0.00048164221221740544,4.9289508605058886e-16,0.00048164221217755689,1.8555087293719665,0.33815712679752163
0.13,0,-1.8700000000000001,0.034689583333333308,2.4652882896426963e-15,-0.0004906729788486606,1.6062790466954338e-15,0.0004909110627132928,1.8321013235011743,0.33187045794496767
0.13500000000000001,0,-1.865,0.034689583333333308,1.8032414744612595e-15,-0.00049970374547991608,1.6259945245308932e-15,0.00050006036366852333,1.8321013235011743,0.33187045794496767
0.14000000000000001,0,-1.8599999999999999,0.034689583333333308,1.056725730546719e-15,-0.00050873451211117156,1.6454299583509117e-15,0.00050909062267217632,1.8321013235011743,0.33187045794496767
0.14499999999999999,0,-1.855,0.034689583333333308,2.2574105789911215e-16,-0.00051776527874242671,1.6645865683348234e-15,0.00051800234735317925,1.8321013235011743,0.33187045794496767
0.14999999999999999,0,-1.8500000000000001,0.034689583333333308,-6.8971254348159141e-16,-0.00052679604537368176,1.6834655746619622e-15,0.00052679604534046061,1.8321013235011743,0.33187045794496767
0.155,0,-1.845,0.033764583333333341,-1.6151582077964527e-15,-0.00053342542109278805,8.2521102222487871e-16,0.00053361845641248086,1.8085734960061528,0.32535599866103471
0.16,0,-1.8400000000000001,0.033764583333333341,-2.4234230403063302e-15,-0.00054005479681189412,7.2064922564910909e-16,0.00054034392386403073,1.8085734960061528,0.32535599866103471
0.16500000000000001,0,-1.835,0.033764583333333341,-3.1145070410112952e-15,-0.00054668417253100042,6.1718606289541623e-16,0.00054697287363686647,1.8085734960061528,0.32535599866103471
0.17000000000000001,0,-1.8300000000000001,0.033764583333333341,-3.6884102099112873e-15,-0.00055331354825010638,5.1481709921803461e-16,0.00055350573167274294,1.8085734960061528,0.32535599866103471
0.17499999999999999,0,-1.825,0.033764583333333341,-4.1451325470063556e-15,-0.00055994292396921279,4.1353789987117763e-16,0.00055994292391341595,1.8085734960061528,0.32535599866103471
0.17999999999999999,0,-1.8200000000000001,0.032852083333333351,-4.4992151802336762e-15,-0.00056451055560766865,2.4060052998588472e-16,0.00056466390141417439,1.7849363015476862,0.3186477527246912
0.185,0,-1.8149999999999999,0.032852083333333351,-4.7351336573344929e-15,-0.00056907818724612474,1.8341349727274911e-16,0.00056930785344579517,1.7849363015476862,0.3186477527246912
0.19,0,-1.8100000000000001,0.032852083333333351,-4.852887978308785e-15,-0.0005736458188845806,1.268448612908358e-16,0.00057387513254518062,1.7849363015476862,0.3186477527246912
0.19500000000000001,0,-1.8049999999999999,0.032852083333333351,-4.8524781431565621e-15,-0.00057821345052303668,7.0892078185317167e-17,0.00057836609124923449,1.7849363015476862,0.3186477527246912
0.20000000000000001,0,-1.8,0.032852083333333351,-4.7339041518778257e-15,-0.00058278108216149255,1.5552604101375556e-17,0.00058278108209485922,1.7849363015476862,0.3186477527246912
0.20499999999999999,0,-1.7949999999999999,0.031952083333333346,-4.4966396553828142e-15,-0.00058558795122559096,-4.3379446662508386e-16,0.00058570643698788562,1.7611997653690006,0.3117768498441868
0.20999999999999999,0,-1.79,0.031952083333333346,-4.1721897823116012e-15,-0.00058839482028968937,-5.0026129860267957e-16,0.00058857226225777104,1.7611997653690006,0.3117768498441868
0.215,0,-1.7849999999999999,0.031952083333333346,-3.7605545326641591e-15,-0.00059120168935378799,-5.6596632656434872e-16,0.0005913788446122915,1.7611997653690006,0.3117768498441868
0.22,0,-1.78,0.031952083333333346,-3.2617339064405242e-15,-0.0005940085584178864,-6.3091277513549063e-16,0.00059412647075922213,1.7611997653690006,0.3117768498441868
0.22500000000000001,0,-1.7749999999999999,0.031952083333333346,-2.6757279036406508e-15,-0.00059681542748198492,-6.9510386894151491e-16,0.00059681542740633873,1.7611997653690006,0.3117768498441868
0.23000000000000001,0,-1.77,0.03106458333333334,-1.9916102771165304e-15,-0.00059812767105184511,-1.2162521785189513e-15,0.00059821564209139463,1.737372968855271,0.3047717547319776
0.23499999999999999,0,-1.7650000000000001,0.03106458333333334,-1.253942389793535e-15,-0.0005994399146217052,-1.2696326995925433e-15,0.00059957164341958413,1.737372968855271,0.3047717547319776
0.23999999999999999,0,-1.76,0.03106458333333334,-4.6272424167162996e-16,-0.00060075215819156529,-1.3223509662726396e-15,0.00060088365919036297,1.737372968855271,0.3047717547319776
0.245,0,-1.7549999999999999,0.03106458333333334,3.8204416724915414e-16,-0.00060206440176142559,-1.3744098792628862e-15,0.00060215191720318665,1.737372968855271,0.3047717547319776
0.25,0,-1.75,0.03106458333333334,1.280362836968776e-15,-0.00060337664533128567,-1.4258123392669303e-15,0.0006033766452575107,1.737372968855271,0.3047717547319776
0.255,0,-1.7450000000000001,0.03018958333333335,2.1760310593766715e-15,-0.00060342904710628225,-1.6343878050279293e-15,0.00060349040672034429,1.713464129092958,0.29765846359633774
0.26000000000000001,0,-1.74,0.03018958333333335,2.9721625361800035e-15,-0.00060348144888127883,-1.5541348257705568e-15,0.00060357331313392714,1.713464129092958,0.29765846359633774
0.26500000000000001,0,-1.7349999999999999,0.03018958333333335,3.6687572673787302e-15,-0.0006035338506562753,-1.4747224583623297e-15,0.0006036255397038401,1.713464129092958,0.29765846359633774
0.27000000000000002,0,-1.73,0.03018958333333335,4.2658152529728267e-15,-0.00060358625243127199,-1.3961471901061374e-15,0.00060364726163566302,1.713464129092958,0.29765846359633774
0.27500000000000002,0,-1.7250000000000001,0.03018958333333335,4.7633364929623262e-15,-0.00060363865420626846,-1.3184055083048638e-15,0.00060363865413497675,1.713464129092958,0.29765846359633774
0.28000000000000003,0,-1.72,0.02932708333333334,5.1287489768071657e-15,-0.00060263783007413394,-2.2175643848817046e-16,0.00060267607849746158,1.6894806727627218,0.29046068864260893
0.28499999999999998,0,-1.7150000000000001,0.02932708333333334,5.3232226149912792e-15,-0.0006016370059419992,-6.6570028506239364e-17,0.00060169425024740001,1.6894806727627218,0.29046068864260893
0.28999999999999998,0,-1.71,0.02932708333333334,5.3467574075146848e-15,-0.00060063618180986468,8.6820509252064723e-17,0.00060069329775015961,1.6894806727627218,0.29046068864260893
0.29499999999999998,0,-1.7050000000000001,0.02932708333333334,5.1993533543773763e-15,-0.00059963535767773005,2.3842302350634407e-16,0.00059967334937110757,1.6894806727627218,0.29046068864260893
0.29999999999999999,0,-1.7,0.02932708333333334,4.8810104555793457e-15,-0.00059863453354559542,3.8824536297622502e-16,0.00059863453347561136,1.6894806727627218,0.29046068864260893
0.30499999999999999,0,-1.6950000000000001,0.028477083333333344,4.4193861564106648e-15,-0.00059676183453847773,1.2089052921819224e-15,0.00059678010498264279,1.6654293047033566,0.28320003115684472
0.31,0,-1.6899999999999999,0.028477083333333344,3.8538606692914023e-15,-0.00059488913553135993,1.2818110682435925e-15,0.00059491645447230616,1.6654293047033566,0.28320003115684472
0.315,0,-1.6850000000000001,0.028477083333333344,3.1844339942216089e-15,-0.00059301643652424213,1.3537922138790979e-15,0.00059304366870538265,1.6654293047033566,0.28320003115684472
0.32000000000000001,0,-1.6799999999999999,0.028477083333333344,2.4111061312012251e-15,-0.00059114373751712444,1.4248529320631946e-15,0.00059116183444265277,1.6654293047033566,0.28320003115684472
0.32500000000000001,0,-1.675,0.028477083333333344,1.5338770802303199e-15,-0.00058927103851000664,1.4949974257706273e-15,0.0005892710384448977,1.6654293047033566,0.28320003115684472
0.33000000000000002,0,-1.6699999999999999,0.02763958333333336,6.1734972993501552e-16,-0.00058668519262719738,1.5637358348232364e-15,0.00058668628455748933,1.6413160714418866,0.27589614372526972
0.33500000000000002,0,-1.665,0.02763958333333336,-2.0698102955605267e-16,-0.00058409934674438823,1.5364869941952857e-15,0.00058410093476011853,1.6413160714418866,0.27589614372526972
0.34000000000000002,0,-1.6599999999999999,0.02763958333333336,-9.3911519824295792e-16,-0.00058151350086157896,1.5094808707807824e-15,0.00058151503896662399,1.6413160714418866,0.27589614372526972
0.34499999999999997,0,-1.655,0.02763958333333336,-1.5790527761256355e-15,-0.00057892765497876981,1.4827164960885074e-15,0.00057892864709084427,1.6413160714418866,0.27589614372526972
0.34999999999999998,0,-1.6499999999999999,0.02763958333333336,-2.1267937632041417e-15,-0.00057634180909596055,1.456192901627239e-15,0.00057634180904661797,1.6413160714418866,0.27589614372526972
0.35499999999999998,0,-1.645,0.02681458333333334,-2.5617297483516952e-15,-0.00057318132211293103,9.0972841658494401e-16,0.0005731677319314527,1.6171464199931604,0.26856688212374424
0.35999999999999999,0,-1.6400000000000001,0.02681458333333334,-2.9000059915376693e-15,-0.00057002083512990151,8.0590205838978596e-16,0.0005700004324993255,1.6171464199931604,0.26856688212374424
0.36499999999999999,0,-1.635,0.02681458333333334,-3.1416224927620733e-15,-0.00056686034814687188,7.0328951736726155e-16,0.00056683992813428522,1.6171464199931604,0.26856688212374424
0.37,0,-1.6299999999999999,0.02681458333333334,-3.28657925202489e-15,-0.00056369986116384225,6.0188531103862813e-16,0.00056368623622038211,1.6171464199931604,0.26856688212374424
0.375,0,-1.625,0.02681458333333334,-3.3348762693261181e-15,-0.00056053937418081273,5.0168395692514333e-16,0.00056053937414166511,1.6171464199931604,0.26856688212374424
0.38,0,-1.6200000000000001,0.026002083333333335,-3.3216111635914925e-15,-0.00055692470825811479,-2.3543803200427458e-16,0.0005568986575573391,1.5929252522149449,0.26122844739256473
0.38500000000000001,0,-1.615,0.026002083333333335,-3.2625335235303205e-15,-0.00055331004233541664,-3.4267915793885381e-16,0.00055327097753971803,1.5929252522149449,0.26122844739256473
0.39000000000000001,0,-1.6099999999999999,0.026002083333333335,-3.1576433491426028e-15,-0.0005496953764127186,-4.4858081958553952e-16,0.00054965632285478342,1.5929252522149449,0.26122844739256473
0.39500000000000002,0,-1.605,0.026002083333333335,-3.0069406404283473e-15,-0.00054608071049002066,-5.5314926787384864e-16,0.00054605468226851656,1.5929252522149449,0.26122844739256473
0.40000000000000002,0,-1.6000000000000001,0.026002083333333335,-2.8104253973875497e-15,-0.00054246604456732273,-6.5639075373330708e-16,0.00054246604454689798,1.5929252522149449,0.26122844739256473
0.40500000000000003,0,-1.595,0.025202083333333358,-2.5407276049863344e-15,-0.000538501592312356,-1.0299166706464991e-15,0.00053846505389783673,1.5686569749821875,0.25389551859358522
0.40999999999999998,0,-1.5900000000000001,0.025202083333333358,-2.2545610707140247e-15,-0.00053453714005738937,-1.0259270708850929e-15,0.00053448236875978917,1.5686569749821875,0.25389551859358522
0.41499999999999998,0,-1.585,0.025202083333333358,-1.9519257945705955e-15,-0.00053057268780242264,-1.0219268504415168e-15,0.00053051795281970464,1.5686569749821875,0.25389551859358522
0.41999999999999998,0,-1.5800000000000001,0.025202083333333358,-1.6328217765560737e-15,-0.00052660823554745602,-1.0179161551231223e-15,0.00052657176976453259,1.5686569749821875,0.25389551859358522
0.42499999999999999,0,-1.575,0.025202083333333358,-1.29724901667043e-15,-0.00052264378329248929,-1.0138951307372622e-15,0.00052264378328122215,1.5686569749821875,0.25389551859358522
0.42999999999999999,0,-1.5700000000000001,0.024414583333333344,-9.921353234199363e-16,-0.00051841965369990117,-3.5557930709542946e-16,0.00051837437546216163,1.5443455464554989,0.24658137672888494
0.435,0,-1.5649999999999999,0.024414583333333344,-7.2547301938282055e-16,-0.00051419552410731284,-3.1520948706747032e-16,0.00051412766495207546,1.5443455464554989,0.24658137672888494
0.44,0,-1.5600000000000001,0.024414583333333344,-4.9726210455910676e-16,-0.00050997139451472472,-2.7533311265786952e-16,0.00050990359355579265,1.5443455464554989,0.24658137672888494
0.44500000000000001,0,-1.5549999999999999,0.024414583333333344,-3.0750257894877446e-16,-0.00050574726492213639,-2.3594784994935756e-16,0.00050570210307814163,1.5443455464554989,0.24658137672888494
0.45000000000000001,0,-1.55,0.024414583333333344,-1.5619444255184058e-16,-0.00050152313532954827,-1.9705136502467206e-16,0.00050152313532395162,1.5443455464554989,0.24658137672888494
0.45500000000000002,0,-1.5449999999999999,0.023639583333333342,-3.0578190388108757e-17,-0.00049711676701054419,-3.6742092510937837e-16,0.00049706429386604941,1.51999451866462,0.2392980202823399
0.46000000000000002,0,-1.54,0.023639583333333342,8.5772557423001007e-17,-0.00049271039869154033,-3.7753099752333146e-16,0.00049263176617183669,1.51999451866462,0.2392980202823399
0.46500000000000002,0,-1.5349999999999999,0.023639583333333342,1.92857800881499e-16,-0.00048830403037253614,-3.8748689489471352e-16,0.00048822547504729014,1.51999451866462,0.2392980202823399
0.46999999999999997,0,-1.53,0.023639583333333342,2.9067753998737588e-16,-0.00048389766205353212,-3.972894068393922e-16,0.00048384534329838673,1.51999451866462,0.2392980202823399
0.47499999999999998,0,-1.5249999999999999,0.023639583333333342,3.7923177474064011e-16,-0.00047949129373452799,-4.0693932297323444e-16,0.00047949129373110261,1.51999451866462,0.2392980202823399
0.47999999999999998,0,-1.52,0.022877083333333333,4.4456077035712249e-16,-0.00047496890972519175,-4.5985443915715967e-16,0.00047491060370149205,1.4956070766750149,0.23205627282837488
0.48499999999999999,0,-1.5150000000000001,0.022877083333333333,5.6005391096836274e-16,-0.00047044652571585547,-4.0513194455594244e-16,0.00047035916028011953,1.4956070766750149,0.23205627282837488
0.48999999999999999,0,-1.51,0.022877083333333333,7.2571119657436905e-16,-0.00046592414170651896,-3.5110081163035124e-16,0.00046583686987025332,1.4956070766750149,0.23205627282837488
0.495,0,-1.5049999999999999,0.022877083333333333,9.4153262717513767e-16,-0.00046140175769718251,-2.9775766148862185e-16,0.00046134363887516167,1.4956070766750149,0.23205627282837488
0.5,0,-1.5,0.022877083333333333,1.2075182027706555e-15,-0.00045687937368784622,-2.4509911523899004e-16,0.00045687937369811335,1.4956070766750149,0.23205627282837488
0.505,0,-1.4950000000000001,0.022127083333333332,1.4946419151212608e-15,-0.00045229729122027304,3.7082669876225629e-16,0.00045223434983866404,1.4711860745281993,0.22486588313546113
0.51000000000000001,0,-1.49,0.022127083333333332,1.8239511375364191e-15,-0.00044771520875269959,4.1160065702799676e-16,0.00044762090434092292,1.4711860745281993,0.22486588313546113
0.51500000000000001,0,-1.4849999999999999,0.022127083333333332,2.1954458700161205e-15,-0.0004431331262851262,4.5180334480543116e-16,0.00044303892953912778,1.4711860745281993,0.22486588313546113
0.52000000000000002,0,-1.48,0.022127083333333332,2.6091261125603437e-15,-0.00043855104381755302,4.9143768427755662e-16,0.0004384883177675163,1.4711860745281993,0.22486588313546113
0.52500000000000002,0,-1.4750000000000001,0.022127083333333332,3.0649918651691051e-15,-0.00043396896134997978,5.3050659762737396e-16,0.00043396896136032567,1.4711860745281993,0.22486588313546113
0.53000000000000003,0,-1.47,0.021389583333333333,3.4982617491492011e-15,-0.00042937476896510513,3.6623311090420999e-16,0.00042930824200889078,1.4467340682011303,0.21773561817530415
0.53500000000000003,0,-1.4649999999999999,0.021389583333333333,3.817146679511613e-15,-0.00042478057658023043,3.3568173212872858e-16,0.00042468090578229176,1.4467340682011303,0.21773561817530415
0.54000000000000004,0,-1.46,0.021389583333333333,4.0216466562563343e-15,-0.00042018638419535599,3.0552130311205755e-16,0.00042008683303985055,1.4467340682011303,0.21773561817530415
0.54500000000000004,0,-1.4550000000000001,0.021389583333333333,4.111761679383383e-15,-0.00041559219181048156,2.757498624404958e-16,0.00041552590414088811,1.4467340682011303,0.21773561817530415
0.55000000000000004,0,-1.45,0.021389583333333333,4.0874917488927534e-15,-0.00041099799942560691,2.4636544870034202e-16,0.00041099799944472546,1.4467340682011303,0.21773561817530415
0.55500000000000005,0,-1.4449999999999998,0.020664583333333344,3.9954618869639727e-15,-0.00040643161299617396,9.4277194096430473e-17,0.00040636241785447212,1.4222533457578848,0.21067334943254187
0.56000000000000005,0,-1.4399999999999999,0.020664583333333344,3.820910700509238e-15,-0.00040186522656674117,8.9088137273457969e-17,0.00040176156358338617,1.4222533457578848,0.21067334943254187
0.56499999999999995,0,-1.4350000000000001,0.020664583333333344,3.5638381895285454e-15,-0.00039729884013730844,8.3964252883581062e-17,0.00039719530689166739,1.4222533457578848,0.21067334943254187
0.56999999999999995,0,-1.4300000000000002,0.020664583333333344,3.224244354021897e-15,-0.00039273245370787571,7.8905212675332837e-17,0.00039266351803951527,1.4222533457578848,0.21067334943254187
0.57499999999999996,0,-1.425,0.020664583333333344,2.802129193989271e-15,-0.0003881660672784427,7.3910688397246722e-17,0.00038816606728712922,1.4222533457578848,0.21067334943254187
0.57999999999999996,0,-1.4199999999999999,0.019952083333333339,2.3334304072097194e-15,-0.00038366067562705151,-2.5325480314239146e-17,0.00038358961121576787,1.3977459549151401,0.20368613289442897
0.58499999999999996,0,-1.415,0.019952083333333339,1.7482129579326738e-15,-0.00037915528397566042,-5.1752328640473106e-17,0.00037904882551610967,1.3977459549151401,0.20368613289442897
0.58999999999999997,0,-1.4100000000000001,0.019952083333333339,1.0464768461581135e-15,-0.00037464989232426939,-7.7804428591077616e-17,0.00037454357202638808,1.3977459549151401,0.20368613289442897
0.59499999999999997,0,-1.405,0.019952083333333339,2.2822207188599949e-16,-0.00037014450067287814,-1.0348377331488467e-16,0.00037007371258483695,1.3977459549151401,0.20368613289442897
0.59999999999999998,0,-1.3999999999999999,0.019952083333333339,-7.0655136488363914e-16,-0.00036563910902148689,-1.2879235596072386e-16,0.00036563910902969029,1.3977459549151401,0.20368613289442897
0.60499999999999998,0,-1.395,0.01925208333333334,-1.630198167618031e-15,-0.00036122201906430744,-3.4120470114336518e-16,0.00036114977854438272,1.3732137281749899,0.19678028308397663
0.60999999999999999,0,-1.3900000000000001,0.01925208333333334,-2.4651002712402796e-15,-0.0003568049291071281,-3.1659432124127544e-16,0.00035669671340894053,1.3732137281749899,0.19678028308397663
0.61499999999999999,0,-1.385,0.01925208333333334,-3.2112576757504154e-15,-0.00035238783914994843,-2.9231111062936211e-16,0.00035227976853635347,1.3732137281749899,0.19678028308397663
0.62,0,-1.3799999999999999,0.01925208333333334,-3.8686703811484014e-15,-0.00034797074919276893,-2.68353348212593e-16,0.00034789879883961151,1.3732137281749899,0.19678028308397663
0.625,0,-1.375,0.01925208333333334,-4.4373383874342109e-15,-0.00034355365923558948,-2.4471931289593633e-16,0.00034355365923170435,1.3732137281749899,0.19678028308397663
0.63,0,-1.3700000000000001,0.018564583333333336,-4.8924169986246641e-15,-0.00033924704982865388,2.7994862761438256e-16,0.00033917423208829577,1.34865830572631,0.18996144148596183
0.63500000000000001,0,-1.365,0.018564583333333336,-5.1730585104539657e-15,-0.00033494044042171796,3.1671039281870577e-16,0.00033483136449255046,1.34865830572631,0.18996144148596183
0.64000000000000001,0,-1.3599999999999999,0.018564583333333336,-5.2792629229220938e-15,-0.00033063383101478215,3.5291213749102085e-16,0.00033052490576532235,1.34865830572631,0.18996144148596183
0.64500000000000002,0,-1.355,0.018564583333333336,-5.2110302360290522e-15,-0.0003263272216078465,3.8855698536493105e-16,0.00032625470522746486,1.34865830572631,0.18996144148596183
0.65000000000000002,0,-1.3500000000000001,0.018564583333333336,-4.9683604497748521e-15,-0.0003220206122009108,4.2364806017404298e-16,0.00032202061219983142,1.34865830572631,0.18996144148596183
0.65500000000000003,0,-1.345,0.017889583333333334,-4.6525592625853679e-15,-0.00031784220519126246,3.8307771889582574e-16,0.00031776932530457936,1.3240811562489965,0.18323463969957529
0.66000000000000003,0,-1.3399999999999999,0.017889583333333334,-4.295938348496142e-15,-0.00031366379818161417,3.6806097429557475e-16,0.00031355463343717897,1.3240811562489965,0.18323463969957529
0.66500000000000004,0,-1.335,0.017889583333333334,-3.898497707507195e-15,-0.00030948539117196599,3.5323617832255034e-16,0.00030937638151135597,1.3240811562489965,0.18323463969957529
0.67000000000000004,0,-1.3300000000000001,0.017889583333333334,-3.4602373396185113e-15,-0.00030530698416231781,3.3860231400105232e-16,0.00030523441444083537,1.3240811562489965,0.18323463969957529
0.67500000000000004,0,-1.325,0.017889583333333334,-2.9811572448300689e-15,-0.00030112857715266947,3.2415836435538056e-16,0.00030112857713934246,1.3240811562489965,0.18323463969957529
0.68000000000000005,0,-1.3199999999999998,0.017227083333333344,-2.5349631701062161e-15,-0.00029709223342795285,3.4529090878247042e-16,0.00029701973205730387,1.299483595806223,0.17660435763807064
0.68500000000000005,0,-1.3149999999999999,0.017227083333333344,-2.0958851399750171e-15,-0.0002930558897032364,3.4275620571021662e-16,0.00029294729609648397,1.299483595806223,0.17660435763807064
0.68999999999999995,0,-1.3100000000000001,0.017227083333333344,-1.6639231544364538e-15,-0.00028901954597851994,3.4023025465111193e-16,0.00028891111081467968,1.299483595806223,0.17660435763807064
0.69499999999999995,0,-1.3050000000000002,0.017227083333333344,-1.2390772134905252e-15,-0.00028498320225380349,3.3771306221357068e-16,0.00028491101776968795,1.299483595806223,0.17660435763807064
0.69999999999999996,0,-1.3,0.017227083333333344,-8.2134731713721284e-16,-0.00028094685852908687,3.3520463500600763e-16,0.00028094685851930579,1.299483595806223,0.17660435763807064
0.70499999999999996,0,-1.2949999999999999,0.016577083333333326,-4.2062559837044046e-16,-0.00027706310634910593,2.0721341556357914e-16,0.00027699135830073097,1.2748668049417273,0.17007457708127718
0.70999999999999996,0,-1.29,0.016577083333333326,-5.0909674000921081e-18,-0.00027317935416912515,1.2151515634748618e-16,0.00027307189296877157,1.2748668049417273,0.17007457708127718
0.71499999999999997,0,-1.2850000000000001,0.016577083333333326,4.2525657577385007e-16,-0.00026929560198914431,3.7124443474232471e-17,0.00026918830165582961,1.2748668049417273,0.17007457708127718
0.71999999999999997,0,-1.28,0.016577083333333326,8.7041703115140648e-16,-0.00026541184980916337,-4.5966303842612958e-17,0.00026534042349430671,1.2748668049417273,0.17007457708127718
0.72499999999999998,0,-1.2749999999999999,0.016577083333333326,1.3303903987325581e-15,-0.00026152809762918237,-1.2776466638947354e-16,0.00026152809761660514,1.2748668049417273,0.17007457708127718
0.72999999999999998,0,-1.27,0.01593958333333333,1.8267007541101753e-15,-0.00025780459979879661,-9.0888922298105251e-16,0.00025773392166043174,1.2502318441478548,0.16364883087358129
0.73499999999999999,0,-1.2650000000000001,0.01593958333333333,2.3329238451057994e-15,-0.00025408110196841084,-9.0387402965459478e-16,0.00025397524723799579,1.2502318441478548,0.16364883087358129
0.73999999999999999,0,-1.26,0.01593958333333333,2.8490596717194535e-15,-0.00025035760413802491,-8.9885344479286719e-16,0.00025025191187823698,1.2502318441478548,0.16364883087358129
0.745,0,-1.2549999999999999,0.01593958333333333,3.3751082339511148e-15,-0.00024663410630763899,-8.9382766780472651e-16,0.00024656375311009538,1.2502318441478548,0.16364883087358129
0.75,0,-1.25,0.01593958333333333,3.9110695318007604e-15,-0.00024291060847725319,-8.8879689809902975e-16,0.00024291060846251094,1.2502318441478548,0.16364883087358129
0.755,0,-1.2450000000000001,0.015314583333333343,4.3979574298878885e-15,-0.00023935257453618549,-1.2616419075149944e-16,0.00023928323160180018,1.2255796678052535,0.15733024804679607
0.76000000000000001,0,-1.24,0.015314583333333343,4.7432872539238402e-15,-0.00023579454059511761,-9.0875503328189411e-17,0.00023569068955200592,1.2255796678052535,0.15733024804679607
0.76500000000000001,0,-1.2349999999999999,0.015314583333333343,4.9470590039085902e-15,-0.00023223650665404975,-5.6142631582998507e-17,0.000232132818962999,1.2255796678052535,0.15733024804679607
0.77000000000000002,0,-1.23,0.015314583333333343,5.00927267984214e-15,-0.00022867847271298205,-2.1962231601193941e-17,0.00022860945648464997,1.2255796678052535,0.15733024804679607
0.77500000000000002,0,-1.2250000000000001,0.015314583333333343,4.9299282817245008e-15,-0.00022512043877191432,1.1669040531960087e-17,0.00022512043876682933,1.2255796678052535,0.15733024804679607
0.78000000000000003,0,-1.22,0.014702083333333336,4.7444376808674708e-15,-0.00022173098774923782,-3.6758052071721632e-16,0.0002216632002079165,1.2009111367365244,0.15112159513408507
0.78500000000000003,0,-1.2149999999999999,0.014702083333333336,4.3937220380591643e-15,-0.0002183415367265613,-3.9038166965020822e-16,0.00021824001900974755,1.2009111367365244,0.15112159513408507
0.79000000000000004,0,-1.21,0.014702083333333336,3.8777813532996098e-15,-0.0002149520857038849,-4.1277121898701373e-16,0.00021485073158009592,1.2009111367365244,0.15112159513408507
0.79500000000000004,0,-1.2050000000000001,0.014702083333333336,3.1966156265887945e-15,-0.00021156263468120857,-4.3475179108499178e-16,0.00021149517432673463,1.2009111367365244,0.15112159513408507
0.80000000000000004,0,-1.2,0.014702083333333336,2.350224857926678e-15,-0.00020817318365853204,-4.5632600830150062e-16,0.00020817318365743659,1.2009111367365244,0.15112159513408507
0.80500000000000005,0,-1.1949999999999998,0.014102083333333333,1.4653120765006564e-15,-0.00020495366252146612,-3.5925983566261617e-16,0.00020488761098271647,1.1762270294839208,0.14502531392924944
0.81000000000000005,0,-1.1899999999999999,0.014102083333333333,6.9021345854574399e-16,-0.00020173414138440027,-3.0799016310172907e-16,0.00020163522735287264,1.1762270294839208,0.14502531392924944
0.81499999999999995,0,-1.1850000000000001,0.014102083333333333,2.4929004061899159e-17,-0.00019851462024733448,-2.5754261897301143e-16,0.00019841586949237471,1.1762270294839208,0.14502531392924944
0.81999999999999995,0,-1.1800000000000002,0.014102083333333333,-5.3054128695087817e-16,-0.00019529509911026866,-2.0791209033208515e-16,0.00019522937412569223,1.1762270294839208,0.14502531392924944
0.82499999999999996,0,-1.175,0.014102083333333333,-9.7619741449260569e-16,-0.00019207557797320271,-1.5909346423457022e-16,0.00019207557797729465,1.1762270294839208,0.14502531392924944
0.82999999999999996,0,-1.1699999999999999,0.013514583333333328,-1.3738800993029684e-15,-0.00018902584046687096,2.9279723030039192e-16,0.00018896167092993492,1.1515280524141347,0.13904355593281553
0.83499999999999996,0,-1.165,0.013514583333333328,-1.7608255722894628e-15,-0.00018597610296053931,3.7106177216341872e-16,0.00018588001112336466,1.1515280524141347,0.13904355593281553
0.83999999999999997,0,-1.1600000000000001,0.013514583333333328,-2.1370338334521062e-15,-0.0001829263654542077,4.4795351634254884e-16,0.00018283043608779062,1.1515280524141347,0.13904355593281553
0.84499999999999997,0,-1.155,0.013514583333333328,-2.5025048827909152e-15,-0.00017987662794787592,5.2348138859456701e-16,0.00017981278335341963,1.1515280524141347,0.13904355593281553
0.84999999999999998,0,-1.1499999999999999,0.013514583333333328,-2.857238720305871e-15,-0.00017682689044154417,5.9765431467625106e-16,0.00017682689045045869,1.1515280524141347,0.13904355593281553
0.85499999999999998,0,-1.145,0.012939583333333334,-3.1904269334083645e-15,-0.00017394554056368453,1.0727455895995688e-15,0.00017388336882493175,1.1268148487453227,0.13317821371493124
0.85999999999999999,0,-1.1400000000000001,0.012939583333333334,-3.4525961074420937e-15,-0.00017106419068582489,1.0559194141351068e-15,0.00017097109431145818,1.1268148487453227,0.13317821371493124
0.86499999999999999,0,-1.135,0.012939583333333334,-3.643746242407067e-15,-0.00016818284080796512,1.0392650507292157e-15,0.00016808990567293469,1.1268148487453227,0.13317821371493124
0.87,0,-1.1299999999999999,0.012939583333333334,-3.7638773383032687e-15,-0.00016530149093010535,1.0227816363077288e-15,0.00016523964167225824,1.1268148487453227,0.13317821371493124
0.875,0,-1.125,0.012939583333333334,-3.8129893951307006e-15,-0.00016242014105224571,1.006468307796479e-15,0.00016242014107232581,1.1268148487453227,0.13317821371493124
0.88,0,-1.1200000000000001,0.012377083333333335,-3.7590506577250309e-15,-0.00015970474507115895,3.9609652261567378e-16,0.00015964466064905238,1.1020880066066014,0.12743094941362204
0.88500000000000001,0,-1.115,0.012377083333333335,-3.5497313571170384e-15,-0.00015698934909007207,3.1472476154930393e-16,0.00015689938207978074,1.1020880066066014,0.12743094941362204
0.89000000000000001,0,-1.1099999999999999,0.012377083333333335,-3.1850314933067228e-15,-0.00015427395310898517,2.3476194649217166e-16,0.00015418414573192135,1.1020880066066014,0.12743094941362204
0.89500000000000002,0,-1.105,0.012377083333333335,-2.66495106629411e-15,-0.00015155855712789841,1.561986853697426e-16,0.00015149879197288492,1.1020880066066014,0.12743094941362204
0.90000000000000002,0,-1.1000000000000001,0.012377083333333335,-1.9894900760791873e-15,-0.00014884316114681164,7.9025586107475408e-17,0.00014884316117008166,1.1020880066066014,0.12743094941362204
0.90500000000000003,0,-1.095,0.011827083333333337,-1.2471461890975298e-15,-0.00014629043166391299,-2.9414858225765011e-16,0.00014623250126748704,1.0773480662064838,0.12180322057555874
0.91000000000000003,0,-1.0899999999999999,0.011827083333333337,-5.8727994944963843e-16,-0.00014373770218101433,-3.5263231611377122e-16,0.00014365096428152713,1.0773480662064838,0.12180322057555874
0.91500000000000004,0,-1.085,0.011827083333333337,-9.8913571355377333e-18,-0.00014118497269811577,-4.1000861695183247e-16,0.00014109839250712582,1.0773480662064838,0.12180322057555874
0.92000000000000004,0,-1.0800000000000001,0.011827083333333337,4.8501958784480412e-16,-0.0001386322432152172,-4.6628520683511401e-16,0.00013857462823920646,1.0773480662064838,0.12180322057555874
0.92500000000000004,0,-1.075,0.011827083333333337,8.9745288549140324e-16,-0.00013607951373231854,-5.2146980782689608e-16,0.00013607951377269271,1.0773480662064838,0.12180322057555874
0.93000000000000005,0,-1.0699999999999998,0.011289583333333335,1.2161951938927899e-15,-0.00013368546902787056,-8.0126595142977838e-16,0.00013362973965141804,1.0525955261780904,0.11629630353566209
0.93500000000000005,0,-1.0649999999999999,0.011289583333333335,1.3893324222927441e-15,-0.00013129142432342269,-7.7713420272432147e-16,0.00013120798573664963,1.0525955261780904,0.11629630353566209
0.93999999999999995,0,-1.0600000000000001,0.011289583333333335,1.4168645706912834e-15,-0.00012889737961897484,-7.5334959086354678e-16,0.00012881409653069808,1.0525955261780904,0.11629630353566209
0.94499999999999995,0,-1.0550000000000002,0.011289583333333335,1.2987916390884074e-15,-0.00012650333491452697,-7.2990991247797972e-16,0.0001264479165358741,1.0525955261780904,0.11629630353566209
0.94999999999999996,0,-1.05,0.011289583333333335,1.0351136274841012e-15,-0.00012410929021007899,-7.068129641981433e-16,0.00012410929025448813,1.0525955261780904,0.11629630353566209
0.95499999999999996,0,-1.0449999999999999,0.010764583333333333,7.487315663326781e-16,-0.0001218693917114313,-1.4776301254077588e-16,0.00012181589331673884,1.027830849215525,0.11091131452166103
0.95999999999999996,0,-1.04,0.010764583333333333,5.4152254929569079e-16,-0.00011962949321278369,-8.5143648667556416e-17,0.00011954939864786758,1.027830849215525,0.11091131452166103
0.96499999999999997,0,-1.0350000000000001,0.010764583333333333,4.1348657637312483e-16,-0.00011738959471413606,-2.370531207820217e-17,0.0001173096531994595,1.027830849215525,0.11091131452166103
0.96999999999999997,0,-1.03,0.010764583333333333,3.6462364756497949e-16,-0.00011514969621548836,3.6560485866323609e-17,0.00011509650392309994,1.027830849215525,0.11091131452166103
0.97499999999999998,0,-1.0249999999999999,0.010764583333333333,3.9493376287126255e-16,-0.00011290979771684064,9.5662233805052312e-17,0.00011290979777037436,1.027830849215525,0.11091131452166103
0.97999999999999998,0,-1.02,0.010252083333333337,4.9273025328779513e-16,-0.00011081906825045279,2.403808729222986e-16,0.00011076781618470116,1.0030544670295649,0.10564922865908984
0.98499999999999999,0,-1.0150000000000001,0.010252083333333337,7.0253429723533107e-16,-0.00010872833878406492,2.2407753009059795e-16,0.0001086516110511432,1.0030544670295649,0.10564922865908984
0.98999999999999999,0,-1.01,0.010252083333333337,1.024345894713887e-15,-0.00010663760931767698,2.0805998743368446e-16,0.00010656103197908443,1.0030544670295649,0.10564922865908984
0.995,0,-1.0049999999999999,0.010252083333333337,1.4581650457234561e-15,-0.00010454687985128903,1.9232621348603847e-16,0.00010449592857790902,1.0030544670295649,0.10564922865908984
1,0,-1,0.010252083333333337,2.0039917502640118e-15,-0.00010245615038490117,1.7687417678214021e-16,0.00010245615045700102,1.0030544670295649,0.10564922865908984
1.0049999999999999,0,-0.99500000000000011,0.0097520833333333366,2.5227515545618133e-15,-0.00010050927553853026,-1.2279216428885247e-16,0.00010046027260608774,0.97826678470570794,0.10051089704312828
1.01,0,-0.98999999999999999,0.0097520833333333366,2.9594439953505295e-15,-9.8562400692159258e-05,-1.135826224794239e-16,9.8489043810357047e-05,0.97826678470570794,0.10051089704312828
1.0149999999999999,0,-0.9850000000000001,0.0097520833333333366,3.3140690726301202e-15,-9.6615525845788336e-05,-1.0454005794765618e-16,9.6542316516300282e-05,0.97826678470570794,0.10051089704312828
1.02,0,-0.97999999999999998,0.0097520833333333366,3.5866267864006188e-15,-9.4668650999417346e-05,-9.5663249611448673e-17,9.4619943170408551e-05,0.97826678470570794,0.10051089704312828
1.0249999999999999,0,-0.97500000000000009,0.0097520833333333366,3.7771171366619988e-15,-9.2721776153046411e-05,-8.6950976388702513e-17,9.2721776219173283e-05,0.97826678470570794,0.10051089704312828
1.03,0,-0.96999999999999997,0.0092645833333333365,3.8423730519305118e-15,-9.0913190833059101e-05,2.5937266036714437e-16,9.0866429106277943e-05,0.95346818453585391,0.095497062033319965
1.0349999999999999,0,-0.96500000000000008,0.0092645833333333365,3.8080793148880293e-15,-8.9104605513071859e-05,2.7181902788521688e-16,8.9034607453307763e-05,0.95346818453585391,0.095497062033319965
1.04,0,-0.95999999999999996,0.0092645833333333365,3.6742359255345521e-15,-8.7296020193084535e-05,2.839667585849097e-16,8.7226166697666367e-05,0.95346818453585391,0.095497062033319965
1.0449999999999999,0,-0.95500000000000007,0.0092645833333333365,3.4408428838700908e-15,-8.5487434873097293e-05,2.9581828690809016e-16,8.5440962276757702e-05,0.95346818453585391,0.095497062033319965
1.05,0,-0.94999999999999996,0.0092645833333333365,3.1079001898946258e-15,-8.367884955310997e-05,3.0737604729662766e-16,8.3678849627985311e-05,0.95346818453585391,0.095497062033319965
1.0549999999999999,0,-0.94500000000000006,0.0087895833333333333,2.7121115177442115e-15,-8.2002811691370359e-05,1.4770148807076997e-16,8.195827414643406e-05,0.92865902935247768,0.09060837091830394
1.0600000000000001,0,-0.93999999999999995,0.0087895833333333333,2.2705443858505242e-15,-8.0326773829630666e-05,1.4026917447673782e-16,8.0260108914411284e-05,0.92865902935247768,0.09060837091830394
1.0649999999999999,0,-0.93500000000000005,0.0087895833333333333,1.7831987942136032e-15,-7.8650735967891055e-05,1.3296976569257189e-16,7.8584212491846701e-05,0.92865902935247768,0.09060837091830394
1.0700000000000001,0,-0.92999999999999994,0.0087895833333333333,1.2500747428334043e-15,-7.6974698106151363e-05,1.2580226463762159e-16,7.693044343866976e-05,0.92865902935247768,0.09060837091830394
1.075,0,-0.92500000000000004,0.0087895833333333333,6.7117223170997593e-16,-7.5298660244411752e-05,1.1876567423123764e-16,7.5298660314810219e-05,0.92865902935247768,0.09060837091830394
1.0800000000000001,0,-0.91999999999999993,0.0083270833333333374,1.1133615374696052e-16,-7.3749313263499913e-05,1.6700523397551866e-16,7.3706975112854098e-05,0.90383966544485494,0.085845388089334312
1.085,0,-0.91500000000000004,0.0083270833333333374,-4.512111903678329e-16,-7.2199966282588142e-05,1.3950924291081634e-16,7.2136597224619885e-05,0.90383966544485494,0.085845388089334312
1.0900000000000001,0,-0.90999999999999992,0.0083270833333333374,-1.0164698006344538e-15,-7.0650619301676289e-05,1.125830184556811e-16,7.0587388444931745e-05,0.90383966544485494,0.085845388089334312
1.095,0,-0.90500000000000003,0.0083270833333333374,-1.5844396770528526e-15,-6.9101272320764518e-05,8.6221958684182688e-17,6.9059210568614131e-05,0.90383966544485494,0.085845388089334312
1.1000000000000001,0,-0.89999999999999991,0.0083270833333333374,-2.1551208196230792e-15,-6.7551925339852679e-05,6.0421461670386145e-17,6.7551925390491196e-05,0.90383966544485494,0.085845388089334312
1.105,0,-0.89500000000000002,0.0078770833333333384,-2.6019145810984266e-15,-6.6123350920463305e-05,-2.8076872443433078e-16,6.608318083299815e-05,0.8790104250807611,0.081208605851837506
1.1100000000000001,0,-0.8899999999999999,0.0078770833333333384,-2.8984703124436389e-15,-6.469477650107385e-05,-2.8874857153443767e-16,6.4634656218193003e-05,0.8790104250807611,0.081208605851837506
1.115,0,-0.88500000000000001,0.0078770833333333384,-3.0447880136586898e-15,-6.3266202081684476e-05,-2.9649702372372026e-16,6.3206216671531727e-05,0.8790104250807611,0.081208605851837506
1.1200000000000001,0,-0.87999999999999989,0.0078770833333333384,-3.0408676847435927e-15,-6.1837627662295034e-05,-3.0401618455571266e-16,6.179772731847009e-05,0.8790104250807611,0.081208605851837506
1.125,0,-0.875,0.0078770833333333384,-2.8867093256983471e-15,-6.0409053242905653e-05,-3.1130815758394743e-16,6.0409053284464098e-05,0.8790104250807611,0.081208605851837506
1.1299999999999999,0,-0.87000000000000011,0.0074395833333333354,-2.599181007879715e-15,-5.9095315737259203e-05,-7.1091946964264845e-17,5.9057276882909321e-05,0.85417162868634433,0.07669845399708973
1.135,0,-0.86499999999999999,0.0074395833333333354,-2.2699776613289272e-15,-5.7781578231612691e-05,-4.7973119218662713e-17,5.7724651391246001e-05,0.85417162868634433,0.07669845399708973
1.1399999999999999,0,-0.8600000000000001,0.0074395833333333354,-1.8990992860460136e-15,-5.6467840725966234e-05,-2.5373197315657699e-17,5.6411045346976925e-05,0.85417162868634433,0.07669845399708973
1.145,0,-0.85499999999999998,0.0074395833333333354,-1.4865458820309412e-15,-5.5154103220319723e-05,-3.2877098675518202e-18,5.5116327287604637e-05,0.85417162868634433,0.07669845399708973
1.1499999999999999,0,-0.85000000000000009,0.0074395833333333354,-1.0323174492837461e-15,-5.3840365714673259e-05,1.8287814513348894e-17,5.3840365750631882e-05,0.85417162868634433,0.07669845399708973
1.155,0,-0.84499999999999997,0.0070145833333333336,-6.0645212602904542e-16,-5.2635549339063388e-05,6.4728855872096026e-17,5.2599600243490372e-05,0.82932358672689055,0.072315308247305199
1.1599999999999999,0,-0.84000000000000008,0.0070145833333333336,-2.3007495423366182e-16,-5.143073296345355e-05,6.7141381099855552e-17,5.1376937281839595e-05,0.82932358672689055,0.072315308247305199
1.165,0,-0.83499999999999996,0.0070145833333333336,9.681406610243861e-17,-5.0225916587843664e-05,6.9483038343934519e-17,5.0172248884356409e-05,0.82932358672689055,0.072315308247305199
1.1699999999999999,0,-0.83000000000000007,0.0070145833333333336,3.7421493497922724e-16,-4.9021100212233833e-05,7.1754502834106047e-17,4.8985407069717872e-05,0.82932358672689055,0.072315308247305199
1.175,0,-0.82499999999999996,0.0070145833333333336,6.0212765239672836e-16,-4.7816283836623947e-05,7.3956449800143639e-17,4.7816283856600847e-05,0.82932358672689055,0.072315308247305199
1.1799999999999999,0,-0.82000000000000006,0.0066020833333333339,7.2165742384472765e-16,-4.6714523711860961e-05,6.0084160258204402e-17,4.6680619011355717e-05,0.80446660131793624,0.068059497680477754
1.1850000000000001,0,-0.81499999999999995,0.0066020833333333339,7.6171300340348413e-16,-4.5612763587097933e-05,4.482232257554415e-17,4.5562030966684168e-05,0.80446660131793624,0.068059497680477754
1.1899999999999999,0,-0.81000000000000005,0.0066020833333333339,7.2229439107299435e-16,-4.4511003462334953e-05,2.9920456175144852e-17,4.4460395281064151e-05,0.80446660131793624,0.068059497680477754
1.1950000000000001,0,-0.80499999999999994,0.0066020833333333339,6.0340158685325477e-16,-4.3409243337571919e-05,1.5375279487213666e-17,4.3375587512973463e-05,0.80446660131793624,0.068059497680477754
1.2,0,-0.80000000000000004,0.0066020833333333339,4.0503459074427588e-16,-4.2307483212808938e-05,1.1835109419604122e-18,4.2307483220890073e-05,0.80446660131793624,0.068059497680477754
1.2050000000000001,0,-0.79499999999999993,0.0062020833333333312,1.0733550892586614e-16,-4.1302991163575563e-05,-1.7619483773782675e-16,4.1271082266423883e-05,0.7796009675976121,0.063931311233016264
1.21,0,-0.79000000000000004,0.0062020833333333312,-1.9664904695388523e-16,-4.0298499114342249e-05,-1.7869680991184626e-16,4.0250756615802782e-05,0.7796009675976121,0.063931311233016264
1.2150000000000001,0,-0.78499999999999992,0.0062020833333333312,-5.0691907689500258e-16,-3.9294007065108881e-05,-1.8109382528205702e-16,3.9246385416991464e-05,0.7796009675976121,0.063931311233016264
1.22,0,-0.78000000000000003,0.0062020833333333312,-8.2347458089745847e-16,-3.8289515015875553e-05,-1.83387016188625e-16,3.8257847817954869e-05,0.7796009675976121,0.063931311233016264
1.2250000000000001,0,-0.77499999999999991,0.0062020833333333312,-1.1463155589612807e-15,-3.7285022966642192e-05,-1.8557751497171631e-16,3.7285022966657675e-05,0.7796009675976121,0.063931311233016264
1.23,0,-0.77000000000000002,0.0058145833333333339,-1.4401759097208332e-15,-3.6372108860272674e-05,-6.8176778950962433e-17,3.6342144480154984e-05,0.7547269748982236,0.059931003372668601
1.2350000000000001,0,-0.7649999999999999,0.0058145833333333339,-1.6203474434051726e-15,-3.5459194753903109e-05,-4.8838731688094905e-17,3.5414365404498133e-05,0.7547269748982236,0.059931003372668601
1.24,0,-0.76000000000000001,0.0058145833333333339,-1.6868301600142833e-15,-3.4546280647533591e-05,-2.998735404520596e-17,3.4501568519243131e-05,0.7547269748982236,0.059931003372668601
1.2450000000000001,0,-0.75499999999999989,0.0058145833333333339,-1.6396240595481713e-15,-3.3633366541164033e-05,-1.1617915659801077e-17,3.3603636603945831e-05,0.7547269748982236,0.059931003372668601
1.25,0,-0.75,0.0058145833333333339,-1.4787291420068401e-15,-3.2720452434794509e-05,6.2743138306109569e-18,3.2720452438162224e-05,0.7547269748982236,0.059931003372668601
1.2549999999999999,0,-0.74500000000000011,0.0054395833333333362,-1.1745978785328104e-15,-3.1893541776188719e-05,1.2344454203735128e-16,3.1865468393478355e-05,0.72984490773127675,0.056058799026542018
1.26,0,-0.73999999999999999,0.0054395833333333362,-7.6847284886442203e-16,-3.1066631117582894e-05,1.3433463236481462e-16,3.1024634595500998e-05,0.72984490773127675,0.056058799026542018
1.2649999999999999,0,-0.7350000000000001,0.0054395833333333362,-2.6035405300171138e-16,-3.0239720458977111e-05,1.4489802889459789e-16,3.0197837491078249e-05,0.72984490773127675,0.056058799026542018
1.27,0,-0.72999999999999998,0.0054395833333333362,3.4975850905536703e-16,-2.9412809800371283e-05,1.5513816702765112e-16,2.9384963527058089e-05,0.72984490773127675,0.056058799026542018
1.2749999999999999,0,-0.72500000000000009,0.0054395833333333362,1.0618648373067588e-15,-2.8585899141765493e-05,1.6505848216492259e-16,2.8585899150288616e-05,0.72984490773127675,0.056058799026542018
1.28,0,-0.71999999999999997,0.0050770833333333362,1.8547925625524216e-15,-2.7839547497561358e-05,1.9975278553937167e-16,2.781330973362285e-05,0.70495504662219122,0.052314897842310019
1.2849999999999999,0,-0.71500000000000008,0.0050770833333333362,2.6137670425929657e-15,-2.7093195853357257e-05,1.920794918453178e-16,2.7053949060272746e-05,0.70495504662219122,0.052314897842310019
1.29,0,-0.70999999999999996,0.0050770833333333362,3.3387882774284549e-15,-2.6346844209153123e-05,1.8456228735979592e-16,2.6307707274692163e-05,0.70495504662219122,0.052314897842310019
1.2949999999999999,0,-0.70500000000000007,0.0050770833333333362,4.0298562670588254e-15,-2.5600492564949019e-05,1.7719973184144807e-16,2.5574474521335094e-05,0.70495504662219122,0.052314897842310019
1.3,0,-0.69999999999999996,0.0050770833333333362,4.6869710114841396e-15,-2.4854140920744888e-05,1.6999038504891515e-16,2.4854140944655388e-05,0.70495504662219122,0.052314897842310019
1.3049999999999999,0,-0.69500000000000006,0.0047270833333333331,5.2618614963058531e-15,-2.4183045725224417e-05,2.8517233885291967e-17,2.4158586672512364e-05,0.68005766880265439,0.048699477855588778
1.3100000000000001,0,-0.68999999999999995,0.0047270833333333331,5.6052075636959008e-15,-2.3511950529703923e-05,-4.3266216136029299e-18,2.3475368071596451e-05,0.68005766880265439,0.048699477855588778
1.3149999999999999,0,-0.68500000000000005,0.0047270833333333331,5.7170092136542533e-15,-2.2840855334183453e-05,-3.6230786231553911e-17,2.2804379009766192e-05,0.68005766880265439,0.048699477855588778
1.3200000000000001,0,-0.67999999999999994,0.0047270833333333331,5.5972664461809194e-15,-2.2169760138662956e-05,-6.7205478938808878e-17,2.2145513354880041e-05,0.68005766880265439,0.048699477855588778
1.325,0,-0.67500000000000004,0.0047270833333333331,5.2459792612759125e-15,-2.1498664943142482e-05,-9.7260918705610066e-17,2.1498664974796547e-05,0.68005766880265439,0.048699477855588778
1.3300000000000001,0,-0.66999999999999993,0.0043895833333333313,4.7448860834894777e-15,-2.0897675099019432e-05,-3.1957586305680678e-16,2.0874936571050413e-05,0.65515304879421665,0.045212698630297164
1.335,0,-0.66500000000000004,0.0043895833333333313,4.1640019849037947e-15,-2.0296685254896409e-05,-3.0655124091663531e-16,2.026267983425075e-05,0.65515304879421665,0.045212698630297164
1.3400000000000001,0,-0.65999999999999992,0.0043895833333333313,3.5033269655188123e-15,-1.9695695410773359e-05,-2.9381007980303767e-16,1.9661792377689433e-05,0.65515304879421665,0.045212698630297164
1.345,0,-0.65500000000000003,0.0043895833333333313,2.7628610253345878e-15,-1.9094705566650336e-05,-2.8134957369051008e-16,1.9072171814658475e-05,0.65515304879421665,0.045212698630297164
1.3500000000000001,0,-0.64999999999999991,0.0043895833333333313,1.9426041643510567e-15,-1.8493715722527286e-05,-2.6916691655354644e-16,1.849371575844975e-05,0.65515304879421665,0.045212698630297164
1.355,0,-0.64500000000000002,0.0040645833333333332,1.0552856994439655e-15,-1.7957839408414143e-05,7.521707912506027e-17,1.7936762178417756e-05,0.63024145888903293,0.041854703932585495
1.3600000000000001,0,-0.6399999999999999,0.0040645833333333332,2.2448482313258911e-16,-1.7421963094300977e-05,1.0873292706321932e-16,1.7390445854595364e-05,0.63024145888903293,0.041854703932585495
1.365,0,-0.63500000000000001,0.0040645833333333332,-5.4979846458299823e-16,-1.6886086780187837e-05,1.4117837668194575e-16,1.6854668164599836e-05,0.63024145888903293,0.041854703932585495
1.3700000000000001,0,-0.62999999999999989,0.0040645833333333332,-1.2675641637028662e-15,-1.635021046607467e-05,1.7256612725524806e-16,1.6329330486048341e-05,0.63024145888903293,0.041854703932585495
1.375,0,-0.625,0.0040645833333333332,-1.9288122742269501e-15,-1.5814334151961527e-05,2.029088780571292e-16,1.5814334196558134e-05,0.63024145888903293,0.041854703932585495
1.3799999999999999,0,-0.62000000000000011,0.0037520833333333334,-2.5909317757049255e-15,-1.5338745142584935e-05,2.5861977665358079e-16,1.5319269124522103e-05,0.60532316954331555,0.038625623994275507
1.385,0,-0.61499999999999999,0.0037520833333333334,-3.2115372813835699e-15,-1.486315613320832e-05,2.3191003048370417e-16,1.4834036926317239e-05,0.60532316954331555,0.038625623994275507
1.3899999999999999,0,-0.6100000000000001,0.0037520833333333334,-3.7906287912628291e-15,-1.4387567123831725e-05,2.0596444700831095e-16,1.4358542760173684e-05,0.60532316954331555,0.038625623994275507
1.395,0,-0.60499999999999998,0.0037520833333333334,-4.3282063053427562e-15,-1.3911978114455112e-05,1.8077408104431163e-16,1.3892691784321491e-05,0.60532316954331555,0.038625623994275507
1.3999999999999999,0,-0.60000000000000009,0.0037520833333333334,-4.8242698236233011e-15,-1.3436389105078517e-05,1.5632998740862141e-16,1.343638915699079e-05,0.60532316954331555,0.038625623994275507
1.405,0,-0.59499999999999997,0.0034520833333333326,-5.2815777868356775e-15,-1.3016431879593667e-05,-1.4630485454828621e-16,1.2998496265642738e-05,0.58039844970165821,0.035525577417448495
1.4099999999999999,0,-0.59000000000000008,0.0034520833333333326,-5.6274829746628258e-15,-1.2596474654108836e-05,-1.5795191916172675e-16,1.2569662254468947e-05,0.58039844970165821,0.035525577417448495
1.415,0,-0.58499999999999996,0.0034520833333333326,-5.8619853871047744e-15,-1.2176517428623988e-05,-1.6914385325297357e-16,1.2149796076443872e-05,0.58039844970165821,0.035525577417448495
1.4199999999999999,0,-0.58000000000000007,0.0034520833333333326,-5.9850850241615029e-15,-1.1756560203139157e-05,-1.7988673078275438e-16,1.1738806684542051e-05,0.58039844970165821,0.035525577417448495
1.425,0,-0.57499999999999996,0.0034520833333333326,-5.9967818858330198e-15,-1.1336602977654308e-05,-1.9018662571179886e-16,1.1336603031737951e-05,0.58039844970165821,0.035525577417448495
1.4299999999999999,0,-0.57000000000000006,0.0031645833333333339,-5.9282964660938207e-15,-1.0967796847167815e-05,-7.3468922791687998e-17,1.0951340232858736e-05,0.55546756706426292,0.032554672765697172
1.4350000000000001,0,-0.56499999999999995,0.0031645833333333339,-5.8529671842645898e-15,-1.0598990716681304e-05,-6.0716510002452806e-17,1.0574393009044014e-05,0.55546756706426292,0.032554672765697172
1.4399999999999999,0,-0.56000000000000005,0.0031645833333333339,-5.7707940403453334e-15,-1.0230184586194811e-05,-4.8379594368551052e-17,1.0205674120360615e-05,0.55546756706426292,0.032554672765697172
1.4450000000000001,0,-0.55499999999999994,0.0031645833333333339,-5.6817770343360445e-15,-9.861378455708303e-06,-3.6452786679778376e-17,9.8450963268753107e-06,0.55546756706426292,0.032554672765697172
1.45,0,-0.55000000000000004,0.0031645833333333339,-5.5859161662367301e-15,-9.4925723252218081e-06,-2.493069772593258e-17,9.4925723886549299e-06,0.55546756706426292,0.032554672765697172
1.4550000000000001,0,-0.54499999999999993,0.0028895833333333338,-5.3557355751023757e-15,-9.1706147807641234e-06,-1.2617223733120694e-17,9.1555752711356776e-06,0.53053078829451084,0.029713009883595692
1.46,0,-0.54000000000000004,0.0028895833333333338,-5.0040578541441442e-15,-8.8486572363064539e-06,-1.5462059676448362e-17,8.8261813629408548e-06,0.53053078829451084,0.029713009883595692
1.4650000000000001,0,-0.53499999999999992,0.0028895833333333338,-4.5308830033620071e-15,-8.5266996918487709e-06,-1.8195647506458136e-17,8.5043072421013744e-06,0.53053078829451084,0.029713009883595692
1.47,0,-0.53000000000000003,0.0028895833333333338,-3.936211022756007e-15,-8.2047421473910998e-06,-2.0819569158679178e-17,8.1898694866482104e-06,0.53053078829451084,0.029713009883595692
1.4750000000000001,0,-0.52499999999999991,0.0028895833333333338,-3.2200419123260923e-15,-7.8827846029334167e-06,-2.3335406568641158e-17,7.8827846746122755e-06,0.53053078829451084,0.029713009883595692
1.48,0,-0.52000000000000002,0.0026270833333333346,-2.3517424416737414e-15,-7.6035540198134986e-06,-4.2837422081216153e-17,7.5898692913763906e-06,0.50558837919961686,0.027000680982504022
1.4850000000000001,0,-0.5149999999999999,0.0026270833333333346,-1.39576761963482e-15,-7.3243234366935669e-06,-3.19389204869088e-17,7.3038759024377472e-06,0.50558837919961686,0.027000680982504022
1.49,0,-0.51000000000000001,0.0026270833333333346,-3.5211744620941385e-16,-7.0450928535736479e-06,-2.1437844480160369e-17,7.0247249134386639e-06,0.50558837919961686,0.027000680982504022
1.4950000000000001,0,-0.50499999999999989,0.0026270833333333346,7.7920807860257082e-16,-6.765862270453717e-06,-1.1328493995604887e-17,6.7523367300214017e-06,0.50558837919961686,0.027000680982504022
1.5,0,-0.5,0.0026270833333333346,1.9982089548010327e-15,-6.486631687333798e-06,-1.6051689678782097e-18,6.4866317578282735e-06,0.50558837919961686,0.027000680982504022
1.5049999999999999,0,-0.49500000000000011,0.002377083333333333,3.2453324664506337e-15,-6.2461895287177585e-06,1.1157712570943401e-16,6.2337968998992943e-06,0.48064060486496973,0.024417771526763096
1.51,0,-0.48999999999999999,0.002377083333333333,4.4061881430433507e-15,-6.0057473701017063e-06,1.0765600273621869e-16,5.9872341514117571e-06,0.48064060486496973,0.024417771526763096
1.5149999999999999,0,-0.4850000000000001,0.002377083333333333,5.4807759845790818e-15,-5.7653052114856676e-06,1.0382580585300209e-16,5.7468677542475629e-06,0.48064060486496973,0.024417771526763096
1.52,0,-0.47999999999999998,0.002377083333333333,6.4690959910579209e-15,-5.5248630528696162e-06,1.0008548648176331e-16,5.5126219502885686e-06,0.48064060486496973,0.024417771526763096
1.5249999999999999,0,-0.47500000000000009,0.002377083333333333,7.3711481624797805e-15,-5.2844208942535758e-06,9.6433996044482177e-17,5.2844209814166737e-06,0.48064060486496973,0.024417771526763096
1.53,0,-0.46999999999999997,0.002139583333333334,8.0827002531819463e-15,-5.0790135410598749e-06,-3.3030755673287831e-17,5.0678500383989919e-06,0.45568772975962824,0.021964360948805259
1.5349999999999999,0,-0.46500000000000008,0.002139583333333334,8.5748704609774527e-15,-4.8736061878661834e-06,-3.8858507471945581e-17,4.8569328041278181e-06,0.45568772975962824,0.021964360948805259
1.54,0,-0.45999999999999996,0.002139583333333334,8.8476587858663469e-15,-4.6681988346724834e-06,-4.4414522542642125e-17,4.6515973644973801e-06,0.45568772975962824,0.021964360948805259
1.5449999999999999,0,-0.45500000000000007,0.002139583333333334,8.9010652278486021e-15,-4.4627914814787928e-06,-4.9703328665905527e-17,4.4517718054019362e-06,0.45568772975962824,0.021964360948805259
1.55,0,-0.44999999999999996,0.002139583333333334,8.7350897869242248e-15,-4.2573841282850928e-06,-5.4729453622264811e-17,4.2573842127357083e-06,0.45568772975962824,0.021964360948805259
1.5549999999999999,0,-0.44500000000000006,0.0019145833333333341,8.2729812655768225e-15,-4.0834443539950486e-06,-3.6056459045665853e-18,4.0734467146511105e-06,0.43073001783730303,0.019640523221433094
1.5600000000000001,0,-0.43999999999999995,0.0019145833333333341,7.5875602801922041e-15,-3.9095045797049967e-06,3.7854695812663826e-18,3.8945761421895939e-06,0.43073001783730303,0.019640523221433094
1.5649999999999999,0,-0.43500000000000005,0.0019145833333333341,6.678826830770431e-15,-3.7355648054149525e-06,1.0845265222275333e-17,3.7207044323063606e-06,0.43073001783730303,0.019640523221433094
1.5700000000000001,0,-0.42999999999999994,0.0019145833333333341,5.546780917311422e-15,-3.5616250311249007e-06,1.7579405180343143e-17,3.5517635219565782e-06,0.43073001783730303,0.019640523221433094
1.575,0,-0.42500000000000004,0.0019145833333333341,4.1914225398152781e-15,-3.3876852568348557e-06,2.3993553617351446e-17,3.3876853480954479e-06,0.43073001783730303,0.019640523221433094
1.5800000000000001,0,-0.41999999999999993,0.0017020833333333328,2.7557144314637002e-15,-3.2418335042415209e-06,5.4271687234803049e-17,3.232938253291562e-06,0.40576773259389814,0.017446327309489331
1.585,0,-0.41500000000000004,0.0017020833333333328,1.4818214888490451e-15,-3.0959817516481937e-06,5.0824581434964648e-17,3.0827030354012419e-06,0.40576773259389814,0.017446327309489331
1.5900000000000001,0,-0.40999999999999992,0.0017020833333333328,3.6974371197120168e-16,-2.9501299990548598e-06,4.7496453298422909e-17,2.9369154888674084e-06,0.40576773259389814,0.017446327309489331
1.595,0,-0.40500000000000003,0.0017020833333333328,-5.8051889916973141e-16,-2.8042782464615322e-06,4.4285419288232757e-17,2.7955114081330101e-06,0.40576773259389814,0.017446327309489331
1.6000000000000001,0,-0.39999999999999991,0.0017020833333333328,-1.3689663445738375e-15,-2.6584264938681983e-06,4.1189595867448562e-17,2.658426587640967e-06,0.40576773259389814,0.017446327309489331
1.605,0,-0.39500000000000002,0.0015020833333333336,-2.1015926561748851e-15,-2.537471928949729e-06,-1.2499079552069387e-17,2.529615373119823e-06,0.3808011371375139,0.015381837521786915
1.6100000000000001,0,-0.3899999999999999,0.0015020833333333336,-2.8401022306210419e-15,-2.4165173640312542e-06,-1.8639399899826618e-17,2.4047928245666791e-06,0.3808011371375139,0.015381837521786915
1.615,0,-0.38500000000000001,0.0015020833333333336,-3.584495067912244e-15,-2.2955627991127849e-06,-2.4454834777218454e-17,2.2838985997969656e-06,0.3808011371375139,0.015381837521786915
1.6200000000000001,0,-0.37999999999999989,0.0015020833333333336,-4.3347711680485552e-15,-2.1746082341943097e-06,-2.9951749815413868e-17,2.1668723566260874e-06,0.3808011371375139,0.015381837521786915
1.625,0,-0.375,0.0015020833333333336,-5.0909305310299107e-15,-2.0536536692758404e-06,-3.513651064558081e-17,2.053653752869472e-06,0.3808011371375139,0.015381837521786915
1.6299999999999999,0,-0.37000000000000011,0.0013145833333333328,-5.7739944973437718e-15,-1.9545950889585981e-06,-4.6445135693032723e-17,1.9477133491417506e-06,0.35583049422319263,0.013447113780847592
1.635,0,-0.36499999999999999,0.0013145833333333328,-6.4062101053676616e-15,-1.8555365086413513e-06,-3.9670765154026143e-17,1.8452703304400348e-06,0.35583049422319263,0.013447113780847592
1.6399999999999999,0,-0.3600000000000001,0.0013145833333333328,-6.9875773551015251e-15,-1.7564779283241091e-06,-3.321416424524259e-17,1.7462682233556691e-06,0.35583049422319263,0.013447113780847592
1.645,0,-0.35499999999999998,0.0013145833333333328,-7.5180962465454151e-15,-1.6574193480068621e-06,-2.7069109384566244e-17,1.6506505544799802e-06,0.35583049422319263,0.013447113780847592
1.6499999999999999,0,-0.35000000000000009,0.0013145833333333328,-7.9977667796992834e-15,-1.5583607676896198e-06,-2.1229376989882424e-17,1.5583608504043103e-06,0.35583049422319263,0.013447113780847592
1.655,0,-0.34499999999999997,0.0011395833333333332,-8.2699402119871394e-15,-1.4783874074729293e-06,3.9894150398396794e-17,1.4724164535645084e-06,0.3308560662947026,0.01164221182511805
1.6599999999999999,0,-0.34000000000000008,0.0011395833333333332,-8.3108304263530267e-15,-1.398414047256243e-06,3.6251599631113393e-17,1.389510173732697e-06,0.3308560662947026,0.01164221182511805
1.665,0,-0.33499999999999996,0.0011395833333333332,-8.1204374227969501e-15,-1.3184406870395531e-06,3.2771468500601946e-17,1.3095894112441616e-06,0.3308560662947026,0.01164221182511805
1.6699999999999999,0,-0.33000000000000007,0.0011395833333333332,-7.6987612013189284e-15,-1.2384673268228668e-06,2.9450520097763953e-17,1.2326015664342033e-06,0.3308560662947026,0.01164221182511805
1.675,0,-0.32499999999999996,0.0011395833333333332,-7.0458017619189254e-15,-1.1584939666061769e-06,2.6285517513500311e-17,1.1584940396381079e-06,0.3308560662947026,0.01164221182511805
1.6799999999999999,0,-0.32000000000000006,0.00097708333333333284,-6.1963700012639991e-15,-1.0949861853027718e-06,-4.5428661148429616e-17,1.0898618238562318e-06,0.30587811552163624,0.0099671833559663824
1.6850000000000001,0,-0.31499999999999995,0.00097708333333333284,-5.2794679389003012e-15,-1.0314784039993639e-06,-4.3654074690848589e-17,1.0238405449870341e-06,0.30587811552163624,0.0099671833559663824
1.6899999999999999,0,-0.31000000000000005,0.00097708333333333284,-4.2950955748279178e-15,-9.6797062269595894e-07,-4.1924725864293873e-17,9.6038148167538828e-07,0.30587811552163624,0.0099671833559663824
1.6950000000000001,0,-0.30499999999999994,0.00097708333333333284,-3.2432529090467593e-15,-9.0446284139255104e-07,-4.0240061332743506e-17,8.9943591256615646e-07,0.30587811552163624,0.0099671833559663824
1.7,0,-0.30000000000000004,0.00097708333333333284,-2.1239399415569195e-15,-8.4095506008914578e-07,-3.8599527760175848e-17,8.4095511630421178e-07,0.30587811552163624,0.0099671833559663824
1.7050000000000001,0,-0.29499999999999993,0.00082708333333333267,-9.903931183629903e-16,-7.9148496192732451e-07,2.4270581079689915e-17,7.8714286765208748e-07,0.28089690381797938,0.0084220761398977901
1.71,0,-0.29000000000000004,0.00082708333333333267,8.1614009080142654e-17,-7.4201486376550589e-07,2.5226688820751145e-17,7.3554653170186273e-07,0.28089690381797938,0.0084220761398977901
1.7150000000000001,0,-0.28499999999999992,0.00082708333333333267,1.0920814407725726e-15,-6.9254476560368505e-07,2.6075596868959995e-17,6.8612126959674006e-07,0.28089690381797938,0.0084220761398977901
1.72,0,-0.28000000000000003,0.00082708333333333267,2.0410091767142119e-15,-6.4307466744186653e-07,2.6820465510288503e-17,6.3882224247993059e-07,0.28089690381797938,0.0084220761398977901
1.7250000000000001,0,-0.27499999999999991,0.00082708333333333267,2.9283972169051418e-15,-5.9360456928004569e-07,2.7464455030708888e-17,5.9360461149463666e-07,0.28089690381797938,0.0084220761398977901
1.73,0,-0.27000000000000002,0.00068958333333333306,3.6633429451589132e-15,-5.5593656083601496e-07,-7.3648800558265513e-18,5.5231229215757513e-07,0.25591269287024665,0.0070069340707068174
1.7350000000000001,0,-0.2649999999999999,0.00068958333333333306,4.2497623434216079e-15,-5.1826855239198253e-07,-8.2699420367684128e-18,5.1287307894909487e-07,0.25591269287024665,0.0070069340707068174
1.74,0,-0.26000000000000001,0.00068958333333333306,4.6876554116931726e-15,-4.8060054394795191e-07,-9.0921895787510102e-18,4.7524601933826952e-07,0.25591269287024665,0.0070069340707068174
1.7450000000000001,0,-0.25499999999999989,0.00068958333333333306,4.9770221499736491e-15,-4.4293253550391948e-07,-9.8341331331179065e-18,4.3939016079416625e-07,0.25591269287024665,0.0070069340707068174
1.75,0,-0.25,0.00068958333333333306,5.1178625582630074e-15,-4.0526452705988875e-07,-1.049828315121253e-17,4.0526455078585849e-07,0.25591269287024665,0.0070069340707068174
1.7549999999999999,0,-0.24500000000000011,0.00056458333333333317,5.1080627645026594e-15,-3.7735580854820266e-07,6.1539978172288261e-18,3.743848072212618e-07,0.23092574415918354,0.0057217971970056963
1.76,0,-0.23999999999999999,0.00056458333333333317,5.0503322770355583e-15,-3.4944709003651525e-07,6.6180515683125264e-18,3.450276367577388e-07,0.23092574415918354,0.0057217971970056963
1.7649999999999999,0,-0.2350000000000001,0.00056458333333333317,4.9446710958617112e-15,-3.215383715248291e-07,7.0284606360219832e-18,3.1715597666971304e-07,0.23092574415918354,0.0057217971970056963
1.77,0,-0.22999999999999998,0.00056458333333333317,4.7910792209811046e-15,-2.9362965301314174e-07,7.387080942851141e-18,2.9073276423160282e-07,0.23092574415918354,0.0057217971970056963
1.7749999999999999,0,-0.22500000000000009,0.00056458333333333317,4.589556652393756e-15,-2.6572093450145555e-07,7.6957684112938741e-18,2.6572093671783097e-07,0.23092574415918354,0.0057217971970056963
1.78,0,-0.21999999999999997,0.00045208333333333277,4.2844727464000083e-15,-2.4572194440672253e-07,1.3622618009651141e-19,2.4333955454169406e-07,0.20593631898089582,0.0045667017087347309
1.7849999999999999,0,-0.21500000000000008,0.00045208333333333277,3.8925218921528843e-15,-2.2572295431199062e-07,-3.6301598852844977e-19,2.2218253647400857e-07,0.20593631898089582,0.0045667017087347309
1.79,0,-0.20999999999999996,0.00045208333333333277,3.4137040896523548e-15,-2.0572396421725783e-07,-8.1677915081422805e-19,2.0221671273280153e-07,0.20593631898089582,0.0045667017087347309
1.7949999999999999,0,-0.20500000000000007,0.00045208333333333277,2.8480193388984601e-15,-1.8572497412252595e-07,-1.2266634812365822e-18,1.8340891353610372e-07,0.20593631898089582,0.0045667017087347309
1.8,0,-0.19999999999999996,0.00045208333333333277,2.1954676398911516e-15,-1.6572598402779317e-07,-1.5942691542713484e-18,1.6572596910194256e-07,0.20593631898089582,0.0045667017087347309
1.8049999999999999,0,-0.19500000000000006,0.0003520833333333331,1.528021570232364e-15,-1.5198079978962286e-07,-2.8192514768588967e-19,1.5012228131839361e-07,0.18094467846099538,0.0035416798697032541
1.8100000000000001,0,-0.18999999999999995,0.0003520833333333331,9.1633121447487504e-16,-1.3823561555145191e-07,-2.1185573379221916e-19,1.3547711791345064e-07,0.18094467846099538,0.0035416798697032541
1.8149999999999999,0,-0.18500000000000005,0.0003520833333333331,3.6039657261873966e-16,-1.2449043131328159e-07,-1.4795312459156839e-19,1.2176120485137881e-07,0.18094467846099538,0.0035416798697032541
1.8200000000000001,0,-0.17999999999999994,0.0003520833333333331,-1.3978235533609214e-16,-1.1074524707511066e-07,-8.9985476306345711e-20,1.0894526809644093e-07,0.18094467846099538,0.0035416798697032541
1.825,0,-0.17500000000000004,0.0003520833333333331,-5.8420556938957538e-16,-9.700006283694032e-08,-3.7720945158970348e-20,9.7000033612902025e-08,0.18094467846099538,0.0035416798697032541
1.8300000000000001,0,-0.16999999999999993,0.00026458333333333298,-8.8946537444457396e-16,-8.804675249011937e-08,-4.8765531876181192e-19,8.6647283724434473e-08,0.15595108357812548,0.0026467598528927523
1.835,0,-0.16500000000000004,0.00026458333333333298,-1.0504191472670087e-15,-7.909344214329899e-08,-4.8540369385905992e-19,7.7019627869666258e-08,0.15595108357812548,0.0026467598528927523
1.8400000000000001,0,-0.15999999999999992,0.00026458333333333298,-1.0670668878568954e-15,-7.0140131796478239e-08,-4.8089054974423844e-19,6.8091690229258413e-08,0.15595108357812548,0.0026467598528927523
1.845,0,-0.15500000000000003,0.00026458333333333298,-9.3940859621423312e-16,-6.1186821449657872e-08,-4.7425920396512575e-19,5.9838094983873654e-08,0.15595108357812548,0.0026467598528927523
1.8500000000000001,0,-0.14999999999999991,0.00026458333333333298,-6.6744427233900983e-16,-5.2233511102837108e-08,-4.6565297406949915e-19,5.2233466314173194e-08,0.15595108357812548,0.0026467598528927523
1.855,0,-0.14500000000000002,0.00018958333333333332,-2.9582900774373243e-16,-4.6804439831773263e-08,-2.6251881661260135e-19,4.5799128501070406e-08,0.13095579518053876,0.0018819653680416765
1.8600000000000001,0,-0.1399999999999999,0.00018958333333333332,5.603935237032204e-17,-4.1375368560709179e-08,-1.9199981614929459e-19,3.9888898833739157e-08,0.13095579518053876,0.0018819653680416765
1.865,0,-0.13500000000000001,0.00018958333333333332,3.8816080800312216e-16,-3.5946297289645327e-08,-1.2950295474716057e-19,3.448130185027569e-08,0.13095579518053876,0.0018819653680416765
1.8700000000000001,0,-0.12999999999999989,0.00018958333333333332,7.0053535915469766e-16,-3.0517226018581237e-08,-7.4624713998418215e-20,2.9554862088775271e-08,0.13095579518053876,0.0018819653680416765
1.875,0,-0.125,0.00018958333333333332,9.9316300582502052e-16,-2.5088154747517394e-08,-2.6961575495296916e-20,2.508810408733404e-08,0.13095579518053876,0.0018819653680416765
1.8799999999999999,0,-0.12000000000000011,0.00012708333333333321,1.2185386445325918e-15,-2.211026497011626e-08,2.1151716891461262e-19,2.1434169528031895e-08,0.10595907399785937,0.0012473146718757111
1.885,0,-0.11499999999999999,0.00012708333333333321,1.2833586995865573e-15,-1.9132375192714993e-08,1.9987381700745532e-19,1.8135830368288771e-08,0.10595907399785937,0.0012473146718757111
1.8899999999999999,0,-0.1100000000000001,0.00012708333333333321,1.1876231709869115e-15,-1.6154485415313856e-08,1.8800946013505312e-19,1.5175513408116918e-08,0.10595907399785937,0.0012473146718757111
1.895,0,-0.10499999999999998,0.00012708333333333321,9.3133205873364564e-16,-1.3176595637912589e-08,1.759877942693739e-19,1.2535645447528041e-08,0.10595907399785937,0.0012473146718757111
1.8999999999999999,0,-0.10000000000000009,0.00012708333333333321,5.1448536282678302e-16,-1.0198705860511451e-08,1.6387251538238744e-19,1.019865328653432e-08,0.10595907399785937,0.0012473146718757111
1.905,0,-0.094999999999999973,7.7083333333333206e-05,-5.5273379460165514e-17,-8.7936314195910374e-09,1.6529188644388583e-19,8.3816965955288814e-09,0.080961180693999699,0.00074282059851954582
1.9099999999999999,0,-0.09000000000000008,7.7083333333333206e-05,-7.5048514954505463e-16,-7.3885569786707519e-09,1.3437438582438717e-19,6.7843523168625172e-09,0.080961180693999699,0.00074282059851954582
1.915,0,-0.084999999999999964,7.7083333333333206e-05,-1.571149947427945e-15,-5.9834825377504036e-09,1.0739218493113394e-19,5.3929486278939357e-09,0.080961180693999699,0.00074282059851954582
1.9199999999999999,0,-0.080000000000000071,7.7083333333333206e-05,-2.5172677731087639e-15,-4.5784080968301181e-09,8.4086464746727504e-20,4.193813705982135e-09,0.080961180693999699,0.00074282059851954582
1.925,0,-0.074999999999999956,7.7083333333333206e-05,-3.5888386265875956e-15,-3.173333655909771e-09,6.419840625376484e-20,3.1732757284859007e-09,0.080961180693999699,0.00074282059851954582
1.9299999999999999,0,-0.070000000000000062,3.9583333333333236e-05,-4.6693800832668357e-15,-2.6582992887483022e-09,-4.90852809223732e-20,2.4458837356606584e-09,0.055962375664001932,0.00036846042021558345
1.9350000000000001,0,-0.064999999999999947,3.9583333333333236e-05,-5.5662275511410638e-15,-2.1432649215868107e-09,-4.4801937431176382e-20,1.8344188858645738e-09,0.055962375664001932,0.00036846042021558345
1.9399999999999999,0,-0.060000000000000053,3.9583333333333236e-05,-6.2793810302101988e-15,-1.6282305544253421e-09,-4.0286208416500903e-20,1.3291344849126958e-09,0.055962375664001932,0.00036846042021558345
1.9450000000000001,0,-0.054999999999999938,3.9583333333333236e-05,-6.8088405204743061e-15,-1.1131961872638506e-09,-3.5626084566783047e-20,9.2028383861997684e-10,0.055962375664001932,0.00036846042021558345
1.95,0,-0.050000000000000044,3.9583333333333236e-05,-7.1546060219333376e-15,-5.9816182010238177e-10,-3.090955657045994e-20,5.9812025280145712e-10,0.055962375664001932,0.00036846042021558345
1.9550000000000001,0,-0.044999999999999929,1.4583333333333232e-05,-7.3155546906012629e-15,-4.8362838448531618e-10,-1.6338958843318003e-20,4.0407473924237846e-10,0.030962919910176953,0.00012423989496351625
1.96,0,-0.040000000000000036,1.4583333333333232e-05,-7.227837191892669e-15,-3.6909494886827314e-10,-1.1835398164970481e-20,2.5574089775055994e-10,0.030962919910176953,0.00012423989496351625
1.9650000000000001,0,-0.03499999999999992,1.4583333333333232e-05,-6.8914535258075472e-15,-2.5456151325122508e-10,-8.2388919176099003e-21,1.4716297532401952e-10,0.030962919910176953,0.00012423989496351625
1.97,0,-0.030000000000000027,1.4583333333333232e-05,-6.3064036923459282e-15,-1.4002807763418206e-10,-5.4487154315493685e-21,7.2385218960795976e-11,0.030962919910176953,0.00012423989496351625
1.9750000000000001,0,-0.024999999999999911,1.4583333333333232e-05,-5.4726876915077599e-15,-2.5494642017133995e-11,-3.3641440371014214e-21,2.5451875658906375e-11,0.030962919910176953,0.00012423989496351625
1.98,0,-0.020000000000000018,2.083333333333319e-06,-4.4891686701084437e-15,-2.0401201070780453e-11,4.795543879021822e-22,1.2158424715505764e-11,0.0059630730189060444,9.3122950353705613e-06
1.9850000000000001,0,-0.014999999999999902,2.083333333333319e-06,-3.4336257053569076e-15,-1.5307760124426678e-11,2.8742712496224266e-22,4.5155525677369971e-12,0.0059630730189060444,9.3122950353705613e-06
1.99,0,-0.010000000000000009,2.083333333333319e-06,-2.3060587972532475e-15,-1.0214319178073138e-11,1.3560218076867356e-22,9.7421832577857639e-13,0.0059630730189060444,9.3122950353705613e-06
1.9950000000000001,0,-0.0049999999999998934,2.083333333333319e-06,-1.1064679457973615e-15,-5.1208782317193671e-12,3.5864743166307844e-23,-1.4618900192667835e-14,0.0059630730189060444,9.3122950353705613e-06
2,0,0,2.083333333333319e-06,1.651468490106432e-16,-2.7437285365824391e-14,0,-0,0.0059630730189060444,9.3122950353705613e-06
2.0049999999999999,0,0.0049999999999998934,0,1.4338990162822891e-15,-2.5378612932704948e-14,0,-0,-0.019036915317256421,0
2.0099999999999998,0,0.0099999999999997868,0,2.5749658304086292e-15,-2.3319940499585498e-14,0,-0,-0.019036915317256421,0
2.0150000000000001,0,0.015000000000000124,0,3.588347291389747e-15,-2.1261268066465874e-14,0,-0,-0.019036915317256421,0
2.02,0,0.020000000000000018,0,4.4740433992254638e-15,-1.9202595633346428e-14,0,0,-0.019036915317256421,0
2.0249999999999999,0,0.024999999999999911,0,5.2320541539158735e-15,-1.7143923200226981e-14,0,0,-0.019036915317256421,0
2.0299999999999998,0,0.029999999999999805,0,5.8931012005186627e-15,-1.5702954674668241e-14,0,0,-0.044036915317384448,0
2.0350000000000001,0,0.035000000000000142,0,6.4197387875673493e-15,-1.4261986149109368e-14,0,0,-0.044036915317384448,0
2.04,0,0.040000000000000036,0,6.8119669150618403e-15,-1.2821017623550627e-14,0,0,-0.044036915317384448,0
2.0449999999999999,0,0.044999999999999929,0,7.0697855830021885e-15,-1.1380049097991888e-14,0,-0,-0.044036915317384448,0
2.0499999999999998,0,0.049999999999999822,0,7.1931947913883932e-15,-9.9390805724331433e-15,0,-0,-0.044036915317384448,0
2.0550000000000002,0,0.05500000000000016,0,7.2195522712434419e-15,-6.8020167313690096e-15,-0,-0,-0.069036915316990605,0
2.0600000000000001,0,0.060000000000000053,0,7.1256063765501575e-15,-3.664952890305002e-15,-0,-0,-0.069036915316990605,0
2.0649999999999999,0,0.064999999999999947,0,6.9113571073085487e-15,-5.2788904924099527e-16,-0,-0,-0.069036915316990605,0
2.0699999999999998,0,0.06999999999999984,0,6.5768044635186114e-15,2.6091747918230119e-15,-0,0,-0.069036915316990605,0
2.0750000000000002,0,0.075000000000000178,0,6.1219484451803008e-15,5.7462386328872975e-15,-0,0,-0.069036915316990605,0
2.0800000000000001,0,0.080000000000000071,0,5.5803281265467102e-15,6.3875331701661587e-15,-0,0,-0.094036915317873213,0
2.085,0,0.084999999999999964,0,4.9727245071298645e-15,7.028827707445019e-15,-0,0,-0.094036915317873213,0
2.0899999999999999,0,0.089999999999999858,0,4.2991375869297663e-15,7.6701222447238794e-15,-0,0,-0.094036915317873213,0
2.0950000000000002,0,0.095000000000000195,0,3.5595673659463468e-15,8.3114167820027966e-15,-0,-0,-0.094036915317873213,0
2.1000000000000001,0,0.10000000000000009,0,2.7540138441797358e-15,8.952711319281657e-15,-0,-0,-0.094036915317873213,0
2.105,0,0.10499999999999998,0,1.8381267410988437e-15,9.8696100039705695e-15,0,-0,-0.11903691531770567,0
2.1099999999999999,0,0.10999999999999988,0,8.1800210085338469e-16,1.078650868865948e-14,0,-0,-0.11903691531770567,0
2.1150000000000002,0,0.11500000000000021,0,-3.0636007655674506e-16,1.1703407373348473e-14,0,-0,-0.11903691531770567,0
2.1200000000000001,0,0.12000000000000011,0,-1.5349597911313467e-15,1.2620306058037383e-14,0,0,-0.11903691531770567,0
2.125,0,0.125,0,-2.8677970428705149e-15,1.3537204742726297e-14,0,0,-0.11903691531770567,0
2.1299999999999999,0,0.12999999999999989,0,-4.1829227849275061e-15,1.3865101536676177e-14,0,0,-0.14403691531894441,0
2.1349999999999998,0,0.13499999999999979,0,-5.2971173447765828e-15,1.4192998330626061e-14,0,0,-0.14403691531894441,0
2.1400000000000001,0,0.14000000000000012,0,-6.2103807224178149e-15,1.4520895124575971e-14,0,0,-0.14403691531894441,0
2.145,0,0.14500000000000002,0,-6.9227129178510422e-15,1.4848791918525853e-14,0,-0,-0.14403691531894441,0
2.1499999999999999,0,0.14999999999999991,0,-7.4341139310763539e-15,1.5176688712475735e-14,0,-0,-0.14403691531894441,0
2.1549999999999998,0,0.1549999999999998,0,-7.7241348242814616e-15,1.4504787851841361e-14,-0,-0,-0.16903691531962195,0
2.1600000000000001,0,0.16000000000000014,0,-7.7005313159631939e-15,1.3832886991206928e-14,-0,-0,-0.16903691531962195,0
2.165,0,0.16500000000000004,0,-7.3633034061215572e-15,1.3160986130572554e-14,-0,-0,-0.16903691531962195,0
2.1699999999999999,0,0.16999999999999993,0,-6.7124510947565593e-15,1.248908526993818e-14,-0,0,-0.16903691531962195,0
2.1749999999999998,0,0.17499999999999982,0,-5.7479743818682035e-15,1.1817184409303804e-14,-0,0,-0.16903691531962195,0
2.1800000000000002,0,0.18000000000000016,0,-4.714067620233701e-15,1.0343542008739088e-14,-0,0,-0.19403691531821204,0
2.1850000000000001,0,0.18500000000000005,0,-3.8309975331223034e-15,8.8698996081744292e-15,-0,0,-0.19403691531821204,0
2.1899999999999999,0,0.18999999999999995,0,-3.0987641205339148e-15,7.3962572076097725e-15,-0,0,-0.19403691531821204,0
2.1949999999999998,0,0.19499999999999984,0,-2.5173673824685329e-15,5.9226148070451157e-15,-0,-0,-0.19403691531821204,0
2.2000000000000002,0,0.20000000000000018,0,-2.0868073189261266e-15,4.4489724064803272e-15,-0,-0,-0.19403691531821204,0
2.2050000000000001,0,0.20500000000000007,0,-1.7250625737827906e-15,2.9002034741668227e-15,-0,-0,-0.21903691531868741,0
2.21,0,0.20999999999999996,0,-1.3779696645256418e-15,1.3514345418533168e-15,-0,-0,-0.21903691531868741,0
2.2149999999999999,0,0.21499999999999986,0,-1.0455285911546807e-15,-1.9733439046018792e-16,-0,-0,-0.21903691531868741,0
2.2200000000000002,0,0.2200000000000002,0,-7.2773935366987972e-16,-1.7461033227738309e-15,-0,0,-0.21903691531868741,0
2.2250000000000001,0,0.22500000000000009,0,-4.246019520712952e-16,-3.2948722550873358e-15,-0,0,-0.21903691531868741,0
2.23,0,0.22999999999999998,0,-5.8000751529900884e-17,-6.3253889438976294e-15,0,0,-0.24403691531942923,0
2.2349999999999999,0,0.23499999999999988,0,4.0481143916735732e-16,-9.3559056327079222e-15,0,0,-0.24403691531942923,0
2.2400000000000002,0,0.24000000000000021,0,9.6383462002053255e-16,-1.2386422321518485e-14,0,0,-0.24403691531942923,0
2.2450000000000001,0,0.24500000000000011,0,1.6190687910295265e-15,-1.5416939010328778e-14,0,-0,-0.24403691531942923,0
2.25,0,0.25,0,2.3705139521943839e-15,-1.8447455699139072e-14,0,-0,-0.24403691531942923,0
2.2549999999999999,0,0.25499999999999989,0,3.1256018054953942e-15,-2.0871569785844205e-14,0,-0,-0.26903691531833757,0
2.2599999999999998,0,0.25999999999999979,0,3.715345180213517e-15,-2.3295683872549335e-14,0,-0,-0.26903691531833757,0
2.2650000000000001,0,0.26500000000000012,0,4.1397440763487815e-15,-2.5719797959254683e-14,0,-0,-0.26903691531833757,0
2.27,0,0.27000000000000002,0,4.3987984939011135e-15,-2.8143912045959816e-14,0,0,-0.26903691531833757,0
2.2749999999999999,0,0.27499999999999991,0,4.4925084328705564e-15,-3.0568026132664945e-14,0,0,-0.26903691531833757,0
2.2799999999999998,0,0.2799999999999998,0,4.4776576772455816e-15,-3.44563815177916e-14,-0,0,-0.2940369153189511,0
2.2850000000000001,0,0.28500000000000014,0,4.3646413988091123e-15,-3.8344736902918602e-14,-0,0,-0.2940369153189511,0
2.29,0,0.29000000000000004,0,4.1534595975611698e-15,-4.2233092288045251e-14,-0,0,-0.2940369153189511,0
2.2949999999999999,0,0.29499999999999993,0,3.8441122735017477e-15,-4.6121447673171912e-14,-0,0,-0.2940369153189511,0
2.2999999999999998,0,0.29999999999999982,0,3.4365994266308449e-15,-5.000980305829856e-14,-0,-0,-0.2940369153189511,0
2.3050000000000002,0,0.30500000000000016,0,2.9792313378365918e-15,-5.2005173665068916e-14,0,-0,-0.31903691531869022,0
2.3100000000000001,0,0.31000000000000005,0,2.5031785969163838e-15,-5.4000544271838931e-14,0,-0,-0.31903691531869022,0
2.3149999999999999,0,0.31499999999999995,0,2.0084412038701813e-15,-5.5995914878608934e-14,0,-0,-0.31903691531869022,0
2.3199999999999998,0,0.31999999999999984,0,1.4950191586979832e-15,-5.7991285485378949e-14,0,-0,-0.31903691531869022,0
2.3250000000000002,0,0.32500000000000018,0,9.6291246139974242e-16,-5.9986656092149128e-14,0,0,-0.31903691531869022,0
2.3300000000000001,0,0.33000000000000007,0,4.3852885472424106e-16,-6.4169975259126826e-14,0,0,-0.3440369153195314,0
2.335,0,0.33499999999999996,0,-3.3008855108076017e-17,-6.8353294426104512e-14,0,0,-0.3440369153195314,0
2.3399999999999999,0,0.33999999999999986,0,-4.5170066809720843e-16,-7.2536613593082198e-14,0,0,-0.3440369153195314,0
2.3450000000000002,0,0.3450000000000002,0,-8.1754658424318673e-16,-7.6719932760060262e-14,0,-0,-0.3440369153195314,0
2.3500000000000001,0,0.35000000000000009,0,-1.1305466035459458e-15,-8.0903251927037948e-14,0,-0,-0.3440369153195314,0
2.355,0,0.35499999999999998,0,-1.3840037540311456e-15,-8.2165982566918761e-14,-0,0,-0.36903691531905786,0
2.3599999999999999,0,0.35999999999999988,0,-1.495125369209785e-15,-8.3428713206799573e-14,-0,0,-0.36903691531905786,0
2.3650000000000002,0,0.36500000000000021,0,-1.4639114490818545e-15,-8.4691443846680486e-14,-0,0,-0.36903691531905786,0
2.3700000000000001,0,0.37000000000000011,0,-1.2903619936473601e-15,-8.5954174486561299e-14,-0,0,-0.36903691531905786,0
2.375,0,0.375,0,-9.7447700290630494e-16,-8.7216905126442111e-14,-0,0,-0.36903691531905786,0
2.3799999999999999,0,0.37999999999999989,0,-6.5216209276312095e-16,-8.9466523406296938e-14,-0,0,-0.39403691531858626,0
2.3849999999999998,0,0.38499999999999979,0,-3.9812545011306542e-16,-9.171614168615179e-14,-0,0,-0.39403691531858626,0
2.3900000000000001,0,0.39000000000000012,0,-2.1236707495612476e-16,-9.3965759966006818e-14,-0,0,-0.39403691531858626,0
2.395,0,0.39500000000000002,0,-9.4886967292332099e-17,-9.6215378245861683e-14,-0,-0,-0.39403691531858626,0
2.3999999999999999,0,0.39999999999999991,0,-4.5685127121667843e-17,-9.846499652571651e-14,-0,-0,-0.39403691531858626,0
2.4049999999999998,0,0.4049999999999998,0,-6.5758436920457104e-17,-9.8661330435099129e-14,0,-0,-0.41903691531822834,0
2.4100000000000001,0,0.41000000000000014,0,-1.0059171271940138e-16,-9.8857664344481584e-14,0,-0,-0.41903691531822834,0
2.415,0,0.41500000000000004,0,-1.5018495451849205e-16,-9.9053998253864039e-14,0,-0,-0.41903691531822834,0
2.4199999999999999,0,0.41999999999999993,0,-2.1453816231773149e-16,-9.9250332163246481e-14,0,-0,-0.41903691531822834,0
2.4249999999999998,0,0.42499999999999982,0,-2.9365133611711979e-16,-9.9446666072628924e-14,0,-0,-0.41903691531822834,0
2.4300000000000002,0,0.43000000000000016,0,-3.5877297032552273e-16,-9.9017009047486567e-14,-0,-0,-0.44403691531829431,0
2.4350000000000001,0,0.43500000000000005,0,-3.7182605828669734e-16,-9.8587352022344185e-14,-0,-0,-0.44403691531829431,0
2.4399999999999999,0,0.43999999999999995,0,-3.3281060000065137e-16,-9.8157694997201803e-14,-0,0,-0.44403691531829431,0
2.4449999999999998,0,0.44499999999999984,0,-2.4172659546738481e-16,-9.7728037972059421e-14,-0,0,-0.44403691531829431,0
2.4500000000000002,0,0.45000000000000018,0,-9.8574044686882622e-17,-9.7298380946917001e-14,-0,0,-0.44403691531829431,0
2.4550000000000001,0,0.45500000000000007,0,5.4943128893317306e-17,-9.6072927069242081e-14,0,0,-0.46903691531763075,0
2.46,0,0.45999999999999996,0,1.2362217550937629e-16,-9.4847473191567148e-14,0,0,-0.46903691531763075,0
2.4649999999999999,0,0.46499999999999986,0,1.0746309516129438e-16,-9.3622019313892215e-14,0,0,-0.46903691531763075,0
2.4700000000000002,0,0.4700000000000002,0,6.4658878490589308e-18,-9.2396565436217181e-14,0,0,-0.46903691531763075,0
2.4750000000000001,0,0.47500000000000009,0,-1.7936944642731226e-16,-9.1171111558542248e-14,0,0,-0.46903691531763075,0
2.48,0,0.47999999999999998,0,-3.8778733922216231e-16,-8.7721478144054701e-14,-0,-0,-0.49403691531727789,0
2.4849999999999999,0,0.48499999999999988,0,-6.1798028237894612e-16,-8.4271844729567166e-14,-0,-0,-0.49403691531727789,0
2.4900000000000002,0,0.49000000000000021,0,-8.6994827589768681e-16,-8.0822211315079315e-14,-0,-0,-0.49403691531727789,0
2.4950000000000001,0,0.49500000000000011,0,-1.1436913197783398e-15,-7.7372577900591768e-14,-0,-0,-0.49403691531727789,0
2.5,0,0.5,0,-1.4392094140209263e-15,-7.392294448610422e-14,-0,-0,-0.49403691531727789,0
2.5049999999999999,0,0.50499999999999989,0,-1.7192311710474851e-15,-7.1127726686576028e-14,-0,-0,-0.5190369153174389,0
2.5099999999999998,0,0.50999999999999979,0,-2.0279361642862535e-15,-6.8332508887047835e-14,-0,-0,-0.5190369153174389,0
2.5150000000000001,0,0.51500000000000012,0,-2.365324393737262e-15,-6.553729108751939e-14,-0,-0,-0.5190369153174389,0
2.52,0,0.52000000000000002,0,-2.731395859400452e-15,-6.274207328799121e-14,-0,-0,-0.5190369153174389,0
2.5249999999999999,0,0.52499999999999991,0,-3.1261505612758508e-15,-5.9946855488463017e-14,-0,-0,-0.5190369153174389,0
2.5299999999999998,0,0.5299999999999998,0,-3.4102598791623239e-15,-5.5616257684142478e-14,0,0,-0.54403691531792298,0
2.5350000000000001,0,0.53500000000000014,0,-3.4695274764245533e-15,-5.1285659879821421e-14,0,0,-0.54403691531792298,0
2.54,0,0.54000000000000004,0,-3.3039533530625278e-15,-4.6955062075500743e-14,0,0,-0.54403691531792298,0
2.5449999999999999,0,0.54499999999999993,0,-2.9135375090762648e-15,-4.2624464271180078e-14,0,0,-0.54403691531792298,0
2.5499999999999998,0,0.54999999999999982,0,-2.2982799444657628e-15,-3.8293866466859399e-14,0,0,-0.54403691531792298,0
2.5550000000000002,0,0.55500000000000016,0,-1.5385052568720374e-15,-3.3667869304602813e-14,-0,0,-0.56903691531741252,0
2.5600000000000001,0,0.56000000000000005,0,-6.7841068753194018e-16,-2.9041872142346617e-14,-0,0,-0.56903691531741252,0
2.5649999999999999,0,0.56499999999999995,0,2.8200376355459251e-16,-2.4415874980090419e-14,-0,0,-0.56903691531741252,0
2.5699999999999998,0,0.56999999999999984,0,1.3427380963875619e-15,-1.978987781783422e-14,-0,-0,-0.56903691531741252,0
2.5750000000000002,0,0.57500000000000018,0,2.5037923109670744e-15,-1.5163880655577612e-14,-0,-0,-0.56903691531741252,0
2.5800000000000001,0,0.58000000000000007,0,3.5552599723330775e-15,-1.1031590039697749e-14,-0,-0,-0.59403691531621161,0
2.585,0,0.58499999999999996,0,4.3287333650914564e-15,-6.8992994238178833e-15,-0,-0,-0.59403691531621161,0
2.5899999999999999,0,0.58999999999999986,0,4.8242124892422099e-15,-2.7670088079380203e-15,-0,-0,-0.59403691531621161,0
2.5950000000000002,0,0.5950000000000002,0,5.0416973447853458e-15,1.365281807942212e-15,-0,-0,-0.59403691531621161,0
2.6000000000000001,0,0.60000000000000009,0,4.9811879317208255e-15,5.4975724238220755e-15,-0,-0,-0.59403691531621161,0
2.605,0,0.60499999999999998,0,4.7264779756260304e-15,9.8963981899975332e-15,0,-0,-0.61903691531698313,0
2.6099999999999999,0,0.60999999999999988,0,4.4349675756825311e-15,1.4295223956172991e-14,0,-0,-0.61903691531698313,0
2.6150000000000002,0,0.61500000000000021,0,4.1066567318902971e-15,1.869404972234884e-14,0,-0,-0.61903691531698313,0
2.6200000000000001,0,0.62000000000000011,0,3.7415454442493881e-15,2.3092875488524301e-14,0,-0,-0.61903691531698313,0
2.625,0,0.625,0,3.3396337127597734e-15,2.7491701254699755e-14,0,-0,-0.61903691531698313,0
2.6299999999999999,0,0.62999999999999989,0,2.9476614097187877e-15,3.0946408533857402e-14,-0,-0,-0.64403691531762852,0
2.6349999999999998,0,0.63499999999999979,0,2.6311320039269088e-15,3.4401115813015048e-14,-0,-0,-0.64403691531762852,0
2.6400000000000001,0,0.64000000000000012,0,2.3900454953841195e-15,3.7855823092172998e-14,-0,0,-0.64403691531762852,0
2.645,0,0.64500000000000002,0,2.2244018840904616e-15,4.1310530371330645e-14,-0,0,-0.64403691531762852,0
2.6499999999999999,0,0.64999999999999991,0,2.134201170045911e-15,4.4765237650488285e-14,-0,0,-0.64403691531762852,0
2.6549999999999998,0,0.6549999999999998,0,2.0498715223599753e-15,4.5941232195219399e-14,-0,0,-0.66903691531776921,0
2.6600000000000001,0,0.66000000000000014,0,1.9008608781604124e-15,4.7117226739950406e-14,-0,-0,-0.66903691531776921,0
2.665,0,0.66500000000000004,0,1.6871692374472488e-15,4.8293221284681311e-14,-0,-0,-0.66903691531776921,0
2.6699999999999999,0,0.66999999999999993,0,1.4087966002204738e-15,4.9469215829412217e-14,-0,-0,-0.66903691531776921,0
2.6749999999999998,0,0.67499999999999982,0,1.0657429664800877e-15,5.0645210374143116e-14,-0,-0,-0.66903691531776921,0
2.6800000000000002,0,0.68000000000000016,0,6.9825993766025999e-16,5.2943206526103104e-14,0,-0,-0.69403691531762157,0
2.6850000000000001,0,0.68500000000000005,0,3.0662738236732739e-16,5.5241202678062978e-14,0,-0,-0.69403691531762157,0
2.6899999999999999,0,0.68999999999999995,0,-1.0915469939874291e-16,5.7539198830022853e-14,0,-0,-0.69403691531762157,0
2.6949999999999998,0,0.69499999999999984,0,-5.4908630763795145e-16,5.9837194981982727e-14,0,0,-0.69403691531762157,0
2.7000000000000002,0,0.70000000000000018,0,-1.01316744235034e-15,6.2135191133942816e-14,0,0,-0.69403691531762157,0
2.7050000000000001,0,0.70500000000000007,0,-1.466330858958093e-15,6.0021096716467062e-14,-0,0,-0.71903691531884817,0
2.71,0,0.70999999999999996,0,-1.9275451001324095e-15,5.7907002298991308e-14,-0,0,-0.71903691531884817,0
2.7149999999999999,0,0.71499999999999986,0,-2.3968101658732883e-15,5.5792907881515567e-14,-0,-0,-0.71903691531884817,0
2.7200000000000002,0,0.7200000000000002,0,-2.8741260561807733e-15,5.3678813464039631e-14,-0,-0,-0.71903691531884817,0
2.7250000000000001,0,0.72500000000000009,0,-3.3594927710547784e-15,5.1564719046563884e-14,-0,-0,-0.71903691531884817,0
2.73,0,0.72999999999999998,0,-3.8716483655186548e-15,4.9662477295435252e-14,-0,-0,-0.74403691531870386,0
2.7349999999999999,0,0.73499999999999988,0,-4.4233885943971854e-15,4.776023554430662e-14,-0,-0,-0.74403691531870386,0
2.7400000000000002,0,0.74000000000000021,0,-5.0147134576904251e-15,4.5857993793177825e-14,-0,-0,-0.74403691531870386,0
2.7450000000000001,0,0.74500000000000011,0,-5.6456229553982689e-15,4.3955752042049193e-14,-0,-0,-0.74403691531870386,0
2.75,0,0.75,0,-6.3161170875207667e-15,4.2053510290920562e-14,-0,-0,-0.74403691531870386,0
2.7549999999999999,0,0.75499999999999989,0,-6.8990214265323611e-15,3.966925638014707e-14,0,-0,-0.76903691531971463,0
2.7599999999999998,0,0.75999999999999979,0,-7.2645719220462666e-15,3.7285002469373578e-14,0,-0,-0.76903691531971463,0
2.7650000000000001,0,0.76500000000000012,0,-7.4127685740624856e-15,3.4900748558599878e-14,0,-0,-0.76903691531971463,0
2.77,0,0.77000000000000002,0,-7.3436113825809919e-15,3.2516494647826393e-14,0,0,-0.76903691531971463,0
2.7749999999999999,0,0.77499999999999991,0,-7.0571003476018094e-15,3.0132240737052889e-14,0,0,-0.76903691531971463,0
2.7799999999999998,0,0.7799999999999998,0,-6.5684026970514599e-15,2.8573835932547819e-14,-0,0,-0.79403691531954401,0
2.7850000000000001,0,0.78500000000000014,0,-5.8378029815796945e-15,2.7015431128042677e-14,-0,0,-0.79403691531954401,0
2.79,0,0.79000000000000004,0,-4.8653012011866442e-15,2.5457026323537674e-14,-0,0,-0.79403691531954401,0
2.7949999999999999,0,0.79499999999999993,0,-3.6508973558722537e-15,2.3898621519032673e-14,-0,0,-0.79403691531954401,0
2.7999999999999998,0,0.79999999999999982,0,-2.1945914456365218e-15,2.2340216714527673e-14,-0,0,-0.79403691531954401,0
2.8050000000000002,0,0.80500000000000016,0,-6.7437464512800442e-16,2.0897946103934493e-14,-0,-0,-0.81903691531827771,0
2.8100000000000001,0,0.81000000000000005,0,7.4127758432104746e-16,1.9455675493341451e-14,-0,-0,-0.81903691531827771,0
2.8149999999999999,0,0.81499999999999995,0,2.0523652427107737e-15,1.8013404882748407e-14,-0,-0,-0.81903691531827771,0
2.8199999999999998,0,0.81999999999999984,0,3.2588883300411753e-15,1.6571134272155365e-14,-0,-0,-0.81903691531827771,0
2.8250000000000002,0,0.82500000000000018,0,4.3608468463123439e-15,1.5128863661562194e-14,-0,-0,-0.81903691531827771,0
2.8300000000000001,0,0.83000000000000007,0,5.3544181150217018e-15,1.3860908174415708e-14,0,-0,-0.84403691531806546,0
2.835,0,0.83499999999999996,0,6.2109344758076059e-15,1.2592952687269222e-14,0,-0,-0.84403691531806546,0
2.8399999999999999,0,0.83999999999999986,0,6.9303959286700569e-15,1.1324997200122736e-14,0,0,-0.84403691531806546,0
2.8450000000000002,0,0.8450000000000002,0,7.5128024736090998e-15,1.0057041712976138e-14,0,0,-0.84403691531806546,0
2.8500000000000001,0,0.85000000000000009,0,7.9581541106246321e-15,8.7890862258296522e-15,0,0,-0.84403691531806546,0
2.855,0,0.85499999999999998,0,8.2423370880714483e-15,5.3124015191204783e-15,-0,0,-0.86903691531832383,0
2.8599999999999999,0,0.85999999999999988,0,8.2982374023340897e-15,1.8357168124113024e-15,-0,0,-0.86903691531832383,0
2.8650000000000002,0,0.86500000000000021,0,8.1258550534125326e-15,-1.6409678942981803e-15,-0,-0,-0.86903691531832383,0
2.8700000000000001,0,0.87000000000000011,0,7.7251900413068069e-15,-5.117652601007355e-15,-0,-0,-0.86903691531832383,0
2.875,0,0.875,0,7.0962423660169071e-15,-8.5943373077165297e-15,-0,-0,-0.86903691531832383,0
2.8799999999999999,0,0.87999999999999989,0,6.3535383050551294e-15,-9.893134125568203e-15,0,-0,-0.89403691531836127,0
2.8849999999999998,0,0.88499999999999979,0,5.5582635516880699e-15,-1.1191930943419878e-14,0,-0,-0.89403691531836127,0
2.8900000000000001,0,0.89000000000000012,0,4.7104181059156538e-15,-1.2490727761271666e-14,0,0,-0.89403691531836127,0
2.895,0,0.89500000000000002,0,3.8100019677380285e-15,-1.378952457912334e-14,0,0,-0.89403691531836127,0
2.8999999999999999,0,0.89999999999999991,0,2.857015137155122e-15,-1.5088321396975013e-14,0,0,-0.89403691531836127,0
2.9049999999999998,0,0.9049999999999998,0,1.9108379978935103e-15,-1.5785314399982935e-14,-0,0,-0.91903691531864973,0
2.9100000000000001,0,0.91000000000000014,0,1.037582575155356e-15,-1.6482307402990866e-14,-0,0,-0.91903691531864973,0
2.915,0,0.91500000000000004,0,2.3724886894081502e-16,-1.7179300405998734e-14,-0,-0,-0.91903691531864973,0
2.9199999999999999,0,0.91999999999999993,0,-4.9016312075019439e-16,-1.7876293409006605e-14,-0,-0,-0.91903691531864973,0
2.9249999999999998,0,0.92499999999999982,0,-1.1446533939176712e-15,-1.857328641201447e-14,-0,-0,-0.91903691531864973,0
2.9300000000000002,0,0.93000000000000016,0,-1.7385666804139072e-15,-1.9786859422409198e-14,-0,-0,-0.94403691531888623,0
2.9350000000000001,0,0.93500000000000005,0,-2.2399539996424154e-15,-2.1000432432803866e-14,-0,-0,-0.94403691531888623,0
2.9399999999999999,0,0.93999999999999995,0,-2.6488153516032513e-15,-2.2214005443198533e-14,-0,0,-0.94403691531888623,0
2.9449999999999998,0,0.94499999999999984,0,-2.9651507362964136e-15,-2.3427578453593198e-14,-0,0,-0.94403691531888623,0
2.9500000000000002,0,0.95000000000000018,0,-3.1889601537219191e-15,-2.4641151463987973e-14,-0,0,-0.94403691531888623,0
2.9550000000000001,0,0.95500000000000007,0,-3.3976415076169477e-15,-2.4017226245637278e-14,0,0,-0.9690369153181625,0
2.96,0,0.95999999999999996,0,-3.5869519403426e-15,-2.339330102728658e-14,0,0,-0.9690369153181625,0
2.9649999999999999,0,0.96499999999999986,0,-3.7568914518988749e-15,-2.2769375808935881e-14,0,-0,-0.9690369153181625,0
2.9700000000000002,0,0.9700000000000002,0,-3.907460042285785e-15,-2.2145450590585132e-14,0,-0,-0.9690369153181625,0
2.9750000000000001,0,0.97500000000000009,0,-4.0386577115033035e-15,-2.1521525372234434e-14,0,-0,-0.9690369153181625,0
2.98,0,0.97999999999999998,0,-4.2089075946054777e-15,-2.318633708250907e-14,0,-0,-0.99403691531855232,0
2.9849999999999999,0,0.98499999999999988,0,-4.4265764136983686e-15,-2.4851148792783706e-14,0,-0,-0.99403691531855232,0
2.9900000000000002,0,0.99000000000000021,0,-4.6916641687820029e-15,-2.6515960503058491e-14,0,0,-0.99403691531855232,0
2.9950000000000001,0,0.99500000000000011,0,-5.0041708598563319e-15,-2.8180772213333128e-14,0,0,-0.99403691531855232,0
3,0,1,0,-5.3640964869213776e-15,-2.9845583923607764e-14,0,0,-0.99403691531855232,0
3.0049999999999999,0,1.0049999999999999,0,-5.6905110256167339e-15,-2.7411960079110711e-14,-0,0,-1.0190369153180561,0
3.0099999999999998,0,1.0099999999999998,0,-5.9005160105345493e-15,-2.4978336234613656e-14,-0,0,-1.0190369153180561,0
3.0150000000000001,0,1.0150000000000001,0,-5.9941114416748271e-15,-2.2544712390116385e-14,-0,-0,-1.0190369153180561,0
3.02,0,1.02,0,-5.971297319037549e-15,-2.0111088545619333e-14,-0,-0,-1.0190369153180561,0
3.0249999999999999,0,1.0249999999999999,0,-5.8320736426227293e-15,-1.7677464701122274e-14,-0,-0,-1.0190369153180561,0
3.0299999999999998,0,1.0299999999999998,0,-5.547445920981697e-15,-1.7464867409698379e-14,0,-0,-1.0440369153186873,0
3.0350000000000001,0,1.0350000000000001,0,-5.1354859128042428e-15,-1.7252270118274661e-14,0,-0,-1.0440369153186873,0
3.04,0,1.04,0,-4.5961936180904434e-15,-1.7039672826850962e-14,0,-0,-1.0440369153186873,0
3.0449999999999999,0,1.0449999999999999,0,-3.9295690368402656e-15,-1.6827075535427263e-14,0,0,-1.0440369153186873,0
3.0499999999999998,0,1.0499999999999998,0,-3.1356121690537113e-15,-1.6614478244003563e-14,0,0,-1.0440369153186873,0
3.0550000000000002,0,1.0550000000000002,0,-2.1998375863825185e-15,-1.4158540425772727e-14,0,0,-1.0690369153178225,0
3.0600000000000001,0,1.0600000000000001,0,-1.2082144890159013e-15,-1.1702602607541906e-14,0,0,-1.0690369153178225,0
3.0649999999999999,0,1.0649999999999999,0,-1.607428769537845e-16,-9.2466647893110872e-15,0,0,-1.0690369153178225,0
3.0699999999999998,0,1.0699999999999998,0,9.4257724980383369e-16,-6.7907269710802673e-15,0,0,-1.0690369153178225,0
3.0750000000000002,0,1.0750000000000002,0,2.1017458912570568e-15,-4.3347891528492304e-15,0,0,-1.0690369153178225,0
3.0800000000000001,0,1.0800000000000001,0,3.2806039106528062e-15,-1.0122257961103997e-15,-0,0,-1.0940369153171454,0
3.085,0,1.085,0,4.3883197258850265e-15,2.3103375606284319e-15,-0,0,-1.0940369153171454,0
3.0899999999999999,0,1.0899999999999999,0,5.4248933369537172e-15,5.6329009173672614e-15,-0,-0,-1.0940369153171454,0
3.0950000000000002,0,1.0950000000000002,0,6.3903247438589624e-15,8.9554642741063884e-15,-0,-0,-1.0940369153171454,0
3.1000000000000001,0,1.1000000000000001,0,7.2846139466005892e-15,1.227802763084522e-14,-0,-0,-1.0940369153171454,0
3.105,0,1.105,0,8.1113551987627997e-15,1.4461786863961864e-14,0,-0,-1.1190369153173381,0
3.1099999999999999,0,1.1099999999999999,0,8.8435116862793254e-15,1.6645546097078508e-14,0,0,-1.1190369153173381,0
3.1150000000000002,0,1.1150000000000002,0,9.4810834091502233e-15,1.8829305330195345e-14,0,0,-1.1190369153173381,0
3.1200000000000001,0,1.1200000000000001,0,1.0024070367375376e-14,2.1013064563311986e-14,0,0,-1.1190369153173381,0
3.125,0,1.125,0,1.0472472560954848e-14,2.319682379642863e-14,0,0,-1.1190369153173381,0
3.1299999999999999,0,1.1299999999999999,0,1.0701208846017192e-14,2.8174973722920005e-14,-0,0,-1.1440369153159691,0
3.1349999999999998,0,1.1349999999999998,0,1.065394835411874e-14,3.3153123649411378e-14,-0,0,-1.1440369153159691,0
3.1400000000000001,0,1.1400000000000001,0,1.0330691085259454e-14,3.8131273575903198e-14,-0,0,-1.1440369153159691,0
3.145,0,1.145,0,9.7314370394393896e-15,4.310942350239457e-14,-0,0,-1.1440369153159691,0
3.1499999999999999,0,1.1499999999999999,0,8.8561862166585287e-15,4.8087573428885942e-14,-0,-0,-1.1440369153159691,0
3.1549999999999998,0,1.1549999999999998,0,7.6995538087401019e-15,5.0243522562614518e-14,-0,0,-1.169036915316978,0
3.1600000000000001,0,1.1600000000000001,0,6.3321554724346164e-15,5.2399471696343024e-14,-0,0,-1.169036915316978,0
3.165,0,1.165,0,4.7539912077423207e-15,5.4555420830071341e-14,-0,0,-1.169036915316978,0
3.1699999999999999,0,1.1699999999999999,0,2.9650610146631007e-15,5.6711369963799664e-14,-0,0,-1.169036915316978,0
3.1749999999999998,0,1.1749999999999998,0,9.653648931969577e-16,5.8867319097527987e-14,-0,0,-1.169036915316978,0
3.1800000000000002,0,1.1800000000000002,0,-1.1006101661325377e-15,6.0383057467672404e-14,0,0,-1.1940369153183958,0
3.1850000000000001,0,1.1850000000000001,0,-3.0314996490467844e-15,6.1898795837816631e-14,0,0,-1.1940369153183958,0
3.1899999999999999,0,1.1899999999999999,0,-4.8273035555459678e-15,6.3414534207960858e-14,0,0,-1.1940369153183958,0
3.1949999999999998,0,1.1949999999999998,0,-6.4880218856300905e-15,6.4930272578105098e-14,0,0,-1.1940369153183958,0
3.2000000000000002,0,1.2000000000000002,0,-8.0136546392992804e-15,6.6446010948249452e-14,0,0,-1.1940369153183958,0
3.2050000000000001,0,1.2050000000000001,0,-9.3164447205303649e-15,6.8747842907340841e-14,-0,0,-1.2190369153189533,0
3.21,0,1.21,0,-1.0274230207268371e-14,7.1049674866432242e-14,-0,0,-1.2190369153189533,0
3.2149999999999999,0,1.2149999999999999,0,-1.08870110995133e-14,7.3351506825523618e-14,-0,0,-1.2190369153189533,0
3.2200000000000002,0,1.2200000000000002,0,-1.1154787397265159e-14,7.5653338784615221e-14,-0,0,-1.2190369153189533,0
3.2250000000000001,0,1.2250000000000001,0,-1.1077559100523901e-14,7.795517074370661e-14,-0,0,-1.2190369153189533,0
3.23,0,1.23,0,-1.0711836610865073e-14,7.597001868732475e-14,-0,0,-1.2440369153194712,0
3.2349999999999999,0,1.2349999999999999,0,-1.0175660474853507e-14,7.3984866630942891e-14,-0,-0,-1.2440369153194712,0
3.2400000000000002,0,1.2400000000000002,0,-9.4690306924891376e-15,7.1999714574560855e-14,-0,-0,-1.2440369153194712,0
3.2450000000000001,0,1.2450000000000001,0,-8.5919472637720844e-15,7.0014562518178995e-14,-0,-0,-1.2440369153194712,0
3.25,0,1.25,0,-7.5444101887022937e-15,6.8029410461797136e-14,-0,-0,-1.2440369153194712,0
3.2549999999999999,0,1.2549999999999999,0,-6.3496068026330529e-15,6.8451143558107406e-14,0,-0,-1.2690369153184147,0
3.2599999999999998,0,1.2599999999999998,0,-5.0967823208722083e-15,6.8872876654417689e-14,0,-0,-1.2690369153184147,0
3.2650000000000001,0,1.2650000000000001,0,-3.7859367434196433e-15,6.9294609750727998e-14,0,0,-1.2690369153184147,0
3.27,0,1.27,0,-2.4170700702755882e-15,6.9716342847038281e-14,0,0,-1.2690369153184147,0
3.2749999999999999,0,1.2749999999999999,0,-9.9018230143993052e-16,7.0138075943348551e-14,0,0,-1.2690369153184147,0
3.2799999999999998,0,1.2799999999999998,0,4.1974021199836483e-16,6.8571916128612954e-14,-0,0,-1.2940369153182467,0
3.2850000000000001,0,1.2850000000000001,0,1.7004397950409144e-15,6.7005756313877029e-14,-0,0,-1.2940369153182467,0
3.29,0,1.29,0,2.8519164476874884e-15,6.5439596499141243e-14,-0,-0,-1.2940369153182467,0
3.2949999999999999,0,1.2949999999999999,0,3.8741701699382073e-15,6.3873436684405469e-14,-0,-0,-1.2940369153182467,0
3.2999999999999998,0,1.2999999999999998,0,4.7672009617930702e-15,6.2307276869669683e-14,-0,-0,-1.2940369153182467,0
3.3050000000000002,0,1.3050000000000002,0,5.5453215667685651e-15,5.9605427580686868e-14,0,-0,-1.3190369153185744,0
3.3100000000000001,0,1.3100000000000001,0,6.2127584310220118e-15,5.6903578291704167e-14,0,-0,-1.3190369153185744,0
3.3149999999999999,0,1.3149999999999999,0,6.769511554553483e-15,5.4201729002721491e-14,0,0,-1.3190369153185744,0
3.3199999999999998,0,1.3199999999999998,0,7.2155809373629818e-15,5.1499879713738809e-14,0,0,-1.3190369153185744,0
3.3250000000000002,0,1.3250000000000002,0,7.5509665794505295e-15,4.8798030424755887e-14,0,0,-1.3190369153185744,0
3.3300000000000001,0,1.3300000000000001,0,7.723430391893271e-15,4.6482503025820994e-14,-0,0,-1.3440369153183576,0
3.335,0,1.335,0,7.7585946406689324e-15,4.4166975626886101e-14,-0,0,-1.3440369153183576,0
3.3399999999999999,0,1.3399999999999999,0,7.656459325777517e-15,4.1851448227951201e-14,-0,-0,-1.3440369153183576,0
3.3450000000000002,0,1.3450000000000002,0,7.4170244472189931e-15,3.9535920829016113e-14,-0,-0,-1.3440369153183576,0
3.3500000000000001,0,1.3500000000000001,0,7.0402900049934074e-15,3.7220393430081213e-14,-0,-0,-1.3440369153183576,0
3.355,0,1.355,0,6.5333432772926033e-15,3.3197150215041863e-14,-0,-0,-1.3690369153189845,0
3.3599999999999999,0,1.3599999999999999,0,5.941289833528167e-15,2.91739070000025e-14,-0,-0,-1.3690369153189845,0
3.3650000000000002,0,1.3650000000000002,0,5.264129673700036e-15,2.5150663784962789e-14,-0,-0,-1.3690369153189845,0
3.3700000000000001,0,1.3700000000000001,0,4.5018627978083303e-15,2.1127420569923433e-14,-0,-0,-1.3690369153189845,0
3.375,0,1.375,0,3.6544892058529938e-15,1.7104177354884079e-14,-0,0,-1.3690369153189845,0
3.3799999999999999,0,1.3799999999999999,0,2.7288664174456569e-15,1.3947309721280432e-14,0,0,-1.3940369153188363,0
3.3849999999999998,0,1.3849999999999998,0,1.7305068334148278e-15,1.0790442087676779e-14,0,0,-1.3940369153188363,0
3.3900000000000001,0,1.3900000000000001,0,6.5941045376040923e-16,7.6335744540728509e-15,0,0,-1.3940369153188363,0
3.395,0,1.395,0,-4.8442272151740925e-16,4.4767068204692025e-15,0,-0,-1.3940369153188363,0
3.3999999999999999,0,1.3999999999999999,0,-1.7009926924187191e-15,1.3198391868655528e-15,0,-0,-1.3940369153188363,0
3.4049999999999998,0,1.4049999999999998,0,-2.8554983034528464e-15,-3.0668496076067086e-15,-0,-0,-1.4190369153200175,0
3.4100000000000001,0,1.4100000000000001,0,-3.8355975637730774e-15,-7.45353840207947e-15,-0,-0,-1.4190369153200175,0
3.415,0,1.415,0,-4.641290473379238e-15,-1.1840227196551839e-14,-0,-0,-1.4190369153200175,0
3.4199999999999999,0,1.4199999999999999,0,-5.2725770322714231e-15,-1.6226915991024212e-14,-0,-0,-1.4190369153200175,0
3.4249999999999998,0,1.4249999999999998,0,-5.7294572404496329e-15,-2.0613604785496582e-14,-0,-0,-1.4190369153200175,0
3.4300000000000002,0,1.4300000000000002,0,-5.9409714435499834e-15,-2.2872723355031997e-14,-0,-0,-1.4440369153195787,0
3.4350000000000001,0,1.4350000000000001,0,-5.9433642790050961e-15,-2.5131841924567024e-14,-0,0,-1.4440369153195787,0
3.4399999999999999,0,1.4399999999999999,0,-5.7366357468150041e-15,-2.7390960494102051e-14,-0,0,-1.4440369153195787,0
3.4449999999999998,0,1.4449999999999998,0,-5.3207858469797082e-15,-2.9650079063637078e-14,-0,0,-1.4440369153195787,0
3.4500000000000002,0,1.4500000000000002,0,-4.6958145794991428e-15,-3.1909197633172301e-14,-0,0,-1.4440369153195787,0
3.4550000000000001,0,1.4550000000000001,0,-4.0175175432504804e-15,-3.7296326459512425e-14,0,0,-1.4690369153193241,0
3.46,0,1.46,0,-3.4440332919530964e-15,-4.268345528585255e-14,0,0,-1.4690369153193241,0
3.4649999999999999,0,1.4649999999999999,0,-2.9753618256069925e-15,-4.8070584112192675e-14,0,-0,-1.4690369153193241,0
3.4700000000000002,0,1.4700000000000002,0,-2.6115031442121415e-15,-5.3457712938533292e-14,0,-0,-1.4690369153193241,0
3.4750000000000001,0,1.4750000000000001,0,-2.3524572477686072e-15,-5.884484176487341e-14,0,-0,-1.4690369153193241,0
3.48,0,1.48,0,-2.1310949879907803e-15,-6.0924646957487185e-14,0,-0,-1.4940369153189126,0
3.4849999999999999,0,1.4849999999999999,0,-1.8741158969964043e-15,-6.3004452150100934e-14,0,0,-1.4940369153189126,0
3.4900000000000002,0,1.4900000000000002,0,-1.5815199747854518e-15,-6.5084257342714899e-14,0,0,-1.4940369153189126,0
3.4950000000000001,0,1.4950000000000001,0,-1.2533072213579749e-15,-6.7164062535328661e-14,0,0,-1.4940369153189126,0
3.5,0,1.5,0,-8.8947763671394886e-16,-6.9243867727942423e-14,0,0,-1.4940369153189126,0
3.5049999999999999,0,1.5049999999999999,0,-4.9472424476112582e-16,-7.126248022118212e-14,-0,0,-1.5190369153191614,0
3.5099999999999998,0,1.5099999999999998,0,1.2634406500085538e-17,-7.3281092714421816e-14,-0,0,-1.5190369153191614,0
3.5150000000000001,0,1.5150000000000001,0,6.3259831706974439e-16,-7.529970520766169e-14,-0,0,-1.5190369153191614,0
3.52,0,1.52,0,1.3651674869477413e-15,-7.7318317700901386e-14,-0,-0,-1.5190369153191614,0
3.5249999999999999,0,1.5249999999999999,0,2.210341916134126e-15,-7.933693019414107e-14,-0,-0,-1.5190369153191614,0
3.5299999999999998,0,1.5299999999999998,0,2.9470180114678807e-15,-8.1204899691748927e-14,0,-0,-1.5440369153180085,0
3.5350000000000001,0,1.5350000000000001,0,3.476394285649222e-15,-8.3072869189356935e-14,0,-0,-1.5440369153180085,0
3.54,0,1.54,0,3.7984707386780626e-15,-8.4940838686964767e-14,0,-0,-1.5440369153180085,0
3.5449999999999999,0,1.5449999999999999,0,3.9132473705544571e-15,-8.6808808184572611e-14,0,-0,-1.5440369153180085,0
3.5499999999999998,0,1.5499999999999998,0,3.8207241812784062e-15,-8.8676777682180456e-14,0,0,-1.5440369153180085,0
3.5550000000000002,0,1.5550000000000002,0,3.5728174764292574e-15,-8.6921116298095363e-14,-0,0,-1.5690369153173866,0
3.5600000000000001,0,1.5600000000000001,0,3.2125866447794304e-15,-8.5165454914010093e-14,-0,0,-1.5690369153173866,0
3.5649999999999999,0,1.5649999999999999,0,2.7400316863289089e-15,-8.3409793529924836e-14,-0,0,-1.5690369153173866,0
3.5699999999999998,0,1.5699999999999998,0,2.1551526010776935e-15,-8.1654132145839579e-14,-0,0,-1.5690369153173866,0
3.5750000000000002,0,1.5750000000000002,0,1.457949389025716e-15,-7.9898470761754158e-14,-0,0,-1.5690369153173866,0
3.5800000000000001,0,1.5800000000000001,0,7.3017306448029137e-16,-8.0288315617164419e-14,0,-0,-1.5940369153185139,0
3.585,0,1.585,0,3.7271929153201807e-17,-8.0678160472574654e-14,0,-0,-1.5940369153185139,0
3.5899999999999999,0,1.5899999999999999,0,-6.2075401695555241e-16,-8.1068005327984889e-14,0,-0,-1.5940369153185139,0
3.5950000000000002,0,1.5950000000000002,0,-1.2439047738460256e-15,-8.1457850183395175e-14,0,-0,-1.5940369153185139,0
3.6000000000000001,0,1.6000000000000001,0,-1.8321803415181065e-15,-8.1847695038805423e-14,0,-0,-1.5940369153185139,0
3.605,0,1.605,0,-2.3343644413771665e-15,-8.0665498368169211e-14,0,-0,-1.6190369153180464,0
3.6099999999999999,0,1.6099999999999999,0,-2.8217050148618613e-15,-7.9483301697532987e-14,0,-0,-1.6190369153180464,0
3.6150000000000002,0,1.6150000000000002,0,-3.2942020619722325e-15,-7.8301105026896675e-14,0,-0,-1.6190369153180464,0
3.6200000000000001,0,1.6200000000000001,0,-3.751855582708196e-15,-7.7118908356260463e-14,0,0,-1.6190369153180464,0
3.625,0,1.625,0,-4.1946655770697935e-15,-7.5936711685624239e-14,0,0,-1.6190369153180464,0
3.6299999999999999,0,1.6299999999999999,0,-4.4573382376030377e-15,-7.3927465796523233e-14,-0,-0,-1.6440369153185845,0
3.6349999999999998,0,1.6349999999999998,0,-4.4878227336603705e-15,-7.1918219907422228e-14,-0,-0,-1.6440369153185845,0
3.6400000000000001,0,1.6400000000000001,0,-4.2861190652417627e-15,-6.9908974018321058e-14,-0,-0,-1.6440369153185845,0
3.645,0,1.645,0,-3.8522272323472505e-15,-6.7899728129220053e-14,-0,-0,-1.6440369153185845,0
3.6499999999999999,0,1.6499999999999999,0,-3.1861472349768268e-15,-6.5890482240119048e-14,-0,-0,-1.6440369153185845,0
3.6549999999999998,0,1.6549999999999998,0,-2.3938035092189872e-15,-6.2870048451161346e-14,0,-0,-1.6690369153176023,0
3.6600000000000001,0,1.6600000000000001,0,-1.5753482480210734e-15,-5.9849614662203278e-14,0,-0,-1.6690369153176023,0
3.665,0,1.665,0,-7.3078145138322988e-16,-5.6829180873245475e-14,0,0,-1.6690369153176023,0
3.6699999999999999,0,1.6699999999999999,0,1.3989688069461499e-16,-5.3808747084287685e-14,0,0,-1.6690369153176023,0
3.6749999999999998,0,1.6749999999999998,0,1.0366867482124608e-15,-5.0788313295329882e-14,0,0,-1.6690369153176023,0
3.6800000000000002,0,1.6800000000000002,0,1.84304615709198e-15,-4.7787800111055853e-14,0,0,-1.6940369153167962,0
3.6850000000000001,0,1.6850000000000001,0,2.4470077021583131e-15,-4.478728692678209e-14,0,0,-1.6940369153167962,0
3.6899999999999999,0,1.6899999999999999,0,2.8485713834115412e-15,-4.1786773742508327e-14,0,0,-1.6940369153167962,0
3.6949999999999998,0,1.6949999999999998,0,3.0477372008516643e-15,-3.8786260558234563e-14,0,0,-1.6940369153167962,0
3.7000000000000002,0,1.7000000000000002,0,3.0445051544786721e-15,-3.5785747373960535e-14,0,-0,-1.6940369153167962,0
3.7050000000000001,0,1.7050000000000001,0,2.8304442290297152e-15,-3.2026889467320306e-14,-0,-0,-1.7190369153170013,0
3.71,0,1.71,0,2.5290790775635035e-15,-2.8268031560680077e-14,-0,-0,-1.7190369153170013,0
3.7149999999999999,0,1.7149999999999999,0,2.1404097000800375e-15,-2.4509173654039851e-14,-0,-0,-1.7190369153170013,0
3.7200000000000002,0,1.7200000000000002,0,1.6644360965792707e-15,-2.0750315747399288e-14,-0,-0,-1.7190369153170013,0
3.7250000000000001,0,1.7250000000000001,0,1.1011582670612877e-15,-1.6991457840759059e-14,-0,-0,-1.7190369153170013,0
3.73,0,1.73,0,4.602071870478091e-16,-1.5082547277314909e-14,0,-0,-1.7440369153178057,0
3.7349999999999999,0,1.7349999999999999,0,-1.7752978682441357e-16,-1.3173636713870756e-14,0,-0,-1.7440369153178057,0
3.7400000000000002,0,1.7400000000000002,0,-8.1205265455543622e-16,-1.1264726150426436e-14,0,0,-1.7440369153178057,0
3.7450000000000001,0,1.7450000000000001,0,-1.4433614161451464e-15,-9.355815586982285e-15,0,0,-1.7440369153178057,0
3.75,0,1.75,0,-2.0714560715936007e-15,-7.4469050235381337e-15,0,0,-1.7440369153178057,0
3.7549999999999999,0,1.7549999999999999,0,-2.7116683693450751e-15,-4.7520700013085947e-15,0,0,-1.7690369153175995,0
3.7599999999999998,0,1.7599999999999998,0,-3.3558139974778694e-15,-2.0572349790790558e-15,0,0,-1.7690369153175995,0
3.7650000000000001,0,1.7650000000000001,0,-4.0038929559920422e-15,6.3760004315072065e-16,0,0,-1.7690369153175995,0
3.77,0,1.77,0,-4.6559052448874789e-15,3.3324350653802596e-15,0,0,-1.7690369153175995,0
3.7749999999999999,0,1.7749999999999999,0,-5.3118508641642338e-15,6.0272700876097986e-15,0,0,-1.7690369153175995,0
3.7799999999999998,0,1.7799999999999998,0,-5.8728660580063073e-15,8.9909341990069728e-15,-0,0,-1.7940369153181304,0
3.7850000000000001,0,1.7850000000000001,0,-6.2663913503685276e-15,1.1954598310404433e-14,-0,0,-1.7940369153181304,0
3.79,0,1.79,0,-6.4924267412508236e-15,1.491826242180163e-14,-0,-0,-1.7940369153181304,0
3.7949999999999999,0,1.7949999999999999,0,-6.5509722306532396e-15,1.7881926533198828e-14,-0,-0,-1.7940369153181304,0
3.7999999999999998,0,1.7999999999999998,0,-6.442027818575773e-15,2.0845590644596026e-14,-0,-0,-1.7940369153181304,0
3.8050000000000002,0,1.8050000000000002,0,-6.1188540579031538e-15,2.2591608691440662e-14,0,-0,-1.8190369153184891,0
3.8100000000000001,0,1.8100000000000001,0,-5.6117583168328321e-15,2.4337626738285037e-14,0,-0,-1.8190369153184891,0
3.8149999999999999,0,1.8149999999999999,0,-4.9207405953647948e-15,2.6083644785129411e-14,0,-0,-1.8190369153184891,0
3.8199999999999998,0,1.8199999999999998,0,-4.0458008934990393e-15,2.7829662831973783e-14,0,-0,-1.8190369153184891,0
3.8250000000000002,0,1.8250000000000002,0,-2.9869392112354644e-15,2.9575680878818312e-14,0,-0,-1.8190369153184891,0
3.8300000000000001,0,1.8300000000000001,0,-1.8712666148218775e-15,2.9480816924329271e-14,-0,-0,-1.8440369153179166,0
3.835,0,1.835,0,-8.7230283511290126e-16,2.938595296984023e-14,-0,-0,-1.8440369153179166,0
3.8399999999999999,0,1.8399999999999999,0,9.9521278914630591e-18,2.9291089015351189e-14,-0,0,-1.8440369153179166,0
3.8450000000000002,0,1.8450000000000002,0,7.7549827419127961e-16,2.9196225060862142e-14,-0,0,-1.8440369153179166,0
3.8500000000000001,0,1.8500000000000001,0,1.4243356037864114e-15,2.9101361106373101e-14,-0,0,-1.8440369153179166,0
3.855,0,1.855,0,1.9724222153295591e-15,3.0377442889291524e-14,-0,0,-1.8690369153176376,0
3.8599999999999999,0,1.8599999999999999,0,2.4410268474148357e-15,3.1653524672209947e-14,-0,0,-1.8690369153176376,0
3.8650000000000002,0,1.8650000000000002,0,2.8301495000422709e-15,3.2929606455128484e-14,-0,0,-1.8690369153176376,0
3.8700000000000001,0,1.8700000000000001,0,3.1397901732117963e-15,3.4205688238046907e-14,-0,0,-1.8690369153176376,0
3.875,0,1.875,0,3.3699488669234496e-15,3.548177002096533e-14,-0,-0,-1.8690369153176376,0
3.8799999999999999,0,1.8799999999999999,0,3.5414967328774627e-15,3.4286318599390165e-14,0,-0,-1.8940369153184793,0
3.8849999999999998,0,1.8849999999999998,0,3.6891312274983113e-15,3.3090867177814993e-14,0,-0,-1.8940369153184793,0
3.8900000000000001,0,1.8900000000000001,0,3.812852350786006e-15,3.1895415756239721e-14,0,-0,-1.8940369153184793,0
3.895,0,1.895,0,3.9126601027405264e-15,3.069996433466455e-14,0,-0,-1.8940369153184793,0
3.8999999999999999,0,1.8999999999999999,0,3.9885544833618819e-15,2.9504512913089379e-14,0,-0,-1.8940369153184793,0
3.9049999999999998,0,1.9049999999999998,0,3.9550042507660595e-15,2.9511690115239878e-14,0,0,-1.919036915317706,0
3.9100000000000001,0,1.9100000000000001,0,3.7714237065998906e-15,2.9518867317390479e-14,0,0,-1.919036915317706,0
3.915,0,1.915,0,3.437812850863411e-15,2.9526044519541085e-14,0,0,-1.919036915317706,0
3.9199999999999999,0,1.9199999999999999,0,2.9541716835566107e-15,2.9533221721691692e-14,0,0,-1.919036915317706,0
3.9249999999999998,0,1.9249999999999998,0,2.3205002046794895e-15,2.9540398923842299e-14,0,0,-1.919036915317706,0
3.9300000000000002,0,1.9300000000000002,0,1.6397358749701117e-15,2.8550129349472333e-14,-0,0,-1.9440369153185941,0
3.9350000000000001,0,1.9350000000000001,0,9.9239129632898934e-16,2.7559859775102368e-14,-0,0,-1.9440369153185941,0
3.9399999999999999,0,1.9399999999999999,0,3.7846646875606019e-16,2.6569590200732399e-14,-0,-0,-1.9440369153185941,0
3.9449999999999998,0,1.9449999999999998,0,-2.020386077486767e-16,2.5579320626362437e-14,-0,-0,-1.9440369153185941,0
3.9500000000000002,0,1.9500000000000002,0,-7.4912393318526761e-16,2.458905105199238e-14,-0,-0,-1.9440369153185941,0
3.9550000000000001,0,1.9550000000000001,0,-1.2087311896157642e-15,2.0844365996007249e-14,0,-0,-1.9690369153196381,0
3.96,0,1.96,0,-1.5487081456395901e-15,1.7099680940022118e-14,0,-0,-1.9690369153196381,0
3.9649999999999999,0,1.9649999999999999,0,-1.7690548012567455e-15,1.3354995884036986e-14,0,-0,-1.9690369153196381,0
3.9700000000000002,0,1.9700000000000002,0,-1.8697711564672345e-15,9.6103108280515187e-15,0,-0,-1.9690369153196381,0
3.9750000000000001,0,1.9750000000000001,0,-1.8508572112710383e-15,5.8656257720663878e-15,0,-0,-1.9690369153196381,0
3.98,0,1.98,0,-1.7036611290770644e-15,4.6925006176531312e-15,0,-0,-1.9940369153189053,0
3.9849999999999999,0,1.9849999999999999,0,-1.4449773668529792e-15,3.5193754632398743e-15,0,-0,-1.9940369153189053,0
3.9900000000000002,0,1.9900000000000002,0,-1.0748059245987453e-15,2.3462503088265135e-15,0,-0,-1.9940369153189053,0
3.9950000000000001,0,1.9950000000000001,0,-5.9314680231442813e-16,1.1731251544132566e-15,0,-0,-1.9940369153189053,0
4,0,2,0,0,0,0,0,-1.9940369153189053,0
