distance,x,y,porosity,stokes_velocity_x,stokes_velocity_y,darcy_segregation_flux_x,darcy_segregation_flux_y,stokes_pressure_assembled,darcy_pressure_assembled
0,0,-2,0.038033208703836897,0,0,2.1509859420238595e-05,0,1.9187136665999294,0.35225261380844902
0.0050000000000000001,0,-1.9950000000000001,0.037946159181571099,-6.0264585643509495e-05,-2.5720861203435657e-05,2.0694433712964664e-05,2.322264352434889e-05,1.9074185532942158,0.35156941578476125
0.01,0,-1.99,0.037946159181571099,-0.00011400877512136242,-4.9905486077350927e-05,1.9896922084421751e-05,4.6195833451113077e-05,1.9074185532942158,0.35156941578476125
0.014999999999999999,0,-1.9850000000000001,0.037946159181571099,-0.00016135100254269656,-7.2573888486781433e-05,1.9116885116231866e-05,6.8920943904823116e-05,1.9074185532942158,0.35156941578476125
0.02,0,-1.98,0.037946159181571099,-0.00020240684773723184,-9.3745600293808508e-05,1.8353896881716395e-05,9.1399337160143538e-05,1.9074185532942158,0.35156941578476125
0.025000000000000001,0,-1.9750000000000001,0.037946159181571099,-0.00023728912172615309,-0.00011343968579103012,1.7607544452073987e-05,0.00011363236397853203,1.9074185532942158,0.35156941578476125
0.029999999999999999,0,-1.97,0.037946159181571099,-0.00026610794914001665,-0.00013167475561948135,1.6877427423387365e-05,0.00013562136393328969,1.9074185532942158,0.35156941578476125
0.035000000000000003,0,-1.9650000000000001,0.037946159181571099,-0.00028897084771009509,-0.00014846898019233975,1.6163157463463751e-05,0.00015736766572343496,1.9074185532942158,0.35156941578476125
0.040000000000000001,0,-1.96,0.037946159181571099,-0.00030598280495373442,-0.00016384010264479122,1.5464357877569457e-05,0.00017887258747687718,1.9074185532942158,0.35156941578476125
0.044999999999999998,0,-1.9550000000000001,0.037946159181571099,-0.00031724635216856675,-0.00017780545132943385,1.4780663192166046e-05,0.00020013743704328253,1.9074185532942158,0.35156941578476125
0.050000000000000003,0,-1.95,0.037946159181571099,-0.00032286163584514848,-0.00019038195187573908,1.4111718755803015e-05,0.00022116351227706815,1.9074185532942158,0.35156941578476125
0.055,0,-1.9450000000000001,0.037946159181571099,-0.00032292648660247388,-0.0002015861388311926,1.3457180356368885e-05,0.00024195210131088015,1.9074185532942158,0.35156941578476125
0.059999999999999998,0,-1.9399999999999999,0.037946159181571099,-0.00031753648574605063,-0.0002114341669009656,1.2816713853938722e-05,0.0002625044828199561,1.9074185532942158,0.35156941578476125
0.065000000000000002,0,-1.9350000000000001,0.037946159181571099,-0.00030678502954363789,-0.00021994182180215885,1.2189994828502215e-05,0.00028282192627769533,1.9074185532942158,0.35156941578476125
0.070000000000000007,0,-1.9299999999999999,0.037946159181571099,-0.00029076339130943937,-0.00022712453074796889,1.1576708241887286e-05,0.0003029056922028042,1.9074185532942158,0.35156941578476125
0.074999999999999997,0,-1.925,0.037946159181571099,-0.00026956078138343909,-0.00023299737257639896,1.0976548113232805e-05,0.00032275703239830991,1.9074185532942158,0.35156941578476125
0.080000000000000002,0,-1.9199999999999999,0.037946159181571099,-0.00024326440508865628,-0.00023757508753750802,1.0389217207396039e-05,0.00034237719018278135,1.9074185532942158,0.35156941578476125
0.085000000000000006,0,-1.915,0.037946159181571099,-0.00021195951874542515,-0.00024087208675254297,9.8144267357108966e-06,0.00036176740061402371,1.9074185532942158,0.35156941578476125
0.089999999999999997,0,-1.9099999999999999,0.037946159181571099,-0.0001757294838182447,-0.00024290246135772405,9.2518960685432166e-06,0.0003809288907055577,1.9074185532942158,0.35156941578476125
0.095000000000000001,0,-1.905,0.037946159181571099,-0.00013465581926746438,-0.00024367999134487507,8.701352459116787e-06,0.00039986287963612735,1.9074185532942158,0.35156941578476125
0.10000000000000001,0,-1.8999999999999999,0.037946159181571099,-8.8818252174817028e-05,-0.00024321815411056314,8.1625307781093687e-06,0.00041857057895252232,1.9074185532942158,0.35156941578476125
0.105,0,-1.895,0.034309355083160686,-3.3392508422392154e-05,-0.00025204258510787828,-8.7654874363205619e-07,0.00043584740717556345,1.8265496652669189,0.32902881650324478
0.11,0,-1.8899999999999999,0.034309355083160686,4.5259632847906818e-05,-0.00031311216979426312,-1.1628495109074428e-06,0.0004453663155987097,1.8265496652669189,0.32902881650324478
0.115,0,-1.885,0.034309355083160686,0.00011519473257255878,-0.00036814905769172343,-1.4458462362261849e-06,0.00045475829826532226,1.8265496652669189,0.32902881650324478
0.12,0,-1.8799999999999999,0.034309355083160686,0.00017614832180800136,-0.0004170475102650876,-1.7255457555063562e-06,0.00046402398575264399,1.8265496652669189,0.32902881650324478
0.125,0,-1.875,0.034309355083160686,0.00022784505146247982,-0.00045969743356933903,-2.0019546059764469e-06,0.00047316400801408022,1.8265496652669189,0.32902881650324478
0.13,0,-1.8700000000000001,0.034309355083160686,0.00026999812698189351,-0.00049598415195033381,-2.2750790079364362e-06,0.00048217899438313859,1.8265496652669189,0.32902881650324478
0.13500000000000001,0,-1.865,0.034309355083160686,0.00030230870741815925,-0.00052578816748757818,-2.5449248451910091e-06,0.00049106957357756382,1.8265496652669189,0.32902881650324478
0.14000000000000001,0,-1.8599999999999999,0.034309355083160686,0.00032446526623427011,-0.00054898490411993156,-2.8114976440466821e-06,0.00049983637370369118,1.8265496652669189,0.32902881650324478
0.14499999999999999,0,-1.855,0.034309355083160686,0.00033614291097314858,-0.00056544443530419809,-3.0748025507447956e-06,0.00050848002226102479,1.8265496652669189,0.32902881650324478
0.14999999999999999,0,-1.8500000000000001,0.034309355083160686,0.00033700265866819007,-0.00057503119395679945,-3.3348443072016816e-06,0.00051700114614705887,1.8265496652669189,0.32902881650324478
0.155,0,-1.845,0.034309355083160686,0.00032669066359963523,-0.00057760366331913984,-3.5916272249029157e-06,0.00052540037166235105,1.8265496652669189,0.32902881650324478
0.16,0,-1.8400000000000001,0.034173505533712005,0.00030421415586159335,-0.00057605370740280353,-2.7488448290539108e-06,0.0005357010868135831,1.8153786396098119,0.3280860864888494
0.16500000000000001,0,-1.835,0.034173505533712005,0.00026853002210652045,-0.00057811242828628153,-2.9315500678298266e-06,0.00054305359984173438,1.8153786396098119,0.3280860864888494
0.17000000000000001,0,-1.8300000000000001,0.034173505533712005,0.00022270211115500899,-0.00057262855021407476,-3.0951487993527036e-06,0.00055030486135364525,1.8153786396098119,0.3280860864888494
0.17499999999999999,0,-1.825,0.034173505533712005,0.00016705399524284068,-0.00055973834932950331,-3.2406460815990959e-06,0.00055745495222050078,1.8153786396098119,0.3280860864888494
0.17999999999999999,0,-1.8200000000000001,0.034173505533712005,0.00010189557370577675,-0.00053957234310847088,-3.3689922167829062e-06,0.00056450397324217744,1.8153786396098119,0.3280860864888494
0.185,0,-1.8149999999999999,0.034173505533712005,2.7523787634046953e-05,-0.00051225559135322331,-3.4810862163591974e-06,0.00057145204420266992,1.8153786396098119,0.3280860864888494
0.19,0,-1.8100000000000001,0.034173505533712005,-5.57767098336254e-05,-0.000477907978502635,-3.5777790139013153e-06,0.0005782993029755097,1.8153786396098119,0.3280860864888494
0.19500000000000001,0,-1.8049999999999999,0.030634909827025648,-0.00013745538223196044,-0.00044126741524464825,-1.1594171780792305e-06,0.00058446230079851858,1.725835063740478,0.30128996112959056
0.20000000000000001,0,-1.8,0.030634909827025648,-0.00012084448878616617,-0.00044746138489799555,-9.4740058971478955e-07,0.00058549400773490038,1.725835063740478,0.30128996112959056
0.20499999999999999,0,-1.7949999999999999,0.030634909827025648,-0.00010423169550289011,-0.00045365294018434875,-7.377519648283712e-07,0.00058648224561514437,1.725835063740478,0.30128996112959056
0.20999999999999999,0,-1.79,0.030634909827025648,-8.7617002994642496e-05,-0.00045984208180115577,-5.3046060466511046e-07,0.00058742729894925095,1.725835063740478,0.30128996112959056
0.215,0,-1.7849999999999999,0.030634909827025648,-7.1000411873656577e-05,-0.00046602881044555393,-3.2551581758333839e-07,0.00058832945173220173,1.725835063740478,0.30128996112959056
0.22,0,-1.78,0.030634909827025648,-5.4381922751894859e-05,-0.00047221312681436709,-1.2290691904926304e-07,0.00058918898744424663,1.725835063740478,0.30128996112959056
0.22500000000000001,0,-1.7749999999999999,0.030634909827025648,-3.7761536241043133e-05,-0.00047839503160410849,7.7376768367839434e-08,0.00059000618905119583,1.725835063740478,0.30128996112959056
0.23000000000000001,0,-1.77,0.030634909827025648,-2.1139252952516621e-05,-0.00048457452551097809,2.7534591500115857e-07,0.00059078133900470535,1.725835063740478,0.30128996112959056
0.23499999999999999,0,-1.7650000000000001,0.030634909827025648,-4.5150734974551456e-06,-0.00049075160923086551,4.7101118409160724e-07,0.00059151471924256656,1.725835063740478,0.30128996112959056
0.23999999999999999,0,-1.76,0.030634909827025648,1.2111001513274882e-05,-0.00049692628345934884,6.643832317931806e-07,0.00059220661118899445,1.725835063740478,0.30128996112959056
0.245,0,-1.7549999999999999,0.030634909827025648,2.8738971469078465e-05,-0.00050309854889169468,8.5547270717780142e-07,0.00059285729575491472,1.725835063740478,0.30128996112959056
0.25,0,-1.75,0.030634909827025648,4.5368835759633581e-05,-0.00050926840622285841,1.0442902522410547e-06,0.00059346705333825187,1.725835063740478,0.30128996112959056
0.255,0,-1.7450000000000001,0.030634909827025648,6.2000593774892335e-05,-0.0005154358561474849,1.2308465019071394e-06,0.00059403616382421704,1.725835063740478,0.30128996112959056
0.26000000000000001,0,-1.74,0.030634909827025648,7.8634244905079526e-05,-0.00052160089935990859,1.4151520840341092e-06,0.00059456490658559491,1.725835063740478,0.30128996112959056
0.26500000000000001,0,-1.7349999999999999,0.030634909827025648,9.5269788540690886e-05,-0.0005277635365541531,1.5972176194192783e-06,0.00059505356048303109,1.725835063740478,0.30128996112959056
0.27000000000000002,0,-1.73,0.030634909827025648,0.00011190722407249434,-0.00053392376842393066,1.7770537218038832e-06,0.00059550240386531807,1.725835063740478,0.30128996112959056
0.27500000000000002,0,-1.7250000000000001,0.030634909827025648,0.0001285465508915315,-0.0005400815956626456,1.9546709978793052e-06,0.00059591171456968366,1.725835063740478,0.30128996112959056
0.28000000000000003,0,-1.72,0.030634909827025648,0.00014518776838911592,-0.00054623701896339052,2.130080047291336e-06,0.0005962817699220759,1.725835063740478,0.30128996112959056
0.28499999999999998,0,-1.7150000000000001,0.030634909827025648,0.00016183087595683085,-0.0005523900390189486,2.3032914626459141e-06,0.00059661284673745093,1.725835063740478,0.30128996112959056
0.28999999999999998,0,-1.71,0.030634909827025648,0.00017847587298653412,-0.00055854065652179402,2.4743158295138448e-06,0.00059690522132005712,1.725835063740478,0.30128996112959056
0.29499999999999998,0,-1.7050000000000001,0.030634909827025648,0.00019512275887035205,-0.00056468887216409044,2.6431637264370765e-06,0.0005971591694637231,1.725835063740478,0.30128996112959056
0.29999999999999999,0,-1.7,0.030634909827025648,0.00021177153300068531,-0.00057083468663769298,2.8098457249323326e-06,0.00059737496645214251,1.725835063740478,0.30128996112959056
0.30499999999999999,0,-1.6950000000000001,0.030634909827025648,0.00022842219477020307,-0.00057697810063414719,2.9743723894976483e-06,0.00059755288705915963,1.725835063740478,0.30128996112959056
0.31,0,-1.6899999999999999,0.027105414442718235,0.0001634329697064415,-0.00059281604721336096,5.6282010156527809e-06,0.00059478016175182325,1.6291372370758377,0.27128638083625667
0.315,0,-1.6850000000000001,0.027105414442718235,9.8691135794002461e-05,-0.00060666614993666709,5.5967736169821698e-06,0.00059174108367429732,1.6291372370758377,0.27128638083625667
0.32000000000000001,0,-1.6799999999999999,0.027105414442718235,3.9943056730285014e-05,-0.00061776242690323336,5.561876934060737e-06,0.00058870699360197753,1.6291372370758377,0.27128638083625667
0.32500000000000001,0,-1.675,0.027105414442718235,-1.2687281664473826e-05,-0.00062606881343360945,5.5234795906808235e-06,0.00058567799257519624,1.6291372370758377,0.27128638083625667
0.33000000000000002,0,-1.6699999999999999,0.027105414442718235,-5.9072485977529269e-05,-0.00063154824282572091,5.4815488448836651e-06,0.00058265418179966977,1.6291372370758377,0.27128638083625667
0.33500000000000002,0,-1.665,0.027105414442718235,-9.9081637303648923e-05,-0.00063416261169277832,5.4360505346858839e-06,0.00057963566266653048,1.6291372370758377,0.27128638083625667
0.34000000000000002,0,-1.6599999999999999,0.027105414442718235,-0.00013258016841598459,-0.00063387274385202463,5.3869490212285929e-06,0.00057662253677313662,1.6291372370758377,0.27128638083625667
0.34499999999999997,0,-1.655,0.027105414442718235,-0.00015942973576561575,-0.00063063835269313651,5.3342071292083638e-06,0.00057361490594470311,1.6291372370758377,0.27128638083625667
0.34999999999999998,0,-1.6499999999999999,0.027105414442718235,-0.00017948808605402111,-0.00062441800195107522,5.277786084438905e-06,0.00057061287225678521,1.6291372370758377,0.27128638083625667
0.35499999999999998,0,-1.645,0.027105414442718235,-0.00019260891710806425,-0.00061516906480390155,5.2176454483823027e-06,0.00056761653805865943,1.6291372370758377,0.27128638083625667
0.35999999999999999,0,-1.6400000000000001,0.027105414442718235,-0.00019864173277166461,-0.0006028476812115094,5.1537430494823235e-06,0.00056462600599764068,1.6291372370758377,0.27128638083625667
0.36499999999999999,0,-1.635,0.027105414442718235,-0.00019743169151174408,-0.00058740871340637834,5.0860349111147732e-06,0.00056164137904438397,1.6291372370758377,0.27128638083625667
0.37,0,-1.6299999999999999,0.027016053227001239,-0.00018443653321144327,-0.00057258970325902889,4.5966282901989918e-06,0.0005596018096502936,1.6202707508652394,0.27038254088277031
0.375,0,-1.625,0.027016053227001239,-0.00016380059638036303,-0.00055516320942341829,4.4844539629731863e-06,0.00055632468434188142,1.6202707508652394,0.27038254088277031
0.38,0,-1.6200000000000001,0.027016053227001239,-0.00013571646138416446,-0.000535137423261238,4.3751775144335288e-06,0.00055305419422284894,1.6202707508652394,0.27038254088277031
0.38500000000000001,0,-1.615,0.027016053227001239,-0.00010034014144671478,-0.00051254613794287523,4.2687118222871706e-06,0.00054979042693366765,1.6202707508652394,0.27038254088277031
0.39000000000000001,0,-1.6099999999999999,0.027016053227001239,-5.7823301194890675e-05,-0.00048742221194792622,4.1649728973158291e-06,0.00054653346776558634,1.6202707508652394,0.27038254088277031
0.39500000000000002,0,-1.605,0.027016053227001239,-8.3134071314479936e-06,-0.00045979760140479794,4.063879750793225e-06,0.00054328339973842106,1.6202707508652394,0.27038254088277031
0.40000000000000002,0,-1.6000000000000001,0.027016053227001239,4.8046128097284564e-05,-0.00042970339109669488,3.9653542683601549e-06,0.00054004030367528586,1.6202707508652394,0.27038254088277031
0.40500000000000003,0,-1.595,0.027016053227001239,0.00011111580734237341,-0.00039716982419772223,3.8693210900010296e-06,0.00053680425827440132,1.6202707508652394,0.27038254088277031
0.40999999999999998,0,-1.5900000000000001,0.027016053227001239,0.00018075991622149755,-0.0003622263307993701,3.7757074957889967e-06,0.00053357534017811116,1.6202707508652394,0.27038254088277031
0.41499999999999998,0,-1.585,0.024014544861667049,0.00023231163057343461,-0.00033348034806338181,8.0986546536813391e-07,0.00053035934804019204,1.533016659536997,0.24285240629728175
0.41999999999999998,0,-1.5800000000000001,0.024014544861667049,0.00020566819355996517,-0.00033245921601162705,7.0237271322096967e-07,0.00052631124842314003,1.533016659536997,0.24285240629728175
0.42499999999999999,0,-1.575,0.024014544861667049,0.00018145899567423112,-0.00033129505429397622,5.9645319049682628e-07,0.00052227985151525084,1.533016659536997,0.24285240629728175
0.42999999999999999,0,-1.5700000000000001,0.024014544861667049,0.0001596748420030916,-0.00032998848497849521,4.9209440562536479e-07,0.00051826517434743608,1.533016659536997,0.24285240629728175
0.435,0,-1.5649999999999999,0.024014544861667049,0.00014030658395915697,-0.00032854012701169185,3.8928394119694729e-07,0.00051426723341614557,1.533016659536997,0.24285240629728175
0.44,0,-1.5600000000000001,0.024014544861667049,0.00012334511898943001,-0.00032695059623815152,2.8800945336228787e-07,0.00051028604468593213,1.533016659536997,0.24285240629728175
0.44500000000000001,0,-1.5549999999999999,0.024014544861667049,0.00010878139028612898,-0.00032522050542002471,1.8825867123805608e-07,0.00050632162359199727,1.533016659536997,0.24285240629728175
0.45000000000000001,0,-1.55,0.024014544861667049,9.6606386499700452e-05,-0.00032335046425636759,9.001939631783625e-08,0.00050237398504271718,1.533016659536997,0.24285240629728175
0.45500000000000002,0,-1.5449999999999999,0.024014544861667049,8.6811141453979057e-05,-0.00032134107940233735,-6.7204981121721314e-09,0.0004984431434221484,1.533016659536997,0.24285240629728175
0.46000000000000002,0,-1.54,0.024014544861667049,7.938673386349565e-05,-0.00031919295448824364,-1.0197306755094727e-07,0.00049452911259251675,1.533016659536997,0.24285240629728175
0.46500000000000002,0,-1.5349999999999999,0.024014544861667049,7.4324287052897879e-05,-0.00031690669013845647,-1.9575029685631889e-07,0.00049063190589668541,1.533016659536997,0.24285240629728175
0.46999999999999997,0,-1.53,0.024014544861667049,7.1614968678478585e-05,-0.00031448288399017358,-2.8806410081247358e-07,0.00048675153616060544,1.533016659536997,0.24285240629728175
0.47499999999999998,0,-1.5249999999999999,0.024014544861667049,7.1249990451783613e-05,-0.00031192213071204558,-3.7892632469303137e-07,0.00048288801569574663,1.533016659536997,0.24285240629728175
0.47999999999999998,0,-1.52,0.024014544861667049,7.3220607865286962e-05,-0.00030922502202266401,-4.6834874481821194e-07,0.00047904135630151204,1.533016659536997,0.24285240629728175
0.48499999999999999,0,-1.5150000000000001,0.024014544861667049,7.7518119920112684e-05,-0.00030639214670890989,-5.5634306910800319e-07,0.0004752115692676312,1.533016659536997,0.24285240629728175
0.48999999999999999,0,-1.51,0.021199842786706401,7.1460502334906998e-05,-0.00030407797490203744,6.5413104842492666e-07,0.00047094506793760591,1.4395119379488797,0.21598860158759298
0.495,0,-1.5049999999999999,0.021199842786706401,4.9275623866569602e-05,-0.00030256467080391769,5.4850852756987957e-07,0.00046588830853897651,1.4395119379488797,0.21598860158759298
0.5,0,-1.5,0.021199842786706401,2.8233716678715155e-05,-0.00030095470361242785,4.4458052415609761e-07,0.00046086517061892933,1.4395119379488797,0.21598860158759298
0.505,0,-1.4950000000000001,0.021199842786706401,8.3305866260486374e-06,-0.00029924825963895384,3.4233198152973298e-07,0.00045587558337392941,1.4395119379488797,0.21598860158759298
0.51000000000000001,0,-1.49,0.021199842786706401,-1.0437939989830753e-05,-0.00029744552426165451,2.4174794141117642e-07,0.00045091947540825691,1.4395119379488797,0.21598860158759298
0.51500000000000001,0,-1.4849999999999999,0.021199842786706401,-2.8076016544886202e-05,-0.00029554668193113742,1.4281354312642439e-07,0.00044599677473744156,1.4395119379488797,0.21598860158759298
0.52000000000000002,0,-1.48,0.021199842786706401,-4.4587776216195505e-05,-0.00029355191617609264,4.5514022845721985e-08,0.00044110740879167216,1.4395119379488797,0.21598860158759298
0.52500000000000002,0,-1.4750000000000001,0.021199842786706401,-5.9977332104602443e-05,-0.00029146140960888671,-5.0165287171320436e-08,0.00043625130441917988,1.4395119379488797,0.21598860158759298
0.53000000000000003,0,-1.47,0.021199842786706401,-7.4248777356472349e-05,-0.00028927534393111468,-1.4423895932424594e-07,0.00043142838788960024,1.4395119379488797,0.21598860158759298
0.53500000000000003,0,-1.4649999999999999,0.021199842786706401,-8.7406185284563459e-05,-0.00028699389993911355,-2.3672147141309845e-07,0.00042663858489730698,1.4395119379488797,0.21598860158759298
0.54000000000000004,0,-1.46,0.021199842786706401,-9.94536094880232e-05,-0.0002846172575294333,-3.2762720737296201e-07,0.00042188182056472444,1.4395119379488797,0.21598860158759298
0.54500000000000004,0,-1.4550000000000001,0.021199842786706401,-0.00011039508397151394,-0.00028214559570427007,-4.1697045800351479e-07,0.00041715801944561417,1.4395119379488797,0.21598860158759298
0.55000000000000004,0,-1.45,0.021199842786706401,-0.00012023462326347336,-0.0002795790925768595,-5.0476542168989304e-07,0.00041246710552833831,1.4395119379488797,0.21598860158759298
0.55500000000000005,0,-1.4449999999999998,0.021199842786706401,-0.00012897622253352039,-0.00027691792537683061,-5.9102620511932081e-07,0.00040780900223910037,1.4395119379488797,0.21598860158759298
0.56000000000000005,0,-1.4399999999999999,0.021199842786706401,-0.00013662385770901459,-0.00027416227045552185,-6.7576682398962511e-07,0.00040318363244516069,1.4395119379488797,0.21598860158759298
0.56499999999999995,0,-1.4350000000000001,0.021199842786706401,-0.00014318148559077339,-0.00027131230329125778,-7.5900120371313396e-07,0.00039859091845803011,1.4395119379488797,0.21598860158759298
0.56999999999999995,0,-1.4300000000000002,0.021199842786706401,-0.00014865304396795428,-0.00026836819849458839,-8.4074318011306438e-07,0.00039403078203664022,1.4395119379488797,0.21598860158759298
0.57499999999999996,0,-1.425,0.021199842786706401,-0.00015304245173211107,-0.00026533012981349067,-9.2100650011460199e-07,0.0003895031443904901,1.4395119379488797,0.21598860158759298
0.57999999999999996,0,-1.4199999999999999,0.021199842786706401,-0.00015635360899042935,-0.00026219827013853247,-9.9980482242947732e-07,0.00038500792618277217,1.4395119379488797,0.21598860158759298
0.58499999999999996,0,-1.415,0.021199842786706401,-0.00015859039717814943,-0.00025897279150799982,-1.0771517182348376e-06,0.00038054504753347416,1.4395119379488797,0.21598860158759298
0.58999999999999997,0,-1.4100000000000001,0.021199842786706401,-0.00015975667917018287,-0.00025565386511298656,-1.1530606718460417e-06,0.0003761144280224579,1.4395119379488797,0.21598860158759298
0.59499999999999997,0,-1.405,0.018402821070635008,-9.528878254695638e-05,-0.00028398386950632493,-3.3980259632970013e-06,0.00037150042329419221,1.3471082781169186,0.18846994574566595
0.59999999999999998,0,-1.3999999999999999,0.018402821070635008,-2.5243691782484665e-05,-0.00031492028174824089,-3.3957878829393371e-06,0.00036700339987170744,1.3471082781169186,0.18846994574566595
0.60499999999999998,0,-1.395,0.018402821070635008,3.7500477421974204e-05,-0.00034220508146601367,-3.3914746288521375e-06,0.00036254172463678566,1.3471082781169186,0.18846994574566595
0.60999999999999999,0,-1.3900000000000001,0.018402821070635008,9.2769021166947324e-05,-0.00036578705449110413,-3.3850681845833509e-06,0.0003581153104048469,1.3471082781169186,0.18846994574566595
0.61499999999999999,0,-1.385,0.018402821070635008,0.0001403815619926992,-0.00038561332363950103,-3.3765495514822608e-06,0.00035372406997071897,1.3471082781169186,0.18846994574566595
0.62,0,-1.3799999999999999,0.018402821070635008,0.00018015181668054546,-0.00040162928065040062,-3.3658987022852066e-06,0.00034936791612220355,1.3471082781169186,0.18846994574566595
0.625,0,-1.375,0.018402821070635008,0.00021188735255638224,-0.0004137785147546939,-3.3530945320931366e-06,0.00034504676165425931,1.3471082781169186,0.18846994574566595
0.63,0,-1.3700000000000001,0.018402821070635008,0.00023538933162666387,-0.00042200273767694095,-3.3381148065695293e-06,0.00034076051938383342,1.3471082781169186,0.18846994574566595
0.63500000000000001,0,-1.365,0.018402821070635008,0.000250452241832111,-0.00042624170486133521,-3.3209361071775852e-06,0.00033650910216537639,1.3471082781169186,0.18846994574566595
0.64000000000000001,0,-1.3599999999999999,0.018402821070635008,0.00025686361465606007,-0.00042643313269798589,-3.301533773259096e-06,0.00033229242290707918,1.3471082781169186,0.18846994574566595
0.64500000000000002,0,-1.355,0.018402821070635008,0.00025440372827225115,-0.00042251261151056809,-3.2798818407436669e-06,0.00032811039458786591,1.3471082781169186,0.18846994574566595
0.65000000000000002,0,-1.3500000000000001,0.018402821070635008,0.00024284529536070705,-0.0004144135140499321,-3.2559529772609804e-06,0.00032396293027518925,1.3471082781169186,0.18846994574566595
0.65500000000000003,0,-1.345,0.018402821070635008,0.00022195313465983861,-0.00040206689922053118,-3.229718413410974e-06,0.00031984994314366926,1.3471082781169186,0.18846994574566595
0.66000000000000003,0,-1.3399999999999999,0.018318255660612359,0.00018978074139360738,-0.00038980815763750619,-2.9484603726011605e-06,0.00031608105650497221,1.3356765104741297,0.18751309513069536
0.66500000000000004,0,-1.335,0.018318255660612359,0.00014953641866479402,-0.00037412254533499483,-2.8843407946080469e-06,0.00031170541124425253,1.3356765104741297,0.18751309513069536
0.67000000000000004,0,-1.3300000000000001,0.018318255660612359,0.00010181779311436916,-0.00035438179956755064,-2.8204378822152392e-06,0.00030736775919227763,1.3356765104741297,0.18751309513069536
0.67500000000000004,0,-1.325,0.018318255660612359,4.6815771797600905e-05,-0.00033064449088634535,-2.7567754590862335e-06,0.00030306794319241481,1.3356765104741297,0.18751309513069536
0.68000000000000005,0,-1.3199999999999998,0.018318255660612359,-1.5285106928435809e-05,-0.00030296722793973584,-2.6933761082757114e-06,0.00029880580653327763,1.3356765104741297,0.18751309513069536
0.68500000000000005,0,-1.3149999999999999,0.018318255660612359,-8.430641000800826e-05,-0.00027140473861192183,-2.6302612348771096e-06,0.00029458119292227058,1.3356765104741297,0.18751309513069536
0.68999999999999995,0,-1.3100000000000001,0.018318255660612359,-0.00016007555925492603,-0.00023600994716775522,-2.5674511250286666e-06,0.00029039394646033259,1.3356765104741297,0.18751309513069536
0.69499999999999995,0,-1.3050000000000002,0.015709462783518244,-0.00018882908285031429,-0.00022163142028303225,-7.2701244351235934e-07,0.00028620225517623745,1.2420574698205491,0.1613853851300488
0.69999999999999996,0,-1.3,0.015709462783518244,-0.00018141715734876451,-0.00022338294030867852,-6.0875172425989449e-07,0.00028213417408439053,1.2420574698205491,0.1613853851300488
0.70499999999999996,0,-1.2949999999999999,0.015709462783518244,-0.00017287678781552747,-0.00022508963736258308,-4.9190892001827618e-07,0.00027810055038307932,1.2420574698205491,0.1613853851300488
0.70999999999999996,0,-1.29,0.015709462783518244,-0.00016320439015080423,-0.00022675145597646546,-3.7648034800484369e-07,0.00027410127371779112,1.2420574698205491,0.1613853851300488
0.71499999999999997,0,-1.2850000000000001,0.015709462783518244,-0.00015239636506222715,-0.00022836834045861332,-2.6246230168849079e-07,0.00027013623345528373,1.2420574698205491,0.1613853851300488
0.71999999999999997,0,-1.28,0.015709462783518244,-0.00014044909798427557,-0.00022994023489269913,-1.4985105060843298e-07,0.00026620531868226015,1.2420574698205491,0.1613853851300488
0.72499999999999998,0,-1.2749999999999999,0.015709462783518244,-0.00012735895899717987,-0.00023146708313658964,-3.8642840190980008e-08,0.00026230841820403515,1.2420574698205491,0.1613853851300488
0.72999999999999998,0,-1.27,0.015709462783518244,-0.0001131223027453047,-0.00023294882882114739,7.1166108434298526e-08,0.00025844542054319309,1.2420574698205491,0.1613853851300488
0.73499999999999999,0,-1.2650000000000001,0.015709462783518244,-9.7735468355011714e-05,-0.00023438541534902502,1.7957959862110157e-07,0.00025461621393823544,1.2420574698205491,0.1613853851300488
0.73999999999999999,0,-1.26,0.015709462783518244,-8.1194779351998961e-05,-0.00023577678589345162,2.8660145839336335e-07,0.00025082068634222298,1.2420574698205491,0.1613853851300488
0.745,0,-1.2549999999999999,0.015709462783518244,-6.3496543578112281e-05,-0.0002371228833970108,3.9223554063468644e-07,0.00024705872542140668,1.2420574698205491,0.1613853851300488
0.75,0,-1.25,0.015709462783518244,-4.4637053107620819e-05,-0.00023842365057041224,4.964857232785936e-07,0.00024333021855385144,1.2420574698205491,0.1613853851300488
0.755,0,-1.2450000000000001,0.015709462783518244,-2.4612584162955022e-05,-0.0002396790298912538,5.9935590950105892e-07,0.00023963505282804926,1.2420574698205491,0.1613853851300488
0.76000000000000001,0,-1.24,0.015709462783518244,-3.4193970299071328e-06,-0.00024088896360277724,7.008500279142552e-07,0.00023597311504152568,1.2420574698205491,0.1613853851300488
0.76500000000000001,0,-1.2349999999999999,0.015709462783518244,1.8946264027712841e-05,-0.0002420533937126144,8.0097203276186571e-07,0.00023234429169943609,1.2420574698205491,0.1613853851300488
0.77000000000000002,0,-1.23,0.015709462783518244,4.2488170853973707e-05,-0.00024317226199152629,8.9972590411650694e-07,0.00022874846901315316,1.2420574698205491,0.1613853851300488
0.77500000000000002,0,-1.2250000000000001,0.015709462783518244,6.7210111487273693e-05,-0.00024424550997213421,9.9711564807827703e-07,0.00022518553289884501,1.2420574698205491,0.1613853851300488
0.78000000000000003,0,-1.22,0.015709462783518244,9.3115890247344164e-05,-0.00024527307894764221,1.0931452969750823e-06,0.00022165536897604483,1.2420574698205491,0.1613853851300488
0.78500000000000003,0,-1.2149999999999999,0.015709462783518244,0.00012020932782281421,-0.00024625490997055052,1.1878189095650851e-06,0.00021815786256621105,1.2420574698205491,0.1613853851300488
0.79000000000000004,0,-1.21,0.015709462783518244,0.00014849426135934562,-0.00024719094385136306,1.281140571240284e-06,0.00021469289869127843,1.2420574698205491,0.1613853851300488
0.79500000000000004,0,-1.2050000000000001,0.015709462783518244,0.00017797454454833846,-0.00024808112115728417,1.3731143942323292e-06,0.00021126036207219889,1.2420574698205491,0.1613853851300488
0.80000000000000004,0,-1.2,0.013206123259550824,0.00016259695524805724,-0.00025158629828923688,2.0500581951802771e-06,0.00020786561047854467,1.1409865500625032,0.13602052119816749
0.80500000000000005,0,-1.1949999999999998,0.013206123259550824,0.00010905836644157021,-0.00025650654839302325,2.0540618295319569e-06,0.00020452515184840066,1.1409865500625032,0.13602052119816749
0.81000000000000005,0,-1.1899999999999999,0.013206123259550824,6.0270667976958479e-05,-0.00026009917591768083,2.0572900139607936e-06,0.0002012184858658008,1.1409865500625032,0.13602052119816749
0.81499999999999995,0,-1.1850000000000001,0.013206123259550824,1.6305556462430704e-05,-0.00026234942136539959,2.0597478003934884e-06,0.00019794546359697777,1.1409865500625032,0.13602052119816749
0.81999999999999995,0,-1.1800000000000002,0.013206123259550824,-2.2763825714169035e-05,-0.00026324222589517644,2.0614402186983734e-06,0.00019470593586526884,1.1409865500625032,0.13602052119816749
0.82499999999999996,0,-1.175,0.013206123259550824,-5.6862853755889002e-05,-0.00026276222373951968,2.0623722761690142e-06,0.00019149975325130769,1.1409865500625032,0.13602052119816749
0.82999999999999996,0,-1.1699999999999999,0.013206123259550824,-8.5915382707887956e-05,-0.00026089373438942752,2.0625489569914248e-06,0.0001883267660932193,1.1409865500625032,0.13602052119816749
0.83499999999999996,0,-1.165,0.013206123259550824,-0.00010984370854925657,-0.00025762075453933706,2.0619752216937633e-06,0.00018518682448681766,1.1409865500625032,0.13602052119816749
0.83999999999999997,0,-1.1600000000000001,0.013160323739519761,-0.00012764030333256327,-0.0002529603391994083,1.7996659437910074e-06,0.00018323632150318885,1.1341608730157453,0.13543913410454531
0.84499999999999997,0,-1.155,0.013160323739519761,-0.00013863626988345416,-0.00024703404147633943,1.7677676157514722e-06,0.00018010431532735919,1.1341608730157453,0.13543913410454531
0.84999999999999998,0,-1.1499999999999999,0.013160323739519761,-0.00014403552459955904,-0.00023985558758769662,1.7365338149789952e-06,0.00017700559188745982,1.1341608730157453,0.13543913410454531
0.85499999999999998,0,-1.145,0.013160323739519761,-0.00014392277253745474,-0.00023143845179461646,1.7059482410176742e-06,0.00017393999429653152,1.1341608730157453,0.13543913410454531
0.85999999999999999,0,-1.1400000000000001,0.013160323739519761,-0.00013838101787061393,-0.00022179583907103954,1.6759950394914691e-06,0.00017090736517084052,1.1341608730157453,0.13543913410454531
0.86499999999999999,0,-1.135,0.013160323739519761,-0.00012749160636850543,-0.00021094069182871461,1.6466587882663612e-06,0.00016790754664257785,1.1341608730157453,0.13543913410454531
0.87,0,-1.1299999999999999,0.013160323739519761,-0.0001113342666089379,-0.00019888569644165859,1.6179244841050201e-06,0.00016494038037218801,1.1341608730157453,0.13543913410454531
0.875,0,-1.125,0.013160323739519761,-8.9987149967499388e-05,-0.00018564328957701356,1.5897775297938741e-06,0.0001620057075603391,1.1341608730157453,0.13543913410454531
0.88,0,-1.1200000000000001,0.013160323739519761,-6.352686942621562e-05,-0.00017122566433897058,1.5622037217244939e-06,0.00015910336895954706,1.1341608730157453,0.13543913410454531
0.88500000000000001,0,-1.115,0.013160323739519761,-3.2028537241913417e-05,-0.00015564477623217072,1.5351892379104193e-06,0.00015623320488546586,1.1341608730157453,0.13543913410454531
0.89000000000000001,0,-1.1099999999999999,0.013160323739519761,4.434198486816032e-06,-0.00013891234895074109,1.5087206264226342e-06,0.00015339505522785472,1.1341608730157453,0.13543913410454531
0.89500000000000002,0,-1.105,0.013160323739519761,4.5789118316671583e-05,-0.00012103987999888063,1.482784794226923e-06,0.00015058875946123213,1.1341608730157453,0.13543913410454531
0.90000000000000002,0,-1.1000000000000001,0.013160323739519761,9.1965396984762518e-05,-0.00010203864614868909,1.4573689964076134e-06,0.00014781415665522787,1.1341608730157453,0.13543913410454531
0.90500000000000003,0,-1.095,0.013160323739519761,0.00014289356992722689,-8.1919708740715245e-05,1.4324608257621843e-06,0.00014507108548464324,1.1341608730157453,0.13543913410454531
0.91000000000000003,0,-1.0899999999999999,0.013160323739519761,0.00019850550075810262,-6.0693918832483274e-05,1.4080482027527409e-06,0.00014235938423922859,1.1341608730157453,0.13543913410454531
0.91500000000000004,0,-1.085,0.010974082269086922,0.00016075437889310218,-5.0942771883237626e-05,7.5935312515855344e-07,0.00013986344650243477,1.0365689378452254,0.11304144918543746
0.92000000000000004,0,-1.0800000000000001,0.010974082269086922,0.00011122655053209463,-4.2659802412760958e-05,6.6824231878319917e-07,0.00013738898716245403,1.0365689378452254,0.11304144918543746
0.92500000000000004,0,-1.075,0.010974082269086922,6.6081231902632303e-05,-3.3805493294802974e-05,5.7933626160106965e-07,0.00013494030148762873,1.0365689378452254,0.11304144918543746
0.93000000000000005,0,-1.0699999999999998,0.010974082269086922,2.5277261822488788e-05,-2.4383615571225439e-05,4.9259919053832584e-07,0.0001325173107537493,1.0365689378452254,0.11304144918543746
0.93500000000000005,0,-1.0649999999999999,0.010974082269086922,-1.122600548981145e-05,-1.4397892557235107e-05,4.0799591109203785e-07,0.0001301199349398599,1.0365689378452254,0.11304144918543746
0.93999999999999995,0,-1.0600000000000001,0.010974082269086922,-4.3468708456210158e-05,-3.8520005858073287e-06,3.2549178613068062e-07,0.00012774809274637957,1.0365689378452254,0.11304144918543746
0.94499999999999995,0,-1.0550000000000002,0.010974082269086922,-7.1490486030242306e-05,7.2504302617834433e-06,2.4505272494664748e-07,0.00012540170161288799,1.0365689378452254,0.11304144918543746
0.94999999999999996,0,-1.05,0.010974082269086922,-9.5330485441347382e-05,1.890581543902737e-05,1.6664517255456e-07,0.00012308067773558152,1.0365689378452254,0.11304144918543746
0.95499999999999996,0,-1.0449999999999999,0.010974082269086922,-0.00011502736979552906,3.1110615230538889e-05,9.0236099228731497e-08,0.00012078493608440774,1.0365689378452254,0.11304144918543746
0.95999999999999996,0,-1.04,0.010974082269086922,-0.0001306193255354728,4.3861334061429607e-05,1.5792990274225846e-08,0.00011851439041988466,1.0365689378452254,0.11304144918543746
0.96499999999999997,0,-1.0350000000000001,0.010974082269086922,-0.00014214406976313692,5.7154519819414288e-05,-5.6716163974687673e-08,0.00011626895330961063,1.0365689378452254,0.11304144918543746
0.96999999999999997,0,-1.03,0.010974082269086922,-0.00014963885742776475,7.0986763189372038e-05,-1.2732287793434109e-07,0.0001140485361444741,1.0365689378452254,0.11304144918543746
0.97499999999999998,0,-1.0249999999999999,0.010974082269086922,-0.00015314048838219928,8.5354697000100265e-05,-1.9605818033517749e-07,0.00011185304915456654,1.0365689378452254,0.11304144918543746
0.97999999999999998,0,-1.02,0.010974082269086922,-0.00015268531431030676,0.00010025499558300317,-2.6295262357431025e-07,0.00010968240142480694,1.0365689378452254,0.11304144918543746
0.98499999999999999,0,-1.0150000000000001,0.010974082269086922,-0.00014830924552824439,0.00011568437414245923,-3.2803629286273986e-07,0.00010753650091028226,1.0365689378452254,0.11304144918543746
0.98999999999999999,0,-1.01,0.010974082269086922,-0.00014004775766224476,0.00013163958813761851,-3.9133881517201836e-07,0.00010541525445131174,1.0365689378452254,0.11304144918543746
0.995,0,-1.0049999999999999,0.010974082269086922,-0.00012793589820552902,0.00014811743267538875,-4.5288936798506862e-07,0.00010331856778823939,1.0365689378452254,0.11304144918543746
1,0,-1,0.0090957243085127183,-8.653818217001783e-05,0.00013887458139863332,-1.7843866801035055e-06,0.0001013112107584876,0.94996610397262204,0.093835365509146867
1.0049999999999999,0,-0.99500000000000011,0.0090957243085127183,-2.0815390824879956e-06,8.5854378958347106e-05,-1.7464562054968977e-06,9.9478921876382156e-05,0.94996610397262204,0.093835365509146867
1.01,0,-0.98999999999999999,0.0090957243085127183,7.4558241448379722e-05,3.9506947454842877e-05,-1.7066130711835516e-06,9.7668554199177192e-05,0.94996610397262204,0.093835365509146867
1.0149999999999999,0,-0.9850000000000001,0.0090957243085127183,0.00014313811802382336,-7.3748172304069232e-08,-1.6648270578880369e-06,9.5880022493776302e-05,0.94996610397262204,0.093835365509146867
1.02,0,-0.97999999999999998,0.0090957243085127183,0.00020340479763653497,-3.2789777401128986e-05,-1.6210660155471296e-06,9.4113241450168397e-05,0.94996610397262204,0.093835365509146867
1.0249999999999999,0,-0.97500000000000009,0.0090957243085127183,0.00025509418938914476,-5.8539032811765108e-05,-1.5752957450839565e-06,9.2368125697406281e-05,0.94996610397262204,0.093835365509146867
1.03,0,-0.96999999999999997,0.0090957243085127183,0.00029793082290455468,-7.7215005112853254e-05,-1.5274798715379556e-06,9.0644589820376603e-05,0.94996610397262204,0.093835365509146867
1.0349999999999999,0,-0.96500000000000008,0.0090957243085127183,0.00033162722873659279,-8.8706543468708595e-05,-1.4775797078141238e-06,8.8942548377404782e-05,0.94996610397262204,0.093835365509146867
1.04,0,-0.95999999999999996,0.0090957243085127183,0.00035588327785257177,-9.2897599994468105e-05,-1.4255541082440153e-06,8.7261915918737315e-05,0.94996610397262204,0.093835365509146867
1.0449999999999999,0,-0.95500000000000007,0.0090957243085127183,0.00037038547699839259,-8.9666957185489959e-05,-1.3713593110705202e-06,8.5602607005949151e-05,0.94996610397262204,0.093835365509146867
1.05,0,-0.94999999999999996,0.0090957243085127183,0.00037480621646972343,-7.8887936936216361e-05,-1.3149487688808088e-06,8.3964536232322107e-05,0.94996610397262204,0.093835365509146867
1.0549999999999999,0,-0.94500000000000006,0.0090160270571459904,0.00036440932613761388,-7.3688523848829755e-05,-1.3020504664814604e-06,8.2144256355248232e-05,0.93553907293292071,0.092899945183875968
1.0600000000000001,0,-0.93999999999999995,0.0090160270571459904,0.00034124916790311953,-7.0039096954060934e-05,-1.2610768262340391e-06,8.0324431076942749e-05,0.93553907293292071,0.092899945183875968
1.0649999999999999,0,-0.93500000000000005,0.0090160270571459904,0.00030877649067461127,-5.9155386331702339e-05,-1.2195596001933623e-06,7.8528635444162923e-05,0.93553907293292071,0.092899945183875968
1.0700000000000001,0,-0.92999999999999994,0.0090160270571459904,0.00026729622165014326,-4.1160588771978246e-05,-1.1775834708283708e-06,7.6756710207168176e-05,0.93553907293292071,0.092899945183875968
1.075,0,-0.92500000000000004,0.0090160270571459904,0.00021710017619061062,-1.6172603925058671e-05,-1.1352278176236337e-06,7.5008497663099259e-05,0.93553907293292071,0.092899945183875968
1.0800000000000001,0,-0.91999999999999993,0.0090160270571459904,0.00015846775508348166,1.5695684006635984e-05,-1.0925670618970534e-06,7.328384155974566e-05,0.93553907293292071,0.092899945183875968
1.085,0,-0.91500000000000004,0.0090160270571459904,9.1666597779750775e-05,5.4336142362805981e-05,-1.0496709859204482e-06,7.1582587004452689e-05,0.93553907293292071,0.092899945183875968
1.0900000000000001,0,-0.90999999999999992,0.0090160270571459904,1.6953194813538448e-05,9.9645142609726287e-05,-1.0066050284996483e-06,6.9904580377858308e-05,0.93553907293292071,0.092899945183875968
1.095,0,-0.90500000000000003,0.0090160270571459904,-6.542653765070852e-05,0.0001515233282250222,-9.6343055896964081e-07,6.8249669252175315e-05,0.93553907293292071,0.092899945183875968
1.1000000000000001,0,-0.89999999999999991,0.0072780332469987129,-0.00013362923665252168,0.00016692214279667912,7.7681121429333295e-07,6.6731728050853527e-05,0.84925742772258161,0.075076434898924183
1.105,0,-0.89500000000000002,0.0072780332469987129,-0.00017886600683316643,0.00014386603802674501,7.710091143411361e-07,6.5385986537656402e-05,0.84925742772258161,0.075076434898924183
1.1100000000000001,0,-0.8899999999999999,0.0072780332469987129,-0.00021889092037410499,0.00012279682572045365,7.648042651977593e-07,6.405779432172794e-05,0.84925742772258161,0.075076434898924183
1.115,0,-0.88500000000000001,0.0072780332469987129,-0.00025361358554314644,0.00010372788128951518,7.5820131084422057e-07,6.2747049837504391e-05,0.84925742772258161,0.075076434898924183
1.1200000000000001,0,-0.87999999999999989,0.0072780332469987129,-0.00028294149984072733,8.667289283908294e-05,7.5120489223623353e-07,6.1453651278604502e-05,0.84925742772258161,0.075076434898924183
1.125,0,-0.875,0.0072780332469987129,-0.00030677998802675158,7.1645870348583307e-05,7.4381964721773478e-07,6.0177496597828861e-05,0.84925742772258161,0.075076434898924183
1.1299999999999999,0,-0.87000000000000011,0.0072780332469987129,-0.00032503213795107846,5.8661155177907463e-05,7.3605021043139245e-07,5.8918483507158438e-05,0.84925742772258161,0.075076434898924183
1.135,0,-0.86499999999999999,0.0072780332469987129,-0.00033759873409627237,4.773342991251997e-05,7.2790121322597188e-07,5.7676509477753383e-05,0.84925742772258161,0.075076434898924183
1.1399999999999999,0,-0.8600000000000001,0.0072780332469987129,-0.00034437818873690935,3.8877728561654021e-05,7.1937728356018981e-07,5.6451471739951537e-05,0.84925742772258161,0.075076434898924183
1.145,0,-0.85499999999999998,0.0072780332469987129,-0.00034526647061511111,3.2109447124453755e-05,7.1048304590315875e-07,5.5243267283266184e-05,0.84925742772258161,0.075076434898924183
1.1499999999999999,0,-0.85000000000000009,0.0072780332469987129,-0.00034015703102711664,2.7444354539656443e-05,7.0122312113109759e-07,5.4051792856384348e-05,0.84925742772258161,0.075076434898924183
1.155,0,-0.84499999999999997,0.0072780332469987129,-0.00032894072721059351,2.4898604035142641e-05,6.9160212642027219e-07,5.287694496716396e-05,0.84925742772258161,0.075076434898924183
1.1599999999999999,0,-0.84000000000000008,0.0072780332469987129,-0.00031150574291697914,2.448874489450613e-05,6.8162467513598733e-07,5.1718619882631636e-05,0.84925742772258161,0.075076434898924183
1.165,0,-0.83499999999999996,0.0072780332469987129,-0.00028773750604743365,2.6231734658622409e-05,6.7129537671726241e-07,5.0576713628979177e-05,0.84925742772258161,0.075076434898924183
1.1699999999999999,0,-0.83000000000000007,0.0072780332469987129,-0.00025751860322498546,3.0144951781098896e-05,6.6061883655733223e-07,4.9451121991560792e-05,0.84925742772258161,0.075076434898924183
1.175,0,-0.82499999999999996,0.0072780332469987129,-0.00022072869116905177,3.6246208757424424e-05,6.4959965587952408e-07,4.8341740514889043e-05,0.84925742772258161,0.075076434898924183
1.1799999999999999,0,-0.82000000000000006,0.0072780332469987129,-0.00017724440473185544,4.4553765748634605e-05,6.3824243160846586e-07,4.7248464502631189e-05,0.84925742772258161,0.075076434898924183
1.1850000000000001,0,-0.81499999999999995,0.0072411999820988556,-0.00012691404505530237,5.4932156755139205e-05,8.7787304133900655e-07,4.5205359088446991e-05,0.83800197160761669,0.074617900659236597
1.1899999999999999,0,-0.81000000000000005,0.0072411999820988556,-6.9548482566710569e-05,6.2297956406326237e-05,8.6933245086358668e-07,4.4008058258682027e-05,0.83800197160761669,0.074617900659236597
1.1950000000000001,0,-0.80499999999999994,0.0072411999820988556,-6.8666405605899239e-06,7.2506793033054508e-05,8.6037851814213176e-07,4.2830046890955828e-05,0.83800197160761669,0.074617900659236597
1.2,0,-0.80000000000000004,0.0056557601350455582,4.25643151445679e-05,6.8412437154189944e-05,-4.885035565027771e-07,4.1772402275058085e-05,0.74759452399829263,0.058325601805977484
1.2050000000000001,0,-0.79499999999999993,0.0056557601350455582,8.1577137979699344e-05,5.8470366176869081e-05,-4.8241615543615969e-07,4.0806353434226481e-05,0.74759452399829263,0.058325601805977484
1.21,0,-0.79000000000000004,0.0056557601350455582,0.00011654114257501987,4.9644720991210746e-05,-4.7620740359138253e-07,3.9854751973307924e-05,0.74759452399829263,0.058325601805977484
1.2150000000000001,0,-0.78499999999999992,0.0056323543303470839,0.00014683970492913132,4.0926390562145668e-05,-3.126171924513499e-07,3.9773171369120412e-05,0.73967205577032435,0.058036202011844784
1.22,0,-0.78000000000000003,0.0056323543303470839,0.00017159600905913909,3.1436231282833497e-05,-3.1468426246169041e-07,3.873413618960093e-05,0.73967205577032435,0.058036202011844784
1.2250000000000001,0,-0.77499999999999991,0.0056323543303470839,0.00019180751177059896,2.3199338096143014e-05,-3.1648296559772505e-07,3.7712123729438568e-05,0.73967205577032435,0.058036202011844784
1.23,0,-0.77000000000000002,0.0056323543303470839,0.0002075334479208655,1.6208499997287857e-05,-3.1802255182005328e-07,3.670699334834146e-05,0.73967205577032435,0.058036202011844784
1.2350000000000001,0,-0.7649999999999999,0.0056323543303470839,0.00021883202900414359,1.0456630830416366e-05,-3.1931202748563984e-07,3.5718604705555119e-05,0.73967205577032435,0.058036202011844784
1.24,0,-0.76000000000000001,0.0056323543303470839,0.00022576046515649574,5.9367666040416775e-06,-3.203601619427735e-07,3.4746817752331286e-05,0.73967205577032435,0.058036202011844784
1.2450000000000001,0,-0.75499999999999989,0.0056323543303470839,0.00022837498659549231,2.6420628754410566e-06,-3.2117549392214352e-07,3.3791492724586394e-05,0.73967205577032435,0.058036202011844784
1.25,0,-0.75,0.0056323543303470839,0.0002267308645113612,5.6579220197472203e-07,-3.217663377305287e-07,3.2852490135745605e-05,0.73967205577032435,0.058036202011844784
1.2549999999999999,0,-0.74500000000000011,0.0056323543303470839,0.00022088243142594913,-2.9865834267244513e-07,-3.2214078925451683e-07,3.1929670769765495e-05,0.73967205577032435,0.058036202011844784
1.26,0,-0.73999999999999999,0.0056323543303470839,0.00021088310103523964,4.2210410758190689e-08,-3.2230673178046794e-07,3.1022895674331363e-05,0.73967205577032435,0.058036202011844784
1.2649999999999999,0,-0.7350000000000001,0.0056323543303470839,0.00019678538755065145,1.5820073674951259e-06,-3.2227184163728122e-07,3.0132026154223568e-05,0.73967205577032435,0.058036202011844784
1.27,0,-0.72999999999999998,0.0056323543303470839,0.00017864092455381712,4.3144488684871756e-06,-3.2204359366780808e-07,2.9256923764847777e-05,0.73967205577032435,0.058036202011844784
1.2749999999999999,0,-0.72500000000000009,0.0056323543303470839,0.00015650048337907687,8.2333564477723237e-06,-3.2162926653505604e-07,2.8397450305925265e-05,0.73967205577032435,0.058036202011844784
1.28,0,-0.71999999999999997,0.0056323543303470839,0.00013041399103740851,1.3332654645790385e-05,-3.2103594786861533e-07,2.7553467815337479e-05,0.73967205577032435,0.058036202011844784
1.2849999999999999,0,-0.71500000000000008,0.0056323543303470839,0.00010043054769511222,1.9606368877014425e-05,-3.2027053925674584e-07,2.6724838563121777e-05,0.73967205577032435,0.058036202011844784
1.29,0,-0.70999999999999996,0.0056323543303470839,6.6598443720068069e-05,2.7048623350338302e-05,-3.1933976108942892e-07,2.5911425045612747e-05,0.73967205577032435,0.058036202011844784
1.2949999999999999,0,-0.70500000000000007,0.0056323543303470839,2.8965176308033854e-05,3.5653639040697331e-05,-3.1825015725733493e-07,2.5113089979726278e-05,0.73967205577032435,0.058036202011844784
1.3,0,-0.69999999999999996,0.0056323543303470839,-1.2422534299038207e-05,4.5415731710463844e-05,-3.1700809971153387e-07,2.4329696297381034e-05,0.73967205577032435,0.058036202011844784
1.3049999999999999,0,-0.69500000000000006,0.0042482712318115054,-4.9871206941843189e-05,3.7708862637579585e-05,2.5234318403793935e-07,2.3681548818916883e-05,0.64700217555152872,0.043754062241197759
1.3100000000000001,0,-0.68999999999999995,0.0042482712318115054,-8.2485549255565679e-05,2.6996195727515264e-05,2.4472738014385417e-07,2.3066620309769664e-05,0.64700217555152872,0.043754062241197759
1.3149999999999999,0,-0.68500000000000005,0.0042482712318115054,-0.00011117242003965002,1.7169597223209818e-05,2.3717194881970496e-07,2.2462191852428586e-05,0.64700217555152872,0.043754062241197759
1.3200000000000001,0,-0.67999999999999994,0.0042482712318115054,-0.00013588684883128859,8.233879079207945e-06,2.2967794972748809e-07,2.1868174517844621e-05,0.64700217555152872,0.043754062241197759
1.325,0,-0.67500000000000004,0.0042482712318115054,-0.00015658317530202045,1.9392719232990019e-07,2.2224643919053378e-07,2.1284479351323081e-05,0.64700217555152872,0.043754062241197759
1.3300000000000001,0,-0.66999999999999993,0.0042482712318115054,-0.00017321503597829841,-6.9452971749967794e-06,2.148784700515714e-07,2.0711017373036036e-05,0.64700217555152872,0.043754062241197759
1.335,0,-0.66500000000000004,0.0042482712318115054,-0.00018573535065411067,-1.3178755938395349e-05,2.0757509152572361e-07,2.0147699578546753e-05,0.64700217555152872,0.043754062241197759
1.3400000000000001,0,-0.65999999999999992,0.0042482712318115054,-0.00019409630848732197,-1.8501332701301382e-05,2.0033734904817944e-07,1.9594436939345825e-05,0.64700217555152872,0.043754062241197759
1.345,0,-0.65500000000000003,0.0042482712318115054,-0.00019824935377109034,-2.2907831229894462e-05,1.9316628411635249e-07,1.9051140403399997e-05,0.64700217555152872,0.043754062241197759
1.3500000000000001,0,-0.64999999999999991,0.0042482712318115054,-0.00019814517137148088,-2.6392973892254955e-05,1.8606293412636523e-07,1.851772089571323e-05,0.64700217555152872,0.043754062241197759
1.355,0,-0.64500000000000002,0.0042482712318115054,-0.00019373367182209421,-2.89514000607555e-05,1.7902833220360826e-07,1.7994089318901285e-05,0.64700217555152872,0.043754062241197759
1.3600000000000001,0,-0.6399999999999999,0.0042482712318115054,-0.00018496397606625325,-3.0577664476679302e-05,1.7206350702714429e-07,1.7480156553779165e-05,0.64700217555152872,0.043754062241197759
1.365,0,-0.63500000000000001,0.0042482712318115054,-0.00017178439983698808,-3.1266235576014176e-05,1.651694826477876e-07,1.6975833459962727e-05,0.64700217555152872,0.043754062241197759
1.3700000000000001,0,-0.62999999999999989,0.0042482712318115054,-0.00015414243766474019,-3.1011493775346259e-05,1.5834727829952899e-07,1.6481030876484041e-05,0.64700217555152872,0.043754062241197759
1.375,0,-0.625,0.0042482712318115054,-0.00013198474650240717,-2.9807729716737096e-05,1.5159790820420417e-07,1.59956596224216e-05,0.64700217555152872,0.043754062241197759
1.3799999999999999,0,-0.62000000000000011,0.0042482712318115054,-0.0001052571289569844,-2.7649142470436567e-05,1.4492238136891941e-07,1.5519630497545078e-05,0.64700217555152872,0.043754062241197759
1.385,0,-0.61499999999999999,0.0042482712318115054,-7.3904516116749439e-05,-2.4529837694242584e-05,1.383217013762206e-07,1.5052854282975666e-05,0.64700217555152872,0.043754062241197759
1.3899999999999999,0,-0.6100000000000001,0.0042482712318115054,-3.7870949962558894e-05,-2.0443825748286572e-05,1.3179686616654895e-07,1.4595241741862088e-05,0.64700217555152872,0.043754062241197759
1.395,0,-0.60499999999999998,0.0042482712318115054,2.900434648560362e-06,-1.5385019763974388e-05,1.2534886781278178e-07,1.4146703620072659e-05,0.64700217555152872,0.043754062241197759
1.3999999999999999,0,-0.60000000000000009,0.0030073027857245639,3.5023462953205116e-05,-1.2818829729733446e-05,-2.1393465895252444e-07,1.3690989509527612e-05,0.5385677387077018,0.030918578446693969
1.405,0,-0.59499999999999997,0.0030073027857245639,5.8218600870482064e-05,-1.1914528383106305e-05,-2.0626031297838342e-07,1.3226610310043036e-05,0.5385677387077018,0.030918578446693969
1.4099999999999999,0,-0.59000000000000008,0.0030073027857245639,7.9330229465755724e-05,-1.0697821704915459e-05,-1.9877728321013143e-07,1.2771971813055115e-05,0.5385677387077018,0.030918578446693969
1.415,0,-0.58499999999999996,0.0030073027857245639,9.8373923064784291e-05,-9.168966591655951e-06,-1.9148239918356513e-07,1.232697910647661e-05,0.5385677387077018,0.030918578446693969
1.4199999999999999,0,-0.58000000000000007,0.0030073027857245639,0.00011536510095234049,-7.3282178341658411e-06,-1.8437252918789646e-07,1.1891537148730194e-05,0.5385677387077018,0.030918578446693969
1.425,0,-0.57499999999999996,0.0030073027857245639,0.0001303190292967568,-5.1758281436412367e-06,-1.7744457964859604e-07,1.1465550770126398e-05,0.5385677387077018,0.030918578446693969
1.4299999999999999,0,-0.57000000000000006,0.0030073027857245639,0.00014325082304586154,-2.7120481772654214e-06,-1.7069549452148028e-07,1.1048924674221586e-05,0.5385677387077018,0.030918578446693969
1.4350000000000001,0,-0.56499999999999995,0.0030073027857245639,0.00015417544779482471,6.2873436543168404e-08,-1.6412225469776336e-07,1.0641563439155619e-05,0.5385677387077018,0.030918578446693969
1.4399999999999999,0,-0.56000000000000005,0.0030073027857245639,0.00016310772162637618,3.1486900732542648e-06,-1.5772187741985892e-07,1.0243371518970266e-05,0.5385677387077018,0.030918578446693969
1.4450000000000001,0,-0.55499999999999994,0.0030073027857245639,0.00017006231692389098,6.5451570877183978e-06,-1.514914157077421e-07,9.8542532449079669e-06,0.5385677387077018,0.030918578446693969
1.45,0,-0.55000000000000004,0.0030073027857245639,0.00017505376215779135,1.0252031790017497e-05,-1.4542795779561196e-07,9.4741128266919736e-06,0.5385677387077018,0.030918578446693969
1.4550000000000001,0,-0.54499999999999993,0.0030073027857245639,0.00017809644364573488,1.4269073421672354e-05,-1.3952862657868835e-07,9.1028543537875793e-06,0.5385677387077018,0.030918578446693969
1.46,0,-0.54000000000000004,0.0030073027857245639,0.00017920460728702766,1.8596043132195931e-05,-1.3379057906991046e-07,8.7403817966452746e-06,0.5385677387077018,0.030918578446693969
1.4650000000000001,0,-0.53499999999999992,0.0030073027857245639,0.00017839236027170731,2.3232703955991844e-05,-1.2821100586634519e-07,8.3865990079256662e-06,0.5385677387077018,0.030918578446693969
1.47,0,-0.53000000000000003,0.0030073027857245639,0.00017567367276472348,2.81788207895864e-05,-1.2278713062512519e-07,8.0414097237069324e-06,0.5385677387077018,0.030918578446693969
1.4750000000000001,0,-0.52499999999999991,0.0030073027857245639,0.00017106237956563888,3.3434160369194478e-05,-1.1751620954869711e-07,7.7047175646746455e-06,0.5385677387077018,0.030918578446693969
1.48,0,-0.52000000000000002,0.0030073027857245639,0.00016457218174426618,3.8998491248607651e-05,-1.1239553087920978e-07,7.3764260372947087e-06,0.5385677387077018,0.030918578446693969
1.4850000000000001,0,-0.5149999999999999,0.0030073027857245639,0.00015621664825264355,4.4871583777405673e-05,-1.0742241440187772e-07,7.0564385349692599e-06,0.5385677387077018,0.030918578446693969
1.49,0,-0.51000000000000001,0.0030073027857245639,0.0001460092175137527,5.1053210079478093e-05,-1.025942109570942e-07,6.7446583391762453e-06,0.5385677387077018,0.030918578446693969
1.4950000000000001,0,-0.50499999999999989,0.0030073027857245639,0.00013396319898736209,5.7543144031859445e-05,-9.7908301961175718e-08,6.4409886205925093e-06,0.5385677387077018,0.030918578446693969
1.5,0,-0.5,0.0030073027857245639,0.00012009177471338928,6.434116124386414e-05,-9.3362098935518056e-08,6.1453324402011316e-06,0.5385677387077018,0.030918578446693969
1.5049999999999999,0,-0.49500000000000011,0.0030073027857245639,0.00010440800083314522,7.1447039036524158e-05,-8.8953043044031393e-08,5.8575927503828062e-06,0.5385677387077018,0.030918578446693969
1.51,0,-0.48999999999999999,0.0030073027857245639,8.6924809088840776e-05,7.8860556422317876e-05,-8.4678604638669942e-08,5.5776723959919161e-06,0.5385677387077018,0.030918578446693969
1.5149999999999999,0,-0.4850000000000001,0.0020246244495726578,2.2141408341817611e-05,5.6731339720907583e-05,1.7866030372321849e-07,5.3885739270130904e-06,0.4463116044879441,0.020790263900595646
1.52,0,-0.47999999999999998,0.0020246244495726578,-3.9770793646674273e-05,3.5143547013873805e-05,1.7451294102655911e-07,5.1966731244837135e-06,0.4463116044879441,0.020790263900595646
1.5249999999999999,0,-0.47500000000000009,0.0020246244495726578,-9.4052823255942055e-05,1.7032902152064162e-05,1.7039854191389708e-07,5.0092984631111372e-06,0.4463116044879441,0.020790263900595646
1.53,0,-0.46999999999999997,0.0020246244495726578,-0.00014053240131296714,2.447735335069983e-06,1.6631762110209322e-07,4.8263970230439356e-06,0.4463116044879441,0.020790263900595646
1.5349999999999999,0,-0.46500000000000008,0.0020246244495726578,-0.00017903203279915375,-8.5621687437422937e-06,1.6227069530475514e-07,4.6479158636094407e-06,0.4463116044879441,0.020790263900595646
1.54,0,-0.45999999999999996,0.0020246244495726578,-0.00020936880795784376,-1.5945515437118955e-05,1.582582832633795e-07,4.4738020234445988e-06,0.4463116044879441,0.020790263900595646
1.5449999999999999,0,-0.45500000000000007,0.0020246244495726578,-0.000231354194230772,-1.9649442126505326e-05,1.5428090577815549e-07,4.3040025206331186e-06,0.4463116044879441,0.020790263900595646
1.55,0,-0.44999999999999996,0.002003814051341543,-0.000243776566023205,-2.2880433404229292e-05,1.1683929071000811e-07,4.2300520449121974e-06,0.43721724985545612,0.02046019320865675
1.5549999999999999,0,-0.44500000000000006,0.002003814051341543,-0.00024670890251796704,-2.3577904683742614e-05,1.1524653099813618e-07,4.0455079497528323e-06,0.43721724985545612,0.02046019320865675
1.5600000000000001,0,-0.43999999999999995,0.002003814051341543,-0.00024064069192356535,-2.0585681912143052e-05,1.1346901144600795e-07,3.8660694329198788e-06,0.43721724985545612,0.02046019320865675
1.5649999999999999,0,-0.43500000000000005,0.002003814051341543,-0.00022577293715054616,-1.3956889311061152e-05,1.1152385066387938e-07,3.6916643322611639e-06,0.43721724985545612,0.02046019320865675
1.5700000000000001,0,-0.42999999999999994,0.002003814051341543,-0.0002023006665225658,-3.7430609688587132e-06,1.0942728144540169e-07,3.5222209193106109e-06,0.43721724985545612,0.02046019320865675
1.575,0,-0.42500000000000004,0.002003814051341543,-0.0001704131541080918,1.0005800523407989e-05,1.0719469171382901e-07,3.3576678740038872e-06,0.43721724985545612,0.02046019320865675
1.5800000000000001,0,-0.41999999999999993,0.002003814051341543,-0.000130294130372963,2.7241168011900201e-05,1.048406633038043e-07,3.1979342604400883e-06,0.43721724985545612,0.02046019320865675
1.585,0,-0.41500000000000004,0.002003814051341543,-8.2121983646301735e-05,4.7915936164712697e-05,1.0237900870730627e-07,3.0429495036394161e-06,0.43721724985545612,0.02046019320865675
1.5900000000000001,0,-0.40999999999999992,0.002003814051341543,-2.6069952863771377e-05,7.1984370177920727e-05,9.9822805903879222e-08,2.8926433672490026e-06,0.43721724985545612,0.02046019320865675
1.595,0,-0.40500000000000003,0.002003814051341543,3.7693687974326081e-05,9.9402056686519202e-05,9.7184431387370355e-08,2.7469459321521357e-06,0.43721724985545612,0.02046019320865675
1.6000000000000001,0,-0.39999999999999991,0.0012293851899281346,7.4877295108559112e-05,0.00011425674986476091,2.8342236444910292e-08,2.6111324396778969e-06,0.34392223547066703,0.012574172901458784
1.605,0,-0.39500000000000002,0.0012293851899281346,7.9090379238844189e-05,0.00011437566349189684,2.3380003375757655e-08,2.4861690624399563e-06,0.34392223547066703,0.012574172901458784
1.6100000000000001,0,-0.3899999999999999,0.0012293851899281346,8.1725958306957369e-05,0.00011461728547974555,1.8624353526085442e-08,2.3649416628049254e-06,0.34392223547066703,0.012574172901458784
1.615,0,-0.38500000000000001,0.0012293851899281346,8.2777550808774361e-05,0.0001149819820377107,1.4072366836925091e-08,2.2473999717583675e-06,0.34392223547066703,0.012574172901458784
1.6200000000000001,0,-0.37999999999999989,0.0012293851899281346,8.2238639698634011e-05,0.00011547012139307856,9.7210992010525294e-09,2.1334935555978206e-06,0.34392223547066703,0.012574172901458784
1.625,0,-0.375,0.0012293851899281346,8.0102672145385899e-05,0.00011608207380486691,5.567582237776957e-09,2.0231718148437761e-06,0.34392223547066703,0.012574172901458784
1.6299999999999999,0,-0.37000000000000011,0.0012293851899281346,7.636305928642588e-05,0.00011681821157778966,1.6088230653716981e-09,1.9163839831415994e-06,0.34392223547066703,0.012574172901458784
1.635,0,-0.36499999999999999,0.0012293851899281346,7.1013175979700246e-05,0.00011767890907633543,-2.1581959288752562e-09,1.8130791261544494e-06,0.34392223547066703,0.012574172901458784
1.6399999999999999,0,-0.3600000000000001,0.0012293851899281346,6.4046360553659821e-05,0.00011866454273896338,-5.7365173210162055e-09,1.7132061404470447e-06,0.34392223547066703,0.012574172901458784
1.645,0,-0.35499999999999998,0.0012293851899281346,5.5455914555140186e-05,0.0001197754910924165,-9.1292088852410752e-09,1.6167137523601563e-06,0.34392223547066703,0.012574172901458784
1.6499999999999999,0,-0.35000000000000009,0.0012293851899281346,4.5235102495155595e-05,0.00012101213476615318,-1.2339363831134978e-08,1.5235505168758403e-06,0.34392223547066703,0.012574172901458784
1.655,0,-0.34499999999999997,0.0012293851899281346,3.337715159257587e-05,0.00012237485650689941,-1.5370101043435387e-08,1.4336648164731916e-06,0.34392223547066703,0.012574172901458784
1.6599999999999999,0,-0.34000000000000008,0.0012293851899281346,1.9875251515678397e-05,0.00012386404119332098,-1.8224565324308788e-08,1.3470048599746602e-06,0.34392223547066703,0.012574172901458784
1.665,0,-0.33499999999999996,0.0012293851899281346,4.72255412153975e-06,0.000125480075850819,-2.0905927638183407e-08,1.2635186813827036e-06,0.34392223547066703,0.012574172901458784
1.6699999999999999,0,-0.33000000000000007,0.0012293851899281346,-1.208782680673684e-05,0.0001272233496664478,-2.3417385359164361e-08,1.1831541387068154e-06,0.34392223547066703,0.012574172901458784
1.675,0,-0.32499999999999996,0.0012293851899281346,-3.0562815824998699e-05,0.00012909425400395817,-2.5762162521063029e-08,1.105858912780707e-06,0.34392223547066703,0.012574172901458784
1.6799999999999999,0,-0.32000000000000006,0.0012293851899281346,-5.0709376095225904e-05,0.00013109318241896569,-2.7943510070071741e-08,1.0315805060696716e-06,0.34392223547066703,0.012574172901458784
1.6850000000000001,0,-0.31499999999999995,0.0012293851899281346,-7.2534509654963245e-05,0.0001332205306742473,-2.9964706120114688e-08,9.6026624146791432e-07,0.34392223547066703,0.012574172901458784
1.6899999999999999,0,-0.31000000000000005,0.0012293851899281346,-9.6045257688997696e-05,0.00013547669675516424,-3.1829056210904518e-08,8.9186326108586354e-07,0.34392223547066703,0.012574172901458784
1.6950000000000001,0,-0.30499999999999994,0.0012293851899281346,-0.00012124870080333319,0.00013786208088521664,-3.3539893568742221e-08,8.2631852502725868e-07,0.34392223547066703,0.012574172901458784
1.7,0,-0.30000000000000004,0.0012293851899281346,-0.00014815195930145269,0.00014037708554172704,-3.5100579370086488e-08,7.6357881015601985e-07,0.34392223547066703,0.012574172901458784
1.7050000000000001,0,-0.29499999999999993,0.0012293851899281346,-0.00017676219346292435,0.00014302211547165782,-3.6514503007930078e-08,7.0359070885269387e-07,0.34392223547066703,0.012574172901458784
1.71,0,-0.29000000000000004,0.000634824985554181,-0.00011583398194379429,0.00012482322351484444,-5.3713693593160297e-08,6.604826225831999e-07,0.24861219532165521,0.0064808342232574763
1.7150000000000001,0,-0.28499999999999992,0.000634824985554181,-3.6278725377582945e-05,0.00010505370021493481,-5.0211720438887266e-08,6.2222303874819858e-07,0.24861219532165521,0.0064808342232574763
1.72,0,-0.28000000000000003,0.000634824985554181,3.5752392383056337e-05,9.0101103446376435e-05,-4.680927923245002e-08,5.8548418930955378e-07,0.24861219532165521,0.0064808342232574763
1.7250000000000001,0,-0.27499999999999991,0.000634824985554181,0.00010007263321845343,8.0023541681119883e-05,-4.3506871328543383e-08,5.5023420701093915e-07,0.24861219532165521,0.0064808342232574763
1.73,0,-0.27000000000000002,0.000634824985554181,0.00015648902645011608,7.4881057889012787e-05,-4.0304973997042499e-08,5.1644124733568832e-07,0.24861219532165521,0.0064808342232574763
1.7350000000000001,0,-0.2649999999999999,0.00062131917715141567,0.00020467718123002963,7.3685492572386522e-05,-3.2986674419685156e-08,4.9550144608097859e-07,0.2377925202932408,0.0062025938484415871
1.74,0,-0.26000000000000001,0.00062131917715141567,0.00024257738282815685,6.7306520128124458e-05,-3.0507660871258071e-08,4.5933969486824449e-07,0.2377925202932408,0.0062025938484415871
1.7450000000000001,0,-0.25499999999999989,0.00062131917715141567,0.0002707767508639753,6.5003433543467891e-05,-2.8144518574354284e-08,4.2484138938189761e-07,0.2377925202932408,0.0062025938484415871
1.75,0,-0.25,0.00062131917715141567,0.00028951279308472849,6.6712480641626767e-05,-2.5894854689256402e-08,3.9197120372282102e-07,0.2377925202932408,0.0062025938484415871
1.7549999999999999,0,-0.24500000000000011,0.00062131917715141567,0.00029901529592922337,7.2371985768474609e-05,-2.3756249625561619e-08,3.6069366881452139e-07,0.2377925202932408,0.0062025938484415871
1.76,0,-0.23999999999999999,0.00062131917715141567,0.00029950663576592309,8.1922266090571946e-05,-2.1726258387915664e-08,3.3097317161150444e-07,0.2377925202932408,0.0062025938484415871
1.7649999999999999,0,-0.2350000000000001,0.00062131917715141567,0.00029120207519661527,9.530555190953787e-05,-1.9802411843490695e-08,3.0277395434207944e-07,0.2377925202932408,0.0062025938484415871
1.77,0,-0.22999999999999998,0.00062131917715141567,0.00027431004525505946,0.00011246591076972192,-1.7982217916300765e-08,2.7606011378380404e-07,0.2377925202932408,0.0062025938484415871
1.7749999999999999,0,-0.22500000000000009,0.00062131917715141567,0.00024903241427780992,0.00013334917515015184,-1.6263162713093791e-08,2.5079560056992048e-07,0.2377925202932408,0.0062025938484415871
1.78,0,-0.21999999999999997,0.00062131917715141567,0.00021556474417582463,0.00015790287354482496,-1.4642711585206791e-08,2.2694421852516566e-07,0.2377925202932408,0.0062025938484415871
1.7849999999999999,0,-0.21500000000000008,0.00062131917715141567,0.00017409653479034227,0.00018607616474751532,-1.3118310130468482e-08,2.0446962402950141e-07,0.2377925202932408,0.0062025938484415871
1.79,0,-0.20999999999999996,0.00062131917715141567,0.00012481145697440315,0.00021781977516863049,-1.1687385138939899e-08,1.8333532540832677e-07,0.2377925202932408,0.0062025938484415871
1.7949999999999999,0,-0.20500000000000007,0.00062131917715141567,6.7887575002312646e-05,0.00025308593902211761,-1.0347345486019414e-08,1.6350468234788055e-07,0.2377925202932408,0.0062025938484415871
1.8,0,-0.19999999999999996,0.00024165793079948338,-3.7814812650416222e-06,0.00025073662146215148,1.4355659373051108e-08,1.4692307178644314e-07,0.15242549236153691,0.0024515748694727102
1.8049999999999999,0,-0.19500000000000006,0.00024165793079948338,-8.1147023745809614e-05,0.00020388383576225863,1.3806080156998816e-08,1.3421974751618498e-07,0.15242549236153691,0.0024515748694727102
1.8100000000000001,0,-0.18999999999999995,0.00024165793079948338,-0.00015135023623839413,0.00016264716728375106,1.3244524913752977e-08,1.2224770312935406e-07,0.15242549236153691,0.0024515748694727102
1.8149999999999999,0,-0.18500000000000005,0.00024165793079948338,-0.00021418367217308779,0.00012709028130144864,1.2673262742294567e-08,1.1098636499341632e-07,0.15242549236153691,0.0024515748694727102
1.8200000000000001,0,-0.17999999999999994,0.00024165793079948338,-0.00026943177563002,9.7279330677609144e-05,1.2094532992925427e-08,1.0041507417772326e-07,0.15242549236153691,0.0024515748694727102
1.825,0,-0.17500000000000004,0.00024165793079948338,-0.00031687048117206738,7.3283078615357167e-05,1.1510542980989219e-08,9.051308841059656e-08,0.15242549236153691,0.0024515748694727102
1.8300000000000001,0,-0.16999999999999993,0.00024165793079948338,-0.00035626678974545501,5.51730287534664e-05,1.0923465514568216e-08,8.1259584142912697e-08,0.15242549236153691,0.0024515748694727102
1.835,0,-0.16500000000000004,0.00024165793079948338,-0.00038737831896131604,4.3023563119931637e-05,1.0335436219538821e-08,7.2633658724950794e-08,0.15242549236153691,0.0024515748694727102
1.8400000000000001,0,-0.15999999999999992,0.00024165793079948338,-0.00040995282593438544,3.6912088503781942e-05,9.7485506437247151e-09,6.461433270372499e-08,0.15242549236153691,0.0024515748694727102
1.845,0,-0.15500000000000003,0.00024165793079948338,-0.00042372770070496214,3.6919191850638772e-05,9.164861120070497e-09,5.7180552248575481e-08,0.15242549236153691,0.0024515748694727102
1.8500000000000001,0,-0.14999999999999991,0.00023004900749970536,-0.0004230486312072156,3.147260946096943e-05,6.0876460672648932e-09,5.5158545418275518e-08,0.13721253775502038,0.0022008022085021274
1.855,0,-0.14500000000000002,0.00023004900749970536,-0.0004095888885062407,2.3957061669753113e-05,5.7343484110220829e-09,4.7328861156787981e-08,0.13721253775502038,0.0022008022085021274
1.8600000000000001,0,-0.1399999999999999,0.00023004900749970536,-0.00038752364286182131,2.269057588089824e-05,5.3796919708635608e-09,4.0193390221914294e-08,0.13721253775502038,0.0022008022085021274
1.865,0,-0.13500000000000001,0.00023004900749970536,-0.00035711091505027042,2.758624110115246e-05,5.0261499628695097e-09,3.3721811779625409e-08,0.13721253775502038,0.0022008022085021274
1.8700000000000001,0,-0.12999999999999989,0.00023004900749970536,-0.00031859855637807823,3.8560573687501458e-05,4.6759552646518434e-09,2.7883864637178529e-08,0.13721253775502038,0.0022008022085021274
1.875,0,-0.125,0.00023004900749970536,-0.0002722247448108392,5.5533350140110643e-05,4.3311154456007371e-09,2.2649340551611485e-08,0.13721253775502038,0.0022008022085021274
1.8799999999999999,0,-0.12000000000000011,0.00023004900749970536,-0.00021821845233777602,7.842744958954303e-05,3.9934267357925519e-09,1.7988077885040434e-08,0.13721253775502038,0.0022008022085021274
1.885,0,-0.11499999999999999,0.00023004900749970536,-0.00015679988549891448,0.00010716870532879281,3.6644870172637564e-09,1.3869955586256101e-08,0.13721253775502038,0.0022008022085021274
1.8899999999999999,0,-0.1100000000000001,0.00023004900749970536,-8.8180900855779309e-05,0.0001416857647899356,3.3457079140600419e-09,1.0264887479454809e-08,0.13721253775502038,0.0022008022085021274
1.895,0,-0.10499999999999998,0.00023004900749970536,-1.2565397052662673e-05,0.00018190995741030971,3.038326050871322e-09,7.1428168421965644e-09,0.13721253775502038,0.0022008022085021274
1.8999999999999999,0,-0.10000000000000009,3.4626195095088986e-05,6.6656445127469938e-05,0.00022017848946630263,-4.6238244073260473e-10,4.6382812542587305e-09,0.049628240645216183,0.00029810919366998837
1.905,0,-0.094999999999999973,3.4626195095088986e-05,0.00011717503604851992,0.00019361559142692285,-4.4540656263165324e-10,3.936043409536788e-09,0.049628240645216183,0.00029810919366998837
1.9099999999999999,0,-0.09000000000000008,3.4626195095088986e-05,0.00016233575184989169,0.0001691543117873831,-4.2492274451454956e-10,3.3076159505199634e-09,0.049628240645216183,0.00029810919366998837
1.915,0,-0.084999999999999964,3.4626195095088986e-05,0.00020204078806401634,0.00014681121455232702,-4.0141579097299571e-10,2.7490486361617817e-09,0.049628240645216183,0.00029810919366998837
1.9199999999999999,0,-0.080000000000000071,3.4626195095088986e-05,0.00023618994481089403,0.00012660326939593696,-3.7536888933784656e-10,2.2563674017139961e-09,0.049628240645216183,0.00029810919366998837
1.925,0,-0.074999999999999956,3.4626195095088986e-05,0.00026468055301120887,0.00010854786415793609,-3.4726354143130106e-10,1.8255744294003129e-09,0.049628240645216183,0.00029810919366998837
1.9299999999999999,0,-0.070000000000000062,3.4626195095088986e-05,0.00028740739785504361,9.2662817804372305e-05,-3.1757949209157556e-10,1.4526482216263918e-09,0.049628240645216183,0.00029810919366998837
1.9350000000000001,0,-0.064999999999999947,3.4626195095088986e-05,0.00030426263940641548,7.8966393873448738e-05,-2.8679465429882004e-10,1.1335436768320811e-09,0.049628240645216183,0.00029810919366998837
1.9399999999999999,0,-0.060000000000000053,3.4626195095088986e-05,0.00031513573021774936,6.7477314427738747e-05,-2.5538503072098372e-10,8.6419216809822909e-10,0.049628240645216183,0.00029810919366998837
1.9450000000000001,0,-0.054999999999999938,3.4626195095088986e-05,0.00031991332982211652,5.8214774535151194e-05,-2.2382463148747167e-10,6.4050162462476204e-10,0.049628240645216183,0.00029810919366998837
1.95,0,-0.050000000000000044,3.4626195095088986e-05,0.00031847921596429071,5.1198457302193163e-05,-1.9258538798702033e-10,4.5835661620339179e-10,0.049628240645216183,0.00029810919366998837
1.9550000000000001,0,-0.044999999999999929,3.4626195095088986e-05,0.00031071419242460025,4.6448549484245566e-05,-1.6213706247385682e-10,3.1361844081352927e-10,0.049628240645216183,0.00029810919366998837
1.96,0,-0.040000000000000036,3.4626195095088986e-05,0.00029649599328201331,4.3985757698869582e-05,-1.3294715325322826e-10,2.0212521547706105e-10,0.049628240645216183,0.00029810919366998837
1.9650000000000001,0,-0.03499999999999992,3.4626195095088986e-05,0.0002756991834549354,4.3831325269487771e-05,-1.0548079520333168e-10,1.196919705137979e-10,0.049628240645216183,0.00029810919366998837
1.97,0,-0.030000000000000027,3.4626195095088986e-05,0.00024819505534978502,4.6007049728227309e-05,-8.0200655375860313e-11,6.2110747346982949e-11,0.049628240645216183,0.00029810919366998837
1.9750000000000001,0,-0.024999999999999911,3.4626195095088986e-05,0.00021385152143845636,5.0535301008214871e-05,-5.7566823401386635e-11,2.5150700015390951e-11,0.049628240645216183,0.00029810919366998837
1.98,0,-0.020000000000000018,3.4626195095088986e-05,0.00017253300257637043,5.7439040357214576e-05,-3.8036696408873164e-11,4.5582005567746932e-12,0.049628240645216183,0.00029810919366998837
1.9850000000000001,0,-0.014999999999999902,3.4626195095088986e-05,0.00012410031186272426,6.6741840006207838e-05,-2.2064858150357957e-11,-3.9430515643978164e-12,0.049628240645216183,0.00029810919366998837
1.99,0,-0.010000000000000009,3.2299756665963546e-05,6.757641769049526e-05,7.3755781627615172e-05,-1.1476413883336697e-11,-1.1202440091831531e-11,0.038140431602838629,0.00023219839828296024
1.9950000000000001,0,-0.0049999999999998934,3.2299756665963546e-05,5.221867487967361e-06,8.348892533990962e-05,-2.9692216038061224e-12,-4.0526475211016657e-12,0.038140431602838629,0.00023219839828296024
2,0,0,3.2299756665963546e-05,-6.2738700469213335e-05,9.6285855598744052e-05,-0,-0,0.038140431602838629,0.00023219839828296024
2.0049999999999999,0,0.0049999999999998934,0,-8.4052438062660989e-05,9.4508774738907885e-05,-0,-0,-0.055173743249374095,0
2.0099999999999998,0,0.0099999999999997868,0,-0.00010286324165984745,9.3171328595637929e-05,-0,-0,-0.055173743249374095,0
2.0150000000000001,0,0.015000000000000124,0,-0.00011915108341360198,9.2274974942981427e-05,-0,-0,-0.055173743249374095,0
2.02,0,0.020000000000000018,0,-0.00013289572171258825,9.1821187371089117e-05,0,-0,-0.055173743249374095,0
2.0249999999999999,0,0.024999999999999911,0,-0.00014407669832163303,9.1811455497758048e-05,0,-0,-0.055173743249374095,0
2.0299999999999998,0,0.029999999999999805,0,-0.00015267333547601002,9.2247285183380803e-05,0,-0,-0.055173743249374095,0
2.0350000000000001,0,0.035000000000000142,0,-0.00015866473292883425,9.3130198749362953e-05,0,-0,-0.055173743249374095,0
2.04,0,0.040000000000000036,0,-0.0001615059436410924,9.3591554994314658e-05,0,-0,-0.060305183277885782,0
2.0449999999999999,0,0.044999999999999929,0,-0.00016120570125333677,9.3734936917805946e-05,0,-0,-0.060305183277885782,0
2.0499999999999998,0,0.049999999999999822,0,-0.00015824035903625619,9.434264025140666e-05,0,-0,-0.060305183277885782,0
2.0550000000000002,0,0.05500000000000016,0,-0.00015263121423999298,9.5413613856206646e-05,0,-0,-0.060305183277885782,0
2.0600000000000001,0,0.060000000000000053,0,-0.00014439933743765196,9.6946817495139809e-05,0,-0,-0.060305183277885782,0
2.0649999999999999,0,0.064999999999999947,0,-0.0001335655755331354,9.89412216883634e-05,0,-0,-0.060305183277885782,0
2.0699999999999998,0,0.06999999999999984,0,-0.00012015055472121571,0.00010139580757093353,0,-0,-0.060305183277885782,0
2.0750000000000002,0,0.075000000000000178,0,-0.00010417468340071874,0.0001043095667527351,0,-0,-0.060305183277885782,0
2.0800000000000001,0,0.080000000000000071,0,-8.5658155041695749e-05,0.00010768150118062357,0,-0,-0.060305183277885782,0
2.085,0,0.084999999999999964,0,-6.4620951007404975e-05,0.00011151062300274113,0,0,-0.060305183277885782,0
2.0899999999999999,0,0.089999999999999858,0,-4.1082843331961512e-05,0.00011579595443496263,0,0,-0.060305183277885782,0
2.0950000000000002,0,0.095000000000000195,0,-1.5063397454442128e-05,0.00012053652762943638,0,0,-0.060305183277885782,0
2.1000000000000001,0,0.10000000000000009,0,1.3418025089738276e-05,0.00012573138454517757,0,0,-0.060305183277885782,0
2.105,0,0.10499999999999998,0,4.4342264019437399e-05,0.00013137957682068387,0,0,-0.060305183277885782,0
2.1099999999999999,0,0.10999999999999988,0,6.3823157287883132e-05,0.00013415052362328428,0,0,-0.15279335042888806,0
2.1150000000000002,0,0.11500000000000021,0,7.4820375581713969e-05,0.00013528869550561852,0,0,-0.15279335042888806,0
2.1200000000000001,0,0.12000000000000011,0,8.4313962453448242e-05,0.00013658690125164366,0,0,-0.15279335042888806,0
2.125,0,0.125,0,9.2298071292751558e-05,0.0001380453210375628,0,0,-0.15279335042888806,0
2.1299999999999999,0,0.12999999999999989,0,9.8766825079550061e-05,0.0001396641361748491,0,0,-0.15279335042888806,0
2.1349999999999998,0,0.13499999999999979,0,0.00010371431618609616,0.00014144352911752477,0,0,-0.15279335042888806,0
2.1400000000000001,0,0.14000000000000012,0,0.00010713460617748507,0.00014338368346949687,0,0,-0.15279335042888806,0
2.145,0,0.14500000000000002,0,0.00010902172561060808,0.00014548478399194946,0,0,-0.15279335042888806,0
2.1499999999999999,0,0.14999999999999991,0,0.00010936967383153205,0.00014774701661079658,0,0,-0.15279335042888806,0
2.1549999999999998,0,0.1549999999999998,0,0.00010817241877128484,0.00015017056842419043,0,0,-0.15279335042888806,0
2.1600000000000001,0,0.16000000000000014,0,0.00010542389674003674,0.00015275562771009148,-0,0,-0.15279335042888806,0
2.165,0,0.16500000000000004,0,0.00010111801221966251,0.00015550238393389592,-0,0,-0.15279335042888806,0
2.1699999999999999,0,0.16999999999999993,0,9.5248637654665757e-05,0.00015841102775612535,-0,0,-0.15279335042888806,0
2.1749999999999998,0,0.17499999999999982,0,8.7809613241455364e-05,0.00016148175104017614,-0,0,-0.15279335042888806,0
2.1800000000000002,0,0.18000000000000016,0,7.8794746715954631e-05,0.00016471474686013049,-0,-0,-0.15279335042888806,0
2.1850000000000001,0,0.18500000000000005,0,6.8197813139533867e-05,0.00016811020950862786,-0,-0,-0.15279335042888806,0
2.1899999999999999,0,0.18999999999999995,0,2.9986636375224673e-05,0.00016356813923241697,-0,-0,-0.25310402341912119,0
2.1949999999999998,0,0.19499999999999984,0,-1.3466681135189168e-05,0.00015709840596149569,-0,-0,-0.25310402341912119,0
2.2000000000000002,0,0.20000000000000018,0,-5.2556513940031486e-05,0.00015156114438675977,-0,-0,-0.25310402341912119,0
2.2050000000000001,0,0.20500000000000007,0,-8.733630287265616e-05,0.00014695016446660507,-0,-0,-0.25310402341912119,0
2.21,0,0.20999999999999996,0,-0.00011785862488675601,0.00014325937715292501,-0,-0,-0.25310402341912119,0
2.2149999999999999,0,0.21499999999999986,0,-0.00014417521044319276,0.00014048279235867909,-0,-0,-0.25310402341912119,0
2.2200000000000002,0,0.2200000000000002,0,-0.00016633696047860694,0.00013861451697434751,-0,-0,-0.25310402341912119,0
2.2250000000000001,0,0.22500000000000009,0,-0.00018439396296746668,0.00013764875293191227,-0,-0,-0.25310402341912119,0
2.23,0,0.22999999999999998,0,-0.00019839550908890631,0.00013757979531503597,-0,-0,-0.25310402341912119,0
2.2349999999999999,0,0.23499999999999988,0,-0.00020839010900927486,0.00013840203051416176,0,-0,-0.25310402341912119,0
2.2400000000000002,0,0.24000000000000021,0,-0.0002144255072910396,0.00014010993442529134,0,-0,-0.25310402341912119,0
2.2450000000000001,0,0.24500000000000011,0,-0.00021654869793830969,0.00014269807069123875,0,-0,-0.25310402341912119,0
2.25,0,0.25,0,-0.00021480593908894716,0.0001461610889841989,0,-0,-0.25310402341912119,0
2.2549999999999999,0,0.25499999999999989,0,-0.00020924276736290312,0.0001504937233284992,0,-0,-0.25310402341912119,0
2.2599999999999998,0,0.25999999999999979,0,-0.00019990401187613418,0.00015569079046244463,0,0,-0.25310402341912119,0
2.2650000000000001,0,0.26500000000000012,0,-0.00018683380792915396,0.00016174718823819622,0,0,-0.25310402341912119,0
2.27,0,0.27000000000000002,0,-0.00017007561037900626,0.00016865789405865391,0,0,-0.25310402341912119,0
2.2749999999999999,0,0.27499999999999991,0,-0.00014967220670315055,0.00017641796335035798,0,0,-0.25310402341912119,0
2.2799999999999998,0,0.2799999999999998,0,-0.00012566572976353328,0.00018502252807143252,0,0,-0.25310402341912119,0
2.2850000000000001,0,0.28500000000000014,0,-9.8097670278822035e-05,0.00019446679525364608,0,0,-0.25310402341912119,0
2.29,0,0.29000000000000004,0,-5.9122766518215532e-05,0.00019518209559657248,-0,0,-0.3416528075220861,0
2.2949999999999999,0,0.29499999999999993,0,2.6782358557096505e-05,0.00013893060428482303,-0,0,-0.3416528075220861,0
2.2999999999999998,0,0.29999999999999982,0,0.00010422416172031932,8.8838178593949029e-05,-0,0,-0.3416528075220861,0
2.3050000000000002,0,0.30500000000000016,0,0.0001729470797630138,4.4988534265809474e-05,-0,0,-0.3416528075220861,0
2.3100000000000001,0,0.31000000000000005,0,0.00023268479183134172,7.4689598126058084e-06,-0,0,-0.3416528075220861,0
2.3149999999999999,0,0.31499999999999995,0,0.00028315964758679165,-2.3629493595190356e-05,-0,0,-0.3416528075220861,0
2.3199999999999998,0,0.31999999999999984,0,0.00032408205849832739,-4.8211809998098993e-05,-0,0,-0.3416528075220861,0
2.3250000000000002,0,0.32500000000000018,0,0.00035514984946270826,-6.6178793343247611e-05,-0,0,-0.3416528075220861,0
2.3300000000000001,0,0.33000000000000007,0,0.00037604756770330642,-7.742683799363351e-05,-0,0,-0.3416528075220861,0
2.335,0,0.33499999999999996,0,0.00037978837858760619,-9.4365932106062509e-05,0,0,-0.35689455013185717,0
2.3399999999999999,0,0.33999999999999986,0,0.00037386347342169854,-0.00010574956180803054,0,0,-0.35689455013185717,0
2.3450000000000002,0,0.3450000000000002,0,0.00035926847586437957,-0.00011049501264225763,0,0,-0.35689455013185717,0
2.3500000000000001,0,0.35000000000000009,0,0.00033628393063604917,-0.00010871382998085756,-0,0,-0.35689455013185717,0
2.355,0,0.35499999999999998,0,0.00030517867933498315,-0.00010051290449835553,-0,0,-0.35689455013185717,0
2.3599999999999999,0,0.35999999999999988,0,0.00026621046439866754,-8.5994712385963266e-05,-0,0,-0.35689455013185717,0
2.3650000000000002,0,0.36500000000000021,0,0.00021962649604496685,-6.5257540841782128e-05,-0,0,-0.35689455013185717,0
2.3700000000000001,0,0.37000000000000011,0,0.00016566398481375648,-3.8395699879238271e-05,-0,-0,-0.35689455013185717,0
2.375,0,0.375,0,0.00010455064211966101,-5.4997214125330601e-06,-0,-0,-0.35689455013185717,0
2.3799999999999999,0,0.37999999999999989,0,3.650515103552838e-05,3.3343453498071014e-05,-0,-0,-0.35689455013185717,0
2.3849999999999998,0,0.38499999999999979,0,-3.8262390648148928e-05,7.80502984276853e-05,-0,-0,-0.35689455013185717,0
2.3900000000000001,0,0.39000000000000012,0,-9.1510674727496378e-05,8.9063746318311646e-05,-0,-0,-0.45018294848657681,0
2.395,0,0.39500000000000002,0,-0.00012347307658181836,7.3671576419345001e-05,-0,-0,-0.45018294848657681,0
2.3999999999999999,0,0.39999999999999991,0,-0.00015227394049105041,5.9261261958194151e-05,-0,-0,-0.45018294848657681,0
2.4049999999999998,0,0.4049999999999998,0,-0.00017787014533919579,4.583689913821149e-05,-0,-0,-0.45018294848657681,0
2.4100000000000001,0,0.41000000000000014,0,-0.00020021778514980551,3.34026580354068e-05,-0,-0,-0.45018294848657681,0
2.415,0,0.41500000000000004,0,-0.00021927215114776079,2.1962784286768993e-05,-0,-0,-0.45018294848657681,0
2.4199999999999999,0,0.41999999999999993,0,-0.00023498771332683627,1.1521600825094314e-05,-0,-0,-0.45018294848657681,0
2.4249999999999998,0,0.42499999999999982,0,-0.0002473181015070442,2.0835096618446967e-06,-0,-0,-0.45018294848657681,0
2.4300000000000002,0,0.43000000000000016,0,-0.00025621608586523883,-6.3470062804234931e-06,-0,-0,-0.45018294848657681,0
2.4350000000000001,0,0.43500000000000005,0,-0.00026163355692179595,-1.3765381284432627e-05,-0,-0,-0.45018294848657681,0
2.4399999999999999,0,0.43999999999999995,0,-0.00026352150496556796,-2.0166964901695338e-05,0,-0,-0.45018294848657681,0
2.4449999999999998,0,0.44499999999999984,0,-0.00026182999889862201,-2.5547019961410117e-05,0,-0,-0.45018294848657681,0
2.4500000000000002,0,0.45000000000000018,0,-0.00025650816448158896,-2.990072052294707e-05,0,-0,-0.45018294848657681,0
2.4550000000000001,0,0.45500000000000007,0,-0.00024750416195971805,-3.3223149770043769e-05,0,-0,-0.45018294848657681,0
2.46,0,0.45999999999999996,0,-0.00023476516304896434,-3.5509297844772752e-05,0,-0,-0.45018294848657681,0
2.4649999999999999,0,0.46499999999999986,0,-0.00021823732726065711,-3.675405961925263e-05,0,-0,-0.45018294848657681,0
2.4700000000000002,0,0.4700000000000002,0,-0.00019786577754246052,-3.6952232403012492e-05,0,-0,-0.45018294848657681,0
2.4750000000000001,0,0.47500000000000009,0,-0.00017359457521249168,-3.6098513583827626e-05,0,-0,-0.45018294848657681,0
2.48,0,0.47999999999999998,0,-0.00014536669416252113,-3.41874981997645e-05,0,0,-0.45018294848657681,0
2.4849999999999999,0,0.48499999999999988,0,-0.00011312399430530825,-3.1213676440082558e-05,0,0,-0.45018294848657681,0
2.4900000000000002,0,0.49000000000000021,0,-7.6807194240072945e-05,-2.7171431072549348e-05,0,0,-0.45018294848657681,0
2.4950000000000001,0,0.49500000000000011,0,-3.6355843109143522e-05,-2.2055034794630676e-05,0,0,-0.45018294848657681,0
2.5,0,0.5,0,8.2917083823314811e-06,-1.5858647505908713e-05,0,0,-0.45018294848657681,0
2.5049999999999999,0,0.50499999999999989,0,5.7198337812722711e-05,-8.5763134989892794e-06,0,0,-0.45018294848657681,0
2.5099999999999998,0,0.50999999999999979,0,0.00011042818178670652,-2.0195856603625532e-07,0,0,-0.45018294848657681,0
2.5150000000000001,0,0.51500000000000012,0,0.00013011650095579372,4.6701358995683552e-07,0,0,-0.55927564850449007,0
2.52,0,0.52000000000000002,0,0.00013402499424597413,-1.9437863512858508e-06,0,0,-0.55927564850449007,0
2.5249999999999999,0,0.52499999999999991,0,0.00013602737938468295,-4.1341065654443771e-06,0,0,-0.55927564850449007,0
2.5299999999999998,0,0.5299999999999998,0,0.0001361332483234204,-6.1043281468242355e-06,0,0,-0.55927564850449007,0
2.5350000000000001,0,0.53500000000000014,0,0.00013435212870968288,-7.8548294150924912e-06,0,0,-0.55927564850449007,0
2.54,0,0.54000000000000004,0,0.00013069348442490642,-9.3859859384059338e-06,0,0,-0.55927564850449007,0
2.5449999999999999,0,0.54499999999999993,0,0.0001251667161170161,-1.0698170556308785e-05,0,0,-0.55927564850449007,0
2.5499999999999998,0,0.54999999999999982,0,0.00011778116172764972,-1.1791753402400019e-05,0,0,-0.55927564850449007,0
2.5550000000000002,0,0.55500000000000016,0,0.00010854609701411262,-1.2667101926774508e-05,0,0,-0.55927564850449007,0
2.5600000000000001,0,0.56000000000000005,0,9.7470736066132809e-05,-1.3324580918240584e-05,0,0,-0.55927564850449007,0
2.5649999999999999,0,0.56499999999999995,0,8.4564231817462984e-05,-1.3764552526316442e-05,-0,0,-0.55927564850449007,0
2.5699999999999998,0,0.56999999999999984,0,6.9835676552405527e-05,-1.3987376283007508e-05,-0,0,-0.55927564850449007,0
2.5750000000000002,0,0.57500000000000018,0,5.3294102407306344e-05,-1.3993409124367983e-05,-0,0,-0.55927564850449007,0
2.5800000000000001,0,0.58000000000000007,0,3.4948481867089258e-05,-1.3783005411848766e-05,-0,0,-0.55927564850449007,0
2.585,0,0.58499999999999996,0,1.4807728256864505e-05,-1.3356516953433843e-05,-0,-0,-0.55927564850449007,0
2.5899999999999999,0,0.58999999999999986,0,-7.1193037713017182e-06,-1.271429302456843e-05,-0,-0,-0.55927564850449007,0
2.5950000000000002,0,0.5950000000000002,0,-2.8131211279132501e-05,-1.2029786114478674e-05,-0,-0,-0.65906773930102069,0
2.6000000000000001,0,0.60000000000000009,0,-1.9818449990656474e-05,-1.31899107863516e-05,-0,-0,-0.65906773930102069,0
2.605,0,0.60499999999999998,0,-1.2046579164200207e-05,-1.4326111247853396e-05,-0,-0,-0.65906773930102069,0
2.6099999999999999,0,0.60999999999999988,0,-4.8144276243882488e-06,-1.5438419449737266e-05,-0,-0,-0.65906773930102069,0
2.6150000000000002,0,0.61500000000000021,0,1.8791724238140226e-06,-1.6526867256643349e-05,-0,-0,-0.65906773930102069,0
2.6200000000000001,0,0.62000000000000011,0,8.0353854072856554e-06,-1.7591486447406524e-05,-0,-0,-0.65906773930102069,0
2.625,0,0.625,0,1.365537239688861e-05,-1.8632308715363756e-05,-0,-0,-0.65906773930102069,0
2.6299999999999999,0,0.62999999999999989,0,1.8740291119547736e-05,-1.9649365668659155e-05,-0,-0,-0.65906773930102069,0
2.6349999999999998,0,0.63499999999999979,0,2.3291295970281738e-05,-2.0642688830548289e-05,-0,-0,-0.65906773930102069,0
2.6400000000000001,0,0.64000000000000012,0,2.7309538024181853e-05,-2.1612309639701065e-05,-0,-0,-0.65906773930102069,0
2.645,0,0.64500000000000002,0,3.0796165048337263e-05,-2.2558259450502935e-05,-0,-0,-0.65906773930102069,0
2.6499999999999999,0,0.64999999999999991,0,3.3752321513712604e-05,-2.348056953335567e-05,0,-0,-0.65906773930102069,0
2.6549999999999998,0,0.6549999999999998,0,3.6179148606970737e-05,-2.4379271074975961e-05,0,-0,-0.65906773930102069,0
2.6600000000000001,0,0.66000000000000014,0,3.8077784242246665e-05,-2.5254395178693235e-05,0,-0,-0.65906773930102069,0
2.665,0,0.66500000000000004,0,3.944936307286973e-05,-2.6105972864745731e-05,0,-0,-0.65906773930102069,0
2.6699999999999999,0,0.66999999999999993,0,4.0295016503036947e-05,-2.6934035070576122e-05,0,-0,-0.65906773930102069,0
2.6749999999999998,0,0.67499999999999982,0,4.0615872699434734e-05,-2.7738612651124959e-05,0,-0,-0.65906773930102069,0
2.6800000000000002,0,0.68000000000000016,0,4.0413056602811448e-05,-2.8519736379123554e-05,0,0,-0.65906773930102069,0
2.6850000000000001,0,0.68500000000000005,0,3.9687689939500383e-05,-2.9277436945384901e-05,0,0,-0.65906773930102069,0
2.6899999999999999,0,0.68999999999999995,0,3.8440891232893181e-05,-3.0011744959094251e-05,0,0,-0.65906773930102069,0
2.6949999999999998,0,0.69499999999999984,0,3.6673775814864248e-05,-3.0722690948097635e-05,0,0,-0.65906773930102069,0
2.7000000000000002,0,0.70000000000000018,0,3.43874558371461e-05,-3.1410305359189729e-05,0,0,-0.65906773930102069,0
2.7050000000000001,0,0.70500000000000007,0,3.1583040282657078e-05,-3.2074618558399805e-05,0,0,-0.65906773930102069,0
2.71,0,0.70999999999999996,0,2.826163497677873e-05,-3.2715660831277463e-05,0,0,-0.65906773930102069,0
2.7149999999999999,0,0.71499999999999986,0,2.8398583841763301e-05,-3.0235677610194247e-05,0,0,-0.76131733931679202,0
2.7200000000000002,0,0.7200000000000002,0,3.6246317937503193e-05,-2.1999937070838118e-05,0,0,-0.76131733931679202,0
2.7250000000000001,0,0.72500000000000009,0,4.4845296079989012e-05,-1.3760145582632511e-05,0,0,-0.76131733931679202,0
2.73,0,0.72999999999999998,0,5.4195658140577849e-05,-5.5163025772171847e-06,0,0,-0.76131733931679202,0
2.7349999999999999,0,0.73499999999999988,0,6.429754402535734e-05,2.7315925138195354e-06,0,0,-0.76131733931679202,0
2.7400000000000002,0,0.74000000000000021,0,7.5151093675157867e-05,1.0983540258941669e-05,0,0,-0.76131733931679202,0
2.7450000000000001,0,0.74500000000000011,0,8.6756447065559561e-05,1.9239541226663021e-05,0,0,-0.76131733931679202,0
2.75,0,0.75,0,9.9113744206908851e-05,2.7499595985551447e-05,-0,0,-0.76131733931679202,0
2.7549999999999999,0,0.75499999999999989,0,0.00011222312514432551,3.5763705104225878e-05,-0,0,-0.76131733931679202,0
2.7599999999999998,0,0.75999999999999979,0,0.00012608472995771422,4.4031869151356991e-05,-0,0,-0.76131733931679202,0
2.7650000000000001,0,0.76500000000000012,0,0.00014069869876177698,5.2304088695667895e-05,-0,0,-0.76131733931679202,0
2.77,0,0.77000000000000002,0,0.0001560651717060184,6.0580364305931185e-05,-0,0,-0.76131733931679202,0
2.7749999999999999,0,0.77499999999999991,0,0.00017218428897476442,6.8860696550973328e-05,-0,0,-0.76131733931679202,0
2.7799999999999998,0,0.7799999999999998,0,0.00018905619078716802,7.7145085999671679e-05,-0,0,-0.76131733931679202,0
2.7850000000000001,0,0.78500000000000014,0,0.00020668101739722286,8.5433533220955854e-05,-0,0,-0.76131733931679202,0
2.79,0,0.79000000000000004,0,0.00022505890909376767,9.3726038783804825e-05,-0,-0,-0.76131733931679202,0
2.7949999999999999,0,0.79499999999999993,0,0.00024419000620050683,0.00010202260325725132,-0,-0,-0.76131733931679202,0
2.7999999999999998,0,0.79999999999999982,0,0.0002640744490760147,0.00011032322721037865,-0,-0,-0.76131733931679202,0
2.8050000000000002,0,0.80500000000000016,0,0.00022362335116851297,9.542125059571728e-05,0,-0,-0.85396028082312203,0
2.8100000000000001,0,0.81000000000000005,0,0.00014332062957501528,6.6041511410789869e-05,0,-0,-0.85396028082312203,0
2.8149999999999999,0,0.81499999999999995,0,6.9204667969788839e-05,3.9912455153958163e-05,0,-0,-0.85396028082312203,0
2.8199999999999998,0,0.81999999999999984,0,1.4284835985119956e-06,1.7075701475618086e-05,0,-0,-0.85396028082312203,0
2.8250000000000002,0,0.82500000000000018,0,-5.9849893213410397e-05,-2.4257446623070036e-06,0,-0,-0.85396028082312203,0
2.8300000000000001,0,0.83000000000000007,0,-0.00011446721201718679,-1.8547435787568663e-05,0,-0,-0.85396028082312203,0
2.835,0,0.83499999999999996,0,-0.00015924135409683856,-3.655281161433341e-05,-0,-0,-0.86548216038489911,0
2.8399999999999999,0,0.83999999999999986,0,-0.00019487470983235147,-5.1436054091974932e-05,-0,-0,-0.86548216038489911,0
2.8450000000000002,0,0.8450000000000002,0,-0.0002218574221390409,-6.2526808424923864e-05,-0,-0,-0.86548216038489911,0
2.8500000000000001,0,0.85000000000000009,0,-0.00024039667580192596,-6.9882912298827309e-05,0,-0,-0.86548216038489911,0
2.855,0,0.85499999999999998,0,-0.00025069306963950219,-7.3560375370330028e-05,0,-0,-0.86548216038489911,0
2.8599999999999999,0,0.85999999999999988,0,-0.00025294087614168763,-7.3613451329120983e-05,0,-0,-0.86548216038489911,0
2.8650000000000002,0,0.86500000000000021,0,-0.00024732828892104312,-7.0094706577579266e-05,0,-0,-0.86548216038489911,0
2.8700000000000001,0,0.87000000000000011,0,-0.00023403765863942537,-6.3055085711799432e-05,0,-0,-0.86548216038489911,0
2.875,0,0.875,0,-0.00021324571803143616,-5.2543973976452104e-05,0,-0,-0.86548216038489911,0
2.8799999999999999,0,0.87999999999999989,0,-0.00018512379660804655,-3.8609256855399155e-05,0,0,-0.86548216038489911,0
2.8849999999999998,0,0.88499999999999979,0,-0.00014983802558836201,-2.129737695014728e-05,0,0,-0.86548216038489911,0
2.8900000000000001,0,0.89000000000000012,0,-0.0001075495335744934,-6.533882890682655e-07,0,0,-0.86548216038489911,0
2.895,0,0.89500000000000002,0,-5.8414633453741487e-05,2.3278991798218561e-05,0,0,-0.86548216038489911,0
2.8999999999999999,0,0.89999999999999991,0,-2.5850009834919234e-06,5.0457333114919975e-05,0,0,-0.86548216038489911,0
2.9049999999999998,0,0.9049999999999998,0,5.9792154512473399e-05,8.0840445220594772e-05,0,0,-0.86548216038489911,0
2.9100000000000001,0,0.91000000000000014,0,0.00012857392693274014,0.0001143883321321539,0,0,-0.86548216038489911,0
2.915,0,0.91500000000000004,0,0.00015887796415435225,0.00012725445964902653,0,0,-0.95876711805098602,0
2.9199999999999999,0,0.91999999999999993,0,0.00015695453866268949,0.00012377635709994605,0,0,-0.95876711805098602,0
2.9249999999999998,0,0.92499999999999982,0,0.00015329789507553509,0.0001204470051793268,0,0,-0.95876711805098602,0
2.9300000000000002,0,0.93000000000000016,0,0.00014789991419598974,0.00011726682538905667,0,0,-0.95876711805098602,0
2.9350000000000001,0,0.93500000000000005,0,0.00014075242605801117,0.00011423624176385332,0,0,-0.95876711805098602,0
2.9399999999999999,0,0.93999999999999995,0,0.00013184720952897773,0.00011135568089104225,0,0,-0.95876711805098602,0
2.9449999999999998,0,0.94499999999999984,0,0.00012117599190851697,0.00010862557193052373,0,0,-0.95876711805098602,0
2.9500000000000002,0,0.95000000000000018,0,0.00010873044852355083,0.00010604634663492584,0,0,-0.95876711805098602,0
2.9550000000000001,0,0.95500000000000007,0,9.4502202319524602e-05,0.00010361843936994938,0,0,-0.95876711805098602,0
2.96,0,0.95999999999999996,0,7.8482823447760687e-05,0.00010134228713490305,0,0,-0.95876711805098602,0
2.9649999999999999,0,0.96499999999999986,0,6.0663828848916406e-05,9.9218329583434693e-05,0,0,-0.95876711805098602,0
2.9700000000000002,0,0.9700000000000002,0,4.1036681832484575e-05,9.7247009044458554e-05,0,0,-0.95876711805098602,0
2.9750000000000001,0,0.97500000000000009,0,1.9592791652309975e-05,9.5428770543281384e-05,0,0,-0.95876711805098602,0
2.98,0,0.97999999999999998,0,-3.676486921949677e-06,9.3764061822928916e-05,-0,0,-0.95876711805098602,0
2.9849999999999999,0,0.98499999999999988,0,-2.8779854037428556e-05,9.2253333365676277e-05,-0,0,-0.95876711805098602,0
2.9900000000000002,0,0.99000000000000021,0,-5.5726065194797424e-05,9.0897038414783474e-05,-0,0,-0.95876711805098602,0
2.9950000000000001,0,0.99500000000000011,0,-8.4523931689168622e-05,8.9695632996438985e-05,-0,-0,-0.95876711805098602,0
3,0,1,0,-0.0001151823210552467,8.8649575941912473e-05,-0,-0,-0.95876711805098602,0
3.0049999999999999,0,1.0049999999999999,0,-0.0001227171531046787,8.4457823387853797e-05,-0,-0,-1.0566353840781866,0
3.0099999999999998,0,1.0099999999999998,0,-9.0782068755296377e-05,7.5085395060870021e-05,-0,-0,-1.0566353840781866,0
3.0150000000000001,0,1.0150000000000001,0,-6.3038655564379706e-05,6.6357568660899526e-05,-0,-0,-1.0566353840781866,0
3.02,0,1.02,0,-3.9527919046313204e-05,5.8279885075393234e-05,-0,-0,-1.0566353840781866,0
3.0249999999999999,0,1.0249999999999999,0,-2.0291401136075392e-05,5.0857957680868084e-05,-0,-0,-1.0566353840781866,0
3.0299999999999998,0,1.0299999999999998,0,-5.3711889896283359e-06,4.4097473532147015e-05,-0,-0,-1.0566353840781866,0
3.0350000000000001,0,1.0350000000000001,0,5.190076041884401e-06,3.8004194575084293e-05,0,-0,-1.0566353840781866,0
3.04,0,1.04,0,1.1349189260092342e-05,3.258395888332651e-05,0,-0,-1.0566353840781866,0
3.0449999999999999,0,1.0449999999999999,0,1.3062373285393689e-05,2.7842681919658519e-05,0,-0,-1.0566353840781866,0
3.0499999999999998,0,1.0499999999999998,0,1.0285268536741387e-05,2.3786357822516767e-05,0,-0,-1.0566353840781866,0
3.0550000000000002,0,1.0550000000000002,0,2.9729235208836931e-06,2.0421060718249703e-05,0,-0,-1.0566353840781866,0
3.0600000000000001,0,1.0600000000000001,0,-8.9202150734074234e-06,1.7752946059733248e-05,0,-0,-1.0566353840781866,0
3.0649999999999999,0,1.0649999999999999,0,-2.5440312480711879e-05,1.5788251991955926e-05,0,-0,-1.0566353840781866,0
3.0699999999999998,0,1.0699999999999998,0,-4.6634156168637769e-05,1.4533300745215943e-05,0,-0,-1.0566353840781866,0
3.0750000000000002,0,1.0750000000000002,0,-7.2549166356644348e-05,1.3994500056579117e-05,0,-0,-1.0566353840781866,0
3.0800000000000001,0,1.0800000000000001,0,-0.0001032334067489603,1.4178344620270345e-05,0,0,-1.0566353840781866,0
3.085,0,1.085,0,-0.00013873559548673549,1.509141756768808e-05,0,0,-1.0566353840781866,0
3.0899999999999999,0,1.0899999999999999,0,-0.00017910511632462131,1.6740391977749906e-05,0,0,-1.0566353840781866,0
3.0950000000000002,0,1.0950000000000002,0,-0.00022439203003720153,1.9132032418297253e-05,0,0,-1.0566353840781866,0
3.1000000000000001,0,1.1000000000000001,0,-0.00027464708606076999,2.2273196519305388e-05,0,0,-1.0566353840781866,0
3.105,0,1.105,0,-0.00029314779690722923,2.0945939882567605e-05,0,0,-1.1574847963997998,0
3.1099999999999999,0,1.1099999999999999,0,-0.0002267355940021632,8.0133476618559886e-06,0,0,-1.1574847963997998,0
3.1150000000000002,0,1.1150000000000002,0,-0.00016558866394147953,-3.4780871186491642e-06,0,0,-1.1574847963997998,0
3.1200000000000001,0,1.1200000000000001,0,-0.00010979221216280837,-1.3509897195838174e-05,0,0,-1.1574847963997998,0
3.125,0,1.125,0,-5.9433287051030635e-05,-2.2063213288695518e-05,0,0,-1.1574847963997998,0
3.1299999999999999,0,1.1299999999999999,0,-1.4600830040293309e-05,-2.9118753170838056e-05,-0,0,-1.1574847963997998,0
3.1349999999999998,0,1.1349999999999998,0,2.4614272640596357e-05,-3.4656810384623157e-05,-0,0,-1.1574847963997998,0
3.1400000000000001,0,1.1400000000000001,0,5.8119136516129486e-05,-3.865724258302831e-05,-0,0,-1.1574847963997998,0
3.145,0,1.145,0,8.4551105376364587e-05,-4.1986073315300365e-05,0,0,-1.1634836883855544,0
3.1499999999999999,0,1.1499999999999999,0,0.0001042779739077127,-4.3683186784943146e-05,0,0,-1.1634836883855544,0
3.1549999999999998,0,1.1549999999999998,0,0.00011746294464447581,-4.3707751958295076e-05,0,0,-1.1634836883855544,0
3.1600000000000001,0,1.1600000000000001,0,0.00012421150095653032,-4.2080328935413735e-05,0,0,-1.1634836883855544,0
3.165,0,1.165,0,0.00012462686749978736,-3.8821039959022554e-05,0,0,-1.1634836883855544,0
3.1699999999999999,0,1.1699999999999999,0,0.00011881007035295635,-3.394958107105306e-05,-0,0,-1.1634836883855544,0
3.1749999999999998,0,1.1749999999999998,0,0.00010685999524315915,-2.748523339874434e-05,-0,0,-1.1634836883855544,0
3.1800000000000002,0,1.1800000000000002,0,8.8873443930882724e-05,-1.9446874083959085e-05,-0,0,-1.1634836883855544,0
3.1850000000000001,0,1.1850000000000001,0,6.4945188821810939e-05,-9.8529868688117182e-06,-0,0,-1.1634836883855544,0
3.1899999999999999,0,1.1899999999999999,0,3.5168025870223531e-05,1.2783276498595961e-06,-0,0,-1.1634836883855544,0
3.1949999999999998,0,1.1949999999999998,0,-3.6717416397843363e-07,1.3929342085139009e-05,-0,-0,-1.1634836883855544,0
3.2000000000000002,0,1.2000000000000002,0,-4.1571416045179128e-05,2.808269263228242e-05,-0,-0,-1.1634836883855544,0
3.2050000000000001,0,1.2050000000000001,0,-8.8357531921828803e-05,4.3721369737505e-05,-0,-0,-1.1634836883855544,0
3.21,0,1.21,0,-0.00014064013466146271,6.0828709052724257e-05,-0,-0,-1.1634836883855544,0
3.2149999999999999,0,1.2149999999999999,0,-0.00016594767001405173,7.5703504078273388e-05,-0,-0,-1.2619813014893915,0
3.2200000000000002,0,1.2200000000000002,0,-0.00012546804731100548,8.3290694332766748e-05,-0,-0,-1.2619813014893915,0
3.2250000000000001,0,1.2250000000000001,0,-8.7546363095161798e-05,9.103842250940827e-05,-0,-0,-1.2619813014893915,0
3.23,0,1.23,0,-5.2168141951795268e-05,9.8946066659273856e-05,-0,-0,-1.2619813014893915,0
3.2349999999999999,0,1.2349999999999999,0,-1.9319017752879393e-05,0.0001070130096519518,-0,-0,-1.2619813014893915,0
3.2400000000000002,0,1.2400000000000002,0,1.1015267372199371e-05,0.00011523863913022845,-0,-0,-1.2619813014893915,0
3.2450000000000001,0,1.2450000000000001,0,3.8848864054300749e-05,0.00012362234746528047,0,-0,-1.2619813014893915,0
3.25,0,1.25,0,6.4195816690757398e-05,0.00013216353171237945,0,-0,-1.2619813014893915,0
3.2549999999999999,0,1.2549999999999999,0,8.7070064440266699e-05,0.00014086159356708683,0,-0,-1.2619813014893915,0
3.2599999999999998,0,1.2599999999999998,0,0.00010748544220663611,0.0001497159393219436,0,-0,-1.2619813014893915,0
3.2650000000000001,0,1.2650000000000001,0,0.00012545568161151271,0.00015872597982364561,0,-0,-1.2619813014893915,0
3.27,0,1.27,0,0.00014099441195623426,0.00016789113043069311,0,-0,-1.2619813014893915,0
3.2749999999999999,0,1.2749999999999999,0,0.00015411516117296673,0.00017721081097152048,0,-0,-1.2619813014893915,0
3.2799999999999998,0,1.2799999999999998,0,0.00016483135676523562,0.00018668444570308531,0,-0,-1.2619813014893915,0
3.2850000000000001,0,1.2850000000000001,0,0.00017315632673801397,0.00019631146326992135,0,-0,-1.2619813014893915,0
3.29,0,1.29,0,0.00017910330051748694,0.00020609129666364093,0,0,-1.2619813014893915,0
3.2949999999999999,0,1.2949999999999999,0,0.00018268540986064071,0.00021602338318289503,0,0,-1.2619813014893915,0
3.2999999999999998,0,1.2999999999999998,0,0.00018391568975478995,0.00022610716439376699,0,0,-1.2619813014893915,0
3.3050000000000002,0,1.3050000000000002,0,0.0001783611952692018,0.0002330163422394995,-0,0,-1.3510187411292998,0
3.3100000000000001,0,1.3100000000000001,0,8.8604212806802664e-05,0.00017861122950266317,-0,0,-1.3510187411292998,0
3.3149999999999999,0,1.3149999999999999,0,5.7483899662297163e-06,0.00013078908888765396,-0,0,-1.3510187411292998,0
3.3199999999999998,0,1.3199999999999998,0,-6.9981547459725576e-05,8.9638464479122452e-05,-0,0,-1.3510187411292998,0
3.3250000000000002,0,1.3250000000000002,0,-0.00013835119395886984,5.5251725205115513e-05,-0,0,-1.3510187411292998,0
3.3300000000000001,0,1.3300000000000001,0,-0.00019911593743216399,2.7725273022216254e-05,-0,0,-1.3510187411292998,0
3.335,0,1.335,0,-0.00025202039753470903,7.1597648481376818e-06,-0,0,-1.3510187411292998,0
3.3399999999999999,0,1.3399999999999999,0,-0.00029679782651483965,-6.3396506872692921e-06,-0,0,-1.3510187411292998,0
3.3450000000000002,0,1.3450000000000002,0,-0.00033316946959722853,-1.2663080505328251e-05,-0,0,-1.3510187411292998,0
3.3500000000000001,0,1.3500000000000001,0,-0.000360843881686763,-1.169561708254658e-05,-0,0,-1.3510187411292998,0
3.355,0,1.355,0,-0.00037510504367824476,-1.4416792367283392e-05,-0,0,-1.3667991186125417,0
3.3599999999999999,0,1.3599999999999999,0,-0.00037507861831636853,-2.0056967133477564e-05,-0,0,-1.3667991186125417,0
3.3650000000000002,0,1.3650000000000002,0,-0.00036487132990231495,-1.8323565016920939e-05,-0,0,-1.3667991186125417,0
3.3700000000000001,0,1.3700000000000001,0,-0.00034481582328645648,-9.347732767547585e-06,-0,0,-1.3667991186125417,0
3.375,0,1.375,0,-0.00031523026370301299,6.7450924327976667e-06,-0,0,-1.3667991186125417,0
3.3799999999999999,0,1.3799999999999999,0,-0.00027641911613691689,2.9834875652265391e-05,-0,0,-1.3667991186125417,0
3.3849999999999998,0,1.3849999999999998,0,-0.00022867387488740258,5.9806696529217011e-05,-0,-0,-1.3667991186125417,0
3.3900000000000001,0,1.3900000000000001,0,-0.00017227374700215514,9.6550479782091784e-05,-0,-0,-1.3667991186125417,0
3.395,0,1.395,0,-0.00010748629294939164,0.00013996074258110547,-0,-0,-1.3667991186125417,0
3.3999999999999999,0,1.3999999999999999,0,-3.4568027617116952e-05,0.00018993635756365705,-0,-0,-1.3667991186125417,0
3.4049999999999998,0,1.4049999999999998,0,4.6235015523495609e-05,0.00024638033037475575,-0,-0,-1.3667991186125417,0
3.4100000000000001,0,1.4100000000000001,0,0.00010211897919022646,0.000231675329591073,-0,-0,-1.4539158907108882,0
3.415,0,1.415,0,0.00014689709252702513,0.0002051647124465258,-0,-0,-1.4539158907108882,0
3.4199999999999999,0,1.4199999999999999,0,0.00018547168501367847,0.00018105829104942073,-0,-0,-1.4539158907108882,0
3.4249999999999998,0,1.4249999999999998,0,0.00021772109473785462,0.0001593832485305196,-0,-0,-1.4539158907108882,0
3.4300000000000002,0,1.4300000000000002,0,0.00024352046909359391,0.00014016748006984544,-0,-0,-1.4539158907108882,0
3.4350000000000001,0,1.4350000000000001,0,0.00026274165949306886,0.00012343961639322962,-0,-0,-1.4539158907108882,0
3.4399999999999999,0,1.4399999999999999,0,0.00027525311188143634,0.00010922904820544542,-0,-0,-1.4539158907108882,0
3.4449999999999998,0,1.4449999999999998,0,0.00028091975285825688,9.7565951603809849e-05,0,-0,-1.4539158907108882,0
3.4500000000000002,0,1.4500000000000002,0,0.00027960287119844796,8.8481314518436857e-05,0,-0,-1.4539158907108882,0
3.4550000000000001,0,1.4550000000000001,0,0.00027115999455446356,8.2006964227872338e-05,0,-0,-1.4539158907108882,0
3.46,0,1.46,0,0.00025544476110948454,7.8175596001473844e-05,0,-0,-1.4539158907108882,0
3.4649999999999999,0,1.4649999999999999,0,0.00023230678593875396,7.7020802922749167e-05,0,-0,-1.4539158907108882,0
3.4700000000000002,0,1.4700000000000002,0,0.00020159152182273659,7.8577106950844153e-05,0,-0,-1.4539158907108882,0
3.4750000000000001,0,1.4750000000000001,0,0.00016314011424152139,8.2879991280570653e-05,0,-0,-1.4539158907108882,0
3.48,0,1.48,0,0.00011678925026463373,8.996593406475295e-05,0,-0,-1.4539158907108882,0
3.4849999999999999,0,1.4849999999999999,0,6.2371001034363299e-05,9.9872443566277657e-05,0,0,-1.4539158907108882,0
3.4900000000000002,0,1.4900000000000002,0,-2.8734247656934009e-07,0.00011263809481106465,0,0,-1.4539158907108882,0
3.4950000000000001,0,1.4950000000000001,0,-7.136344077039581e-05,0.00012830256781725812,0,0,-1.4539158907108882,0
3.5,0,1.5,0,-0.00015084019074516918,0.0001457908125735213,0,0,-1.4641058244115845,0
3.5049999999999999,0,1.5049999999999999,0,-0.00021017383511062412,0.00015593952188215456,0,0,-1.55962974362075,0
3.5099999999999998,0,1.5099999999999998,0,-0.00016384095310422416,0.00014772971810607906,0,0,-1.55962974362075,0
3.5150000000000001,0,1.5150000000000001,0,-0.00012163884246909889,0.00014012578796288033,0,0,-1.55962974362075,0
3.52,0,1.52,0,-8.3530721700726844e-05,0.00013312324166434242,0,0,-1.55962974362075,0
3.5249999999999999,0,1.5249999999999999,0,-4.9480244909902492e-05,0.00012671764258258126,0,0,-1.55962974362075,0
3.5299999999999998,0,1.5299999999999998,0,-1.9451495392867882e-05,0.00012090460646537651,0,0,-1.55962974362075,0
3.5350000000000001,0,1.5350000000000001,0,6.591020685023072e-06,0.00011567980066535712,0,0,-1.55962974362075,0
3.54,0,1.54,0,2.8682380494403736e-05,0.00011103894338276271,0,0,-1.55962974362075,0
3.5449999999999999,0,1.5449999999999999,0,4.6857250638073036e-05,0.00010697780292149553,0,0,-1.55962974362075,0
3.5499999999999998,0,1.5499999999999998,0,6.1149893140431479e-05,0.00010349219695820024,0,0,-1.55962974362075,0
3.5550000000000002,0,1.5550000000000002,0,7.1594171332385636e-05,0.00010057799182409927,0,0,-1.55962974362075,0
3.5600000000000001,0,1.5600000000000001,0,7.8223555633822589e-05,9.8231101799329263e-05,0,0,-1.55962974362075,0
3.5649999999999999,0,1.5649999999999999,0,8.1071129235745054e-05,9.6447488419520614e-05,0,0,-1.55962974362075,0
3.5699999999999998,0,1.5699999999999998,0,8.0169593684073864e-05,9.5223159794378934e-05,0,0,-1.55962974362075,0
3.5750000000000002,0,1.5750000000000002,0,7.5551274367110718e-05,9.4554169938022235e-05,0,0,-1.55962974362075,0
3.5800000000000001,0,1.5800000000000001,0,6.7248125908593831e-05,9.4436618110839613e-05,0,-0,-1.55962974362075,0
3.585,0,1.585,0,5.529173746822729e-05,9.4866648172640868e-05,0,-0,-1.55962974362075,0
3.5899999999999999,0,1.5899999999999999,0,3.9713337951540949e-05,9.5840447946871291e-05,0,-0,-1.55962974362075,0
3.5950000000000002,0,1.5950000000000002,0,2.0543801130877874e-05,9.7354248595672195e-05,0,-0,-1.55962974362075,0
3.6000000000000001,0,1.6000000000000001,0,-2.1863493207152739e-06,9.9404324005570026e-05,0,-0,-1.55962974362075,0
3.605,0,1.605,0,-2.7463965773575734e-05,0.00010144064265441818,0,-0,-1.6538895505669833,0
3.6099999999999999,0,1.6099999999999999,0,-3.5971672462557994e-05,9.4281869807864746e-05,0,-0,-1.6538895505669833,0
3.6150000000000002,0,1.6150000000000002,0,-4.2073590654613824e-05,8.730521235509521e-05,0,-0,-1.6538895505669833,0
3.6200000000000001,0,1.6200000000000001,0,-4.5756973860226111e-05,8.0511364345213344e-05,0,-0,-1.6538895505669833,0
3.625,0,1.625,0,-4.7008985278096179e-05,7.390102479860155e-05,0,-0,-1.6538895505669833,0
3.6299999999999999,0,1.6299999999999999,0,-4.5816696993899218e-05,6.7474897751015059e-05,0,-0,-1.6538895505669833,0
3.6349999999999998,0,1.6349999999999998,0,-4.2167089170497292e-05,6.1233692298143117e-05,0,-0,-1.6538895505669833,0
3.6400000000000001,0,1.6400000000000001,0,-3.6047049229499047e-05,5.5178122640646424e-05,0,-0,-1.6538895505669833,0
3.645,0,1.645,0,-2.7443371024062393e-05,4.9308908129679545e-05,0,-0,-1.6538895505669833,0
3.6499999999999999,0,1.6499999999999999,0,-1.6342754002822107e-05,4.3626773312895671e-05,0,-0,-1.6538895505669833,0
3.6549999999999998,0,1.6549999999999998,0,-2.7318023648414044e-06,3.8132447980951217e-05,0,-0,-1.6538895505669833,0
3.6600000000000001,0,1.6600000000000001,0,1.3402975794533205e-05,3.2826667214507623e-05,0,-0,-1.6538895505669833,0
3.665,0,1.665,0,3.2075169347017875e-05,2.7710171431742734e-05,0,-0,-1.6538895505669833,0
3.6699999999999999,0,1.6699999999999999,0,5.3298465004074908e-05,2.2783706436370517e-05,0,-0,-1.6538895505669833,0
3.6749999999999998,0,1.6749999999999998,0,7.708664819902458e-05,1.8048023466185057e-05,0,0,-1.6538895505669833,0
3.6800000000000002,0,1.6800000000000002,0,0.00010345360397872673,1.350387924212819e-05,0,0,-1.6538895505669833,0
3.6850000000000001,0,1.6850000000000001,0,0.00013241331790493123,9.1520360178919362e-06,0,0,-1.6538895505669833,0
3.6899999999999999,0,1.6899999999999999,0,0.00016397987696545679,4.9932616300568563e-06,0,0,-1.6538895505669833,0
3.6949999999999998,0,1.6949999999999998,0,0.00013088640176734612,-7.0619007933624267e-07,-0,0,-1.7537982466202775,0
3.7000000000000002,0,1.7000000000000002,0,9.3152527821967643e-05,-6.0497379249694358e-06,-0,0,-1.7537982466202775,0
3.7050000000000001,0,1.7050000000000001,0,5.817948351964457e-05,-1.0826686082304891e-05,-0,0,-1.7537982466202775,0
3.71,0,1.71,0,2.599486278298141e-05,-1.5034475176426359e-05,-0,0,-1.7537982466202775,0
3.7149999999999999,0,1.7149999999999999,0,-3.3733725259391388e-06,-1.8670510939782256e-05,-0,0,-1.7537982466202775,0
3.7200000000000002,0,1.7200000000000002,0,-2.9896886452068901e-05,-2.1732163628871403e-05,-0,0,-1.7537982466202775,0
3.7250000000000001,0,1.7250000000000001,0,-5.3546962669983502e-05,-2.4216767429181953e-05,-0,0,-1.7537982466202775,0
3.73,0,1.73,0,-7.4294498079664553e-05,-2.6121619848109265e-05,-0,0,-1.7537982466202775,0
3.7349999999999999,0,1.7349999999999999,0,-9.2109996272429323e-05,-2.7443981095564766e-05,-0,0,-1.7537982466202775,0
3.7400000000000002,0,1.7400000000000002,0,-0.00010696356086396245,-2.8181073451986372e-05,-0,0,-1.7537982466202775,0
3.7450000000000001,0,1.7450000000000001,0,-0.00011838199042234555,-2.8365363133759848e-05,-0,-0,-1.7601457705285559,0
3.75,0,1.75,0,-0.00012552260387235366,-2.8059827773814294e-05,-0,-0,-1.7601457705285559,0
3.7549999999999999,0,1.7549999999999999,0,-0.00012952288903279028,-2.717737987628581e-05,-0,-0,-1.7601457705285559,0
3.7599999999999998,0,1.7599999999999998,0,-0.00013041450696142396,-2.5720927868206853e-05,-0,-0,-1.7601457705285559,0
3.7650000000000001,0,1.7650000000000001,0,-0.00012822869447298152,-2.3693341620818282e-05,-0,-0,-1.7601457705285559,0
3.77,0,1.77,0,-0.00012299627122125251,-2.1097453093127143e-05,-0,-0,-1.7601457705285559,0
3.7749999999999999,0,1.7749999999999999,0,-0.00011474764663979305,-1.7936056962613678e-05,-0,-0,-1.7601457705285559,0
3.7799999999999998,0,1.7799999999999998,0,-0.00010351282674451636,-1.421191124338929e-05,-0,-0,-1.7601457705285559,0
3.7850000000000001,0,1.7850000000000001,0,-8.9321420801361659e-05,-9.9277378920932071e-06,-0,-0,-1.7601457705285559,0
3.79,0,1.79,0,-7.2202647862161797e-05,-5.086223401813865e-06,-0,-0,-1.7601457705285559,0
3.7949999999999999,0,1.7949999999999999,0,-5.2185343171719939e-05,3.099806156960799e-07,-0,-0,-1.7601457705285559,0
3.7999999999999998,0,1.7999999999999998,0,-2.9297964449071638e-05,6.2582568592346232e-06,-0,-0,-1.7601457705285559,0
3.8050000000000002,0,1.8050000000000002,0,-3.5685980457844953e-06,1.2756021778540913e-05,-0,-0,-1.7601457705285559,0
3.8100000000000001,0,1.8100000000000001,0,2.4975035015884785e-05,1.9800725025600798e-05,-0,-0,-1.7601457705285559,0
3.8149999999999999,0,1.8149999999999999,0,6.0964876412638366e-05,2.1616348913834902e-05,-0,-0,-1.8555148933350962,0
3.8199999999999998,0,1.8199999999999998,0,0.00010289823841026644,1.3984142872339238e-05,-0,-0,-1.8555148933350962,0
3.8250000000000002,0,1.8250000000000002,0,0.0001393235077416187,8.0985904771719315e-06,-0,-0,-1.8555148933350962,0
3.8300000000000001,0,1.8300000000000001,0,0.0001701578248797043,3.9750453848261751e-06,-0,-0,-1.8555148933350962,0
3.835,0,1.835,0,0.00019531666472897896,1.62916432608826e-06,-0,-0,-1.8555148933350962,0
3.8399999999999999,0,1.8399999999999999,0,0.00021471379456728824,1.0769147555713272e-06,-0,-0,-1.8555148933350962,0
3.8450000000000002,0,1.8450000000000002,0,0.00022826123070692969,2.3345827342147524e-06,-0,-0,-1.8555148933350962,0
3.8500000000000001,0,1.8500000000000001,0,0.00023586919382906265,5.4187810530703117e-06,-0,-0,-1.8555148933350962,0
3.855,0,1.855,0,0.00023744606294386512,1.0346457607039025e-05,-0,-0,-1.8555148933350962,0
3.8599999999999999,0,1.8599999999999999,0,0.00023280861667170671,1.7012715658970784e-05,-0,-0,-1.8625807282198485,0
3.8650000000000002,0,1.8650000000000002,0,0.00022067723976534263,2.3653860553944451e-05,-0,-0,-1.8625807282198485,0
3.8700000000000001,0,1.8700000000000001,0,0.00020239063585262434,3.1893516014087092e-05,-0,-0,-1.8625807282198485,0
3.875,0,1.875,0,0.00017804202397010636,4.1718092469554694e-05,-0,-0,-1.8625807282198485,0
3.8799999999999999,0,1.8799999999999999,0,0.00014772274097992369,5.3114281396261781e-05,-0,-0,-1.8625807282198485,0
3.8849999999999998,0,1.8849999999999998,0,0.00011152228882743297,6.6069048264580341e-05,-0,-0,-1.8625807282198485,0
3.8900000000000001,0,1.8900000000000001,0,6.952838038210208e-05,8.0569625699438137e-05,-0,-0,-1.8625807282198485,0
3.895,0,1.895,0,2.1826983910979533e-05,9.6603506844449436e-05,-0,-0,-1.8625807282198485,0
3.8999999999999999,0,1.8999999999999999,0,-2.0881738168201032e-05,0.00010684094120570167,0,-0,-1.9536355330278468,0
3.9049999999999998,0,1.9049999999999998,0,-3.8657657351647473e-05,0.00010001523673521248,0,-0,-1.9536355330278468,0
3.9100000000000001,0,1.9100000000000001,0,-5.4521548634117481e-05,9.3342945606543875e-05,0,-0,-1.9536355330278468,0
3.915,0,1.915,0,-6.8462287189247572e-05,8.6824512840112371e-05,0,-0,-1.9536355330278468,0
3.9199999999999999,0,1.9199999999999999,0,-8.0468661695863361e-05,8.0460386913973922e-05,0,-0,-1.9536355330278468,0
3.9249999999999998,0,1.9249999999999998,0,-9.0529373495721913e-05,7.4251019797495055e-05,0,-0,-1.9536355330278468,0
3.9300000000000002,0,1.9300000000000002,0,-9.8633035741400984e-05,6.8196866985415056e-05,0,-0,-1.9536355330278468,0
3.9350000000000001,0,1.9350000000000001,0,-0.00010476817253418752,6.2298387532311206e-05,0,-0,-1.9536355330278468,0
3.9399999999999999,0,1.9399999999999999,0,-0.00010892321805184004,5.6556044087463327e-05,0,-0,-1.9536355330278468,0
3.9449999999999998,0,1.9449999999999998,0,-0.00011108651566607137,5.0970302930134571e-05,0,-0,-1.9536355330278468,0
3.9500000000000002,0,1.9500000000000002,0,-0.00011124631704962166,4.5541634005265446e-05,0,-0,-1.9536355330278468,0
3.9550000000000001,0,1.9550000000000001,0,-0.00010939078127277316,4.0270510959592378e-05,0,-0,-1.9536355330278468,0
3.96,0,1.96,0,-0.00010550797388916196,3.5157411178189847e-05,0,-0,-1.9536355330278468,0
3.9649999999999999,0,1.9649999999999999,0,-9.9585866010737896e-05,3.0202815821450681e-05,0,-0,-1.9536355330278468,0
3.9700000000000002,0,1.9700000000000002,0,-9.1612333371721792e-05,2.5407209862503791e-05,0,-0,-1.9536355330278468,0
3.9750000000000001,0,1.9750000000000001,0,-8.1575155381411585e-05,2.0771082125079837e-05,0,-0,-1.9536355330278468,0
3.98,0,1.98,0,-6.9462014165670827e-05,1.6294925321825371e-05,0,-0,-1.9536355330278468,0
3.9849999999999999,0,1.9849999999999999,0,-5.5260493596955487e-05,1.1979236093079282e-05,0,-0,-1.9536355330278468,0
3.9900000000000002,0,1.9900000000000002,0,-3.8958078312707558e-05,7.8245150461118269e-06,0,-0,-1.9536355330278468,0
3.9950000000000001,0,1.9950000000000001,0,-2.054215272196505e-05,3.8312667948370825e-06,0,-0,-1.9536355330278468,0
4,0,2,0,-1.2124595132246495e-21,8.3140076461656598e-21,0,-0,-1.9536355330278468,0
