distance,x,y,porosity,stokes_velocity_x,stokes_velocity_y,darcy_segregation_flux_x,darcy_segregation_flux_y,stokes_pressure_assembled,darcy_pressure_assembled
0,0,-2,0.039008333333333346,0,0,-4.3262932515350411e-16,0,1.9362611995323851,0.35766249280266449
0.0050000000000000001,0,-1.9950000000000001,0.039008333333333346,-3.0956007673131395e-16,-2.5443184766457146e-05,-4.7948835643444695e-16,2.6631035230776724e-05,1.9362611995323851,0.35766249280266449
0.01,0,-1.99,0.039008333333333346,-5.8896157157358889e-16,-5.0886369532915403e-05,-5.2586198810264611e-16,5.2995427223398649e-05,1.9362611995323851,0.35766249280266449
0.014999999999999999,0,-1.9850000000000001,0.039008333333333346,-8.3820448452680008e-16,-7.632955429937259e-05,-5.7175206761410517e-16,7.9094179653791232e-05,1.9362611995323851,0.35766249280266449
0.02,0,-1.98,0.039008333333333346,-1.0572888155909693e-15,-0.00010177273906583083,-6.1716044242483533e-16,0.00010492829619788462,1.9362611995323851,0.35766249280266449
0.025000000000000001,0,-1.9750000000000001,0.039008333333333346,-1.2462145647660777e-15,-0.00012721592383228801,-6.6208895999083991e-16,0.00013049878053160424,1.9362611995323851,0.35766249280266449
0.029999999999999999,0,-1.97,0.039008333333333346,-1.4049817320521415e-15,-0.00015265910859874626,-7.065394677681308e-16,0.0001558066363308803,1.9362611995323851,0.35766249280266449
0.035000000000000003,0,-1.9650000000000001,0.039008333333333346,-1.5335903174491468e-15,-0.00017810229336520341,-7.5051381321271132e-16,0.00018085286727163817,1.9362611995323851,0.35766249280266449
0.040000000000000001,0,-1.96,0.039008333333333346,-1.6320403209571051e-15,-0.00020354547813166169,-7.9401384378059267e-16,0.00020563847702980811,1.9362611995323851,0.35766249280266449
0.044999999999999998,0,-1.9550000000000001,0.039008333333333346,-1.7003317425760074e-15,-0.00022898866289811884,-8.3704140692777867e-16,0.00023016446928131562,1.9362611995323851,0.35766249280266449
0.050000000000000003,0,-1.95,0.039008333333333346,-1.7384645823058602e-15,-0.00025443184766457715,-8.7959835011028013e-16,0.00025443184770209049,1.9362611995323851,0.35766249280266449
0.055,0,-1.9450000000000001,0.03705833333333336,-1.7376775897839175e-15,-0.00027134141329320443,-1.9990538912445844e-15,0.00027219855834934557,1.8903407280589497,0.34698412168838
0.059999999999999998,0,-1.9399999999999999,0.03705833333333336,-1.6871472859978098e-15,-0.00028825097892183252,-1.9395883769639106e-15,0.00028977277596885811,1.8903407280589497,0.34698412168838
0.065000000000000002,0,-1.9350000000000001,0.03705833333333336,-1.5868736709475405e-15,-0.00030516054455045986,-1.8806558552861794e-15,0.00030715525669427183,1.8903407280589497,0.34698412168838
0.070000000000000007,0,-1.9299999999999999,0.03705833333333336,-1.4368567446331018e-15,-0.00032207011017908801,-1.8222543652904763e-15,0.0003243467566592339,1.8903407280589497,0.34698412168838
0.074999999999999997,0,-1.925,0.03705833333333336,-1.2370965070545065e-15,-0.00033897967580771534,-1.7643819460558942e-15,0.00034134803199738792,1.8903407280589497,0.34698412168838
0.080000000000000002,0,-1.9199999999999999,0.03705833333333336,-9.8759295821173693e-16,-0.00035588924143634349,-1.7070366366615186e-15,0.00035815983884238128,1.8903407280589497,0.34698412168838
0.085000000000000006,0,-1.915,0.03705833333333336,-6.8834609810481487e-16,-0.00037279880706497077,-1.6502164761864437e-15,0.0003747829333278577,1.8903407280589497,0.34698412168838
0.089999999999999997,0,-1.9099999999999999,0.03705833333333336,-3.3935592673371462e-16,-0.00038970837269359886,-1.5939195037097537e-15,0.00039121807158746418,1.8903407280589497,0.34698412168838
0.095000000000000001,0,-1.905,0.03705833333333336,5.9377555901533797e-17,-0.00040661793832222614,-1.5381437583105428e-15,0.00040746600975484466,1.8903407280589497,0.34698412168838
0.10000000000000001,0,-1.8999999999999999,0.03705833333333336,5.0785434980096533e-16,-0.00042352750395085429,-1.4828872790678964e-15,0.00042352750396364603,1.8903407280589497,0.34698412168838
0.105,0,-1.895,0.035158333333333333,9.5234350415863958e-16,-0.0004339632760194356,9.1564129330490704e-17,0.00043455905664238994,1.8438030184175569,0.33498359793815224
0.11,0,-1.8899999999999999,0.035158333333333333,1.3504573882322954e-15,-0.00044439904808801729,2.5595838202025697e-16,0.00044545673686856649,1.8438030184175569,0.33498359793815224
0.115,0,-1.885,0.035158333333333333,1.7021960020218971e-15,-0.00045483482015659855,4.1861148937702391e-16,0.00045622109842745009,1.8438030184175569,0.33498359793815224
0.12,0,-1.8799999999999999,0.035158333333333333,2.0075593455274761e-15,-0.0004652705922251803,5.7953037492492046e-16,0.00046685269510431717,1.8438030184175569,0.33498359793815224
0.125,0,-1.875,0.035158333333333333,2.2665474187490056e-15,-0.0004757063642937615,7.3872196218804618e-16,0.00047735208068444199,1.8438030184175569,0.33498359793815224
0.13,0,-1.8700000000000001,0.035158333333333333,2.4791602216865e-15,-0.00048614213636234281,8.9619317469052286e-16,0.0004877198089531007,1.8438030184175569,0.33498359793815224
0.13500000000000001,0,-1.865,0.035158333333333333,2.6453977543399644e-15,-0.00049657790843092445,1.0519509359564715e-15,0.00049795643369556874,1.8438030184175569,0.33498359793815224
0.14000000000000001,0,-1.8599999999999999,0.035158333333333333,2.7652600167093913e-15,-0.0005070136804995062,1.2060021695099985e-15,0.00050806250869712142,1.8438030184175569,0.33498359793815224
0.14499999999999999,0,-1.855,0.035158333333333333,2.8387470087947755e-15,-0.00051744945256808751,1.3583537988752131e-15,0.00051803858774303367,1.8438030184175569,0.33498359793815224
0.14999999999999999,0,-1.8500000000000001,0.035158333333333333,2.865858730596125e-15,-0.00052788522463666871,1.5090127475762349e-15,0.00052788522461858097,1.8438030184175569,0.33498359793815224
0.155,0,-1.845,0.033308333333333343,2.8774049362806866e-15,-0.00053348378267553253,2.6202147988284654e-15,0.00053387500871417896,1.7967562869678679,0.32198747012745904
0.16,0,-1.8400000000000001,0.033308333333333343,2.8803819657232345e-15,-0.00053908234071439623,2.5812284128338619e-15,0.00053977681498994093,1.7967562869678679,0.32198747012745904
0.16500000000000001,0,-1.835,0.033308333333333343,2.8747898189237685e-15,-0.00054468089875326004,2.5425497553946268e-15,0.00054559103295659774,1.7967562869678679,0.32198747012745904
0.17000000000000001,0,-1.8300000000000001,0.033308333333333343,2.8606284958822896e-15,-0.00055027945679212364,2.5041777275656758e-15,0.00055131805212487849,1.7967562869678679,0.32198747012745904
0.17499999999999999,0,-1.825,0.033308333333333343,2.8378979965987968e-15,-0.00055587801483098756,2.4661112304019163e-15,0.00055695826200551383,1.7967562869678679,0.32198747012745904
0.17999999999999999,0,-1.8200000000000001,0.033308333333333343,2.8065983210732912e-15,-0.00056147657286985105,2.428349164958264e-15,0.00056251205210923331,1.7967562869678679,0.32198747012745904
0.185,0,-1.8149999999999999,0.033308333333333343,2.7667294693057704e-15,-0.00056707513090871497,2.3908904322896274e-15,0.00056797981194676723,1.7967562869678679,0.32198747012745904
0.19,0,-1.8100000000000001,0.033308333333333343,2.7182914412962385e-15,-0.00057267368894757867,2.3537339334509207e-15,0.00057336193102884537,1.7967562869678679,0.32198747012745904
0.19500000000000001,0,-1.8049999999999999,0.033308333333333343,2.6612842370446901e-15,-0.00057827224698644238,2.3168785694970528e-15,0.0005786587988661976,1.7967562869678679,0.32198747012745904
0.20000000000000001,0,-1.8,0.033308333333333343,2.5957078565511318e-15,-0.00058387080502530608,2.2803232414829387e-15,0.00058387080496955423,1.7967562869678679,0.32198747012745904
0.20499999999999999,0,-1.7949999999999999,0.031508333333333347,2.5125013534881665e-15,-0.00058592252554548658,6.8436610871719978e-16,0.00058615547093000223,1.7492898300146413,0.30827034748338478
0.20999999999999999,0,-1.79,0.031508333333333347,2.411895160654189e-15,-0.0005879742460656672,5.5842072711520447e-16,0.00058838768547032428,1.7492898300146413,0.30827034748338478
0.215,0,-1.7849999999999999,0.031508333333333347,2.2938892780491888e-15,-0.0005900259665858477,4.3384873081286404e-16,0.00059056770575274689,1.7492898300146413,0.30827034748338478
0.22,0,-1.78,0.031508333333333347,2.1584837056731777e-15,-0.00059207768710602821,3.1064440191434814e-16,0.00059269578893949573,1.7492898300146413,0.30827034748338478
0.22500000000000001,0,-1.7749999999999999,0.031508333333333347,2.0056784435261433e-15,-0.00059412940762620882,1.8880202252380428e-16,0.00059477219219279719,1.7492898300146413,0.30827034748338478
0.23000000000000001,0,-1.77,0.031508333333333347,1.8354734916080985e-15,-0.00059618112814638932,6.8315874745402092e-17,0.00059679717267487737,1.7492898300146413,0.30827034748338478
0.23499999999999999,0,-1.7650000000000001,0.031508333333333347,1.6478688499190375e-15,-0.00059823284866656983,-5.0819759316705391e-17,0.00059877098754796223,1.7492898300146413,0.30827034748338478
0.23999999999999999,0,-1.76,0.031508333333333347,1.4428645184589507e-15,-0.00060028456918675033,-1.6861059755836497e-16,0.0006006938939742783,1.7492898300146413,0.30827034748338478
0.245,0,-1.7549999999999999,0.031508333333333347,1.2204604972278458e-15,-0.00060233628970693105,-2.8506235787541246e-16,0.00060256614911605145,1.7492898300146413,0.30827034748338478
0.25,0,-1.75,0.031508333333333347,9.8065678622573427e-16,-0.00060438801022711156,-4.001807581636842e-16,0.00060438801013550753,1.7492898300146413,0.30827034748338478
0.255,0,-1.7450000000000001,0.029758333333333355,7.2622272166998649e-16,-0.00060390170151768455,-7.1782679577560179e-16,0.00060401382434056112,1.7014769980010467,0.29406208996365635
0.26000000000000001,0,-1.74,0.029758333333333355,4.3699412802275561e-16,-0.00060341539280825754,-7.457530764613294e-16,0.00060361431846677263,1.7014769980010467,0.29406208996365635
0.26500000000000001,0,-1.7349999999999999,0.029758333333333355,1.1297100528405141e-16,-0.00060292908409883053,-7.7332346607180015e-16,0.00060318964396739109,1.7014769980010467,0.29406208996365635
0.27000000000000002,0,-1.73,0.029758333333333355,-2.4584664654610816e-16,-0.00060244277538940353,-8.0053955170609331e-16,0.00060273995229566521,1.7014769980010467,0.29406208996365635
0.27500000000000002,0,-1.7250000000000001,0.029758333333333355,-6.3945882746773771e-16,-0.00060195646667997652,-8.2740292046329176e-16,0.00060226539490484444,1.7014769980010467,0.29406208996365635
0.28000000000000003,0,-1.72,0.029758333333333355,-1.0678655374808563e-15,-0.0006014701579705494,-8.5391515944247735e-16,0.00060176612324817761,1.7014769980010467,0.29406208996365635
0.28499999999999998,0,-1.7150000000000001,0.029758333333333355,-1.5310667765854267e-15,-0.00060098384926112239,-8.8007785574272929e-16,0.00060124228877891353,1.7014769980010467,0.29406208996365635
0.28999999999999998,0,-1.71,0.029758333333333355,-2.0290625447814897e-15,-0.00060049754055169549,-9.0589259646313063e-16,0.00060069404295030155,1.7014769980010467,0.29406208996365635
0.29499999999999998,0,-1.7050000000000001,0.029758333333333355,-2.561852842069001e-15,-0.00060001123184226849,-9.3136096870276048e-16,0.00060012153721559082,1.7014769980010467,0.29406208996365635
0.29999999999999999,0,-1.7,0.029758333333333355,-3.1294376684480079e-15,-0.00059952492313284148,-9.5648455956070159e-16,0.0005995249230280297,1.7014769980010467,0.29406208996365635
0.30499999999999999,0,-1.6950000000000001,0.028058333333333338,-3.6859602939268608e-15,-0.00059728178292814784,-9.3212667061934064e-16,0.00059730320208263392,1.653377770189056,0.2795541644951573
0.31,0,-1.6899999999999999,0.028058333333333338,-4.1710917467382875e-15,-0.00059503864272345409,-9.6326570430357363e-16,0.00059507654034817749,1.653377770189056,0.2795541644951573
0.315,0,-1.6850000000000001,0.028058333333333338,-4.5848320268822454e-15,-0.00059279550251876045,-9.9398810786012107e-16,0.00059284500568223468,1.653377770189056,0.2795541644951573
0.32000000000000001,0,-1.6799999999999999,0.028058333333333338,-4.9271811343587716e-15,-0.00059055236231406671,-1.0242958050764085e-15,0.00059060866594237954,1.653377770189056,0.2795541644951573
0.32500000000000001,0,-1.675,0.028058333333333338,-5.1981390691678352e-15,-0.00058830922210937318,-1.0541907197398563e-15,0.00058836758898618644,1.653377770189056,0.2795541644951573
0.33000000000000002,0,-1.6699999999999999,0.028058333333333338,-5.3977058313094593e-15,-0.00058606608190467932,-1.0836747756378895e-15,0.00058612184267122934,1.653377770189056,0.2795541644951573
0.33500000000000002,0,-1.665,0.028058333333333338,-5.5258814207836271e-15,-0.00058382294169998579,-1.1127498965579287e-15,0.0005838714948550826,1.653377770189056,0.2795541644951573
0.34000000000000002,0,-1.6599999999999999,0.028058333333333338,-5.5826658375903498e-15,-0.00058157980149529205,-1.1414180062873994e-15,0.00058161661339532029,1.653377770189056,0.2795541644951573
0.34499999999999997,0,-1.655,0.028058333333333338,-5.5680590817296227e-15,-0.00057933666129059852,-1.1696810286137214e-15,0.00057935726614951634,1.653377770189056,0.2795541644951573
0.34999999999999998,0,-1.6499999999999999,0.028058333333333338,-5.4820611532014448e-15,-0.00057709352108590477,-1.1975408873243203e-15,0.00057709352097524513,1.653377770189056,0.2795541644951573
0.35499999999999998,0,-1.645,0.02640833333333335,-5.3349043843644889e-15,-0.00057369194604862158,-1.8040138888484627e-15,0.0005736467032256777,1.6050409735039177,0.26490524408544353
0.35999999999999999,0,-1.6400000000000001,0.02640833333333335,-5.1188689447141859e-15,-0.00057029037101133839,-1.7158852298300246e-15,0.00057020993269868436,1.6050409735039177,0.26490524408544353
0.36499999999999999,0,-1.635,0.02640833333333335,-4.8339548342505178e-15,-0.00056688879597405499,-1.6287296726967437e-15,0.00056678321191194888,1.6050409735039177,0.26490524408544353
0.37,0,-1.6299999999999999,0.02640833333333335,-4.4801620529734947e-15,-0.00056348722093677169,-1.5425429131649453e-15,0.000563366543383156,1.6050409735039177,0.26490524408544353
0.375,0,-1.625,0.02640833333333335,-4.0574906008831372e-15,-0.0005600856458994885,-1.4573206469509552e-15,0.00055995992962999013,1.6050409735039177,0.26490524408544353
0.38,0,-1.6200000000000001,0.02640833333333335,-3.565940477979431e-15,-0.00055668407086220532,-1.3730585697710904e-15,0.00055656337317013546,1.6050409735039177,0.26490524408544353
0.38500000000000001,0,-1.615,0.02640833333333335,-3.0055116842623499e-15,-0.00055328249582492191,-1.2897523773416686e-15,0.00055317687652127565,1.6050409735039177,0.26490524408544353
0.39000000000000001,0,-1.6099999999999999,0.02640833333333335,-2.376204219731913e-15,-0.00054988092078763861,-1.2073977653790154e-15,0.00054980044220109565,1.6050409735039177,0.26490524408544353
0.39500000000000002,0,-1.605,0.02640833333333335,-1.6780180843881541e-15,-0.00054647934575035543,-1.1259904295994556e-15,0.00054643407272727987,1.6050409735039177,0.26490524408544353
0.40000000000000002,0,-1.6000000000000001,0.02640833333333335,-9.1095327823104602e-16,-0.00054307777071307224,-1.0455260657193068e-15,0.00054307777061751196,1.6050409735039177,0.26490524408544353
0.40500000000000003,0,-1.595,0.024808333333333359,-1.4514244896530364e-16,-0.0005389703633625351,6.8994710371697348e-16,0.0005388774966172419,1.5565061856537183,0.25024612140424668
0.40999999999999998,0,-1.5900000000000001,0.024808333333333359,5.5226492072043474e-16,-0.00053486295601199818,8.1034855309091254e-16,0.00053469798721887955,1.5565061856537183,0.25024612140424668
0.41499999999999998,0,-1.585,0.024808333333333359,1.181268830826231e-15,-0.00053075554866146104,9.2919721977900072e-16,0.00053053919458436762,1.5565061856537183,0.25024612140424668
0.41999999999999998,0,-1.5800000000000001,0.024808333333333359,1.7418692813520293e-15,-0.00052664814131092423,1.0465005038261119e-15,0.0005264010708756489,1.5565061856537183,0.25024612140424668
0.42499999999999999,0,-1.575,0.024808333333333359,2.2340662722978796e-15,-0.00052254073396038709,1.1622658052771399e-15,0.00052228356825466523,1.5565061856537183,0.25024612140424668
0.42999999999999999,0,-1.5700000000000001,0.024808333333333359,2.6578598036637373e-15,-0.00051843332660985006,1.2765005241769582e-15,0.00051818663888336019,1.5565061856537183,0.25024612140424668
0.435,0,-1.5649999999999999,0.024808333333333359,3.0132498754496411e-15,-0.00051432591925931292,1.3892120605704606e-15,0.00051411023492367548,1.5565061856537183,0.25024612140424668
0.44,0,-1.5600000000000001,0.024808333333333359,3.3002364876555594e-15,-0.00051021851190877611,1.5004078145025211e-15,0.00051005430853755447,1.5565061856537183,0.25024612140424668
0.44500000000000001,0,-1.5549999999999999,0.024808333333333359,3.5188196402815168e-15,-0.00050611110455823908,1.6100951860180332e-15,0.00050601881188693898,1.5565061856537183,0.25024612140424668
0.45000000000000001,0,-1.55,0.024808333333333359,3.6689993333274954e-15,-0.00050200369720770205,1.718281575161871e-15,0.00050200369713377237,1.5565061856537183,0.25024612140424668
0.45500000000000002,0,-1.5449999999999999,0.023258333333333339,3.7641714325426647e-15,-0.00049752765003667867,2.0120094058794539e-15,0.00049740210241976037,1.5078053592814933,0.23568400352555977
0.46000000000000002,0,-1.54,0.023258333333333339,3.7960139617841344e-15,-0.00049305160286565539,1.9383231695207821e-15,0.00049282863641408349,1.5078053592814933,0.23568400352555977
0.46500000000000002,0,-1.5349999999999999,0.023258333333333339,3.7645269210519084e-15,-0.00048857555569463201,1.8654659100794212e-15,0.00048828321314665695,1.5078053592814933,0.23568400352555977
0.46999999999999997,0,-1.53,0.023258333333333339,3.6697103103459898e-15,-0.00048409950852360873,1.7934337893494763e-15,0.00048376574664739581,1.5078053592814933,0.23568400352555977
0.47499999999999998,0,-1.5249999999999999,0.023258333333333339,3.5115641296663693e-15,-0.00047962346135258546,1.7222229691250381e-15,0.00047927615094621451,1.5078053592814933,0.23568400352555977
0.47999999999999998,0,-1.52,0.023258333333333339,3.2900883790130613e-15,-0.00047514741418156224,1.6518296112002118e-15,0.0004748143400730286,1.5078053592814933,0.23568400352555977
0.48499999999999999,0,-1.5150000000000001,0.023258333333333339,3.0052830583860596e-15,-0.00047067136701053902,1.5822498773690927e-15,0.00047038022805775265,1.5078053592814933,0.23568400352555977
0.48999999999999999,0,-1.51,0.023258333333333339,2.6571481677853485e-15,-0.00046619531983951558,1.5134799294257758e-15,0.0004659737289303017,1.5078053592814933,0.23568400352555977
0.495,0,-1.5049999999999999,0.023258333333333339,2.2456837072109381e-15,-0.00046171927266849225,1.445515929164362e-15,0.00046159475672059061,1.5078053592814933,0.23568400352555977
0.5,0,-1.5,0.023258333333333339,1.7708896766628513e-15,-0.00045724322549746903,1.3783540383789524e-15,0.00045724322545853463,1.5078053592814933,0.23568400352555977
0.505,0,-1.4950000000000001,0.021758333333333345,1.2744570172808453e-15,-0.00045264511250924037,3.8271004339455131e-17,0.00045249849709604116,1.4589642006650307,0.22130624982032271
0.51000000000000001,0,-1.49,0.021758333333333345,7.8939663688726578e-16,-0.0004480469995210116,-4.8212241996840887e-17,0.00044778665444757012,1.4589642006650307,0.22130624982032271
0.51500000000000001,0,-1.4849999999999999,0.021758333333333345,3.1570853548213386e-16,-0.00044344888653278283,-1.3353915560756297e-16,0.00044310758331838094,1.4589642006650307,0.22130624982032271
0.52000000000000002,0,-1.48,0.021758333333333345,-1.4660728693452905e-16,-0.00043885077354455422,-2.1771556242494548e-16,0.00043846116951373282,1.4589642006650307,0.22130624982032271
0.52500000000000002,0,-1.4750000000000001,0.021758333333333345,-5.9755083036274533e-16,-0.00043425266055632561,-3.0074728838123036e-16,0.00043384729883888426,1.4589642006650307,0.22130624982032271
0.53000000000000003,0,-1.47,0.021758333333333345,-1.0371220948025329e-15,-0.00042965454756809678,-3.8264015940865933e-16,0.00042926585709909441,1.4589642006650307,0.22130624982032271
0.53500000000000003,0,-1.4649999999999999,0.021758333333333345,-1.4653210802538729e-15,-0.00042505643457986796,-4.6340000143946664e-16,0.00042471673009962204,1.4589642006650307,0.22130624982032271
0.54000000000000004,0,-1.46,0.021758333333333345,-1.8821477867167467e-15,-0.00042045832159163946,-5.4303264040588717e-16,0.00042019980364572669,1.4589642006650307,0.22130624982032271
0.54500000000000004,0,-1.4550000000000001,0.021758333333333345,-2.2876022141911726e-15,-0.0004158602086034108,-6.2154390224016256e-16,0.00041571496354266707,1.4589642006650307,0.22130624982032271
0.55000000000000004,0,-1.45,0.021758333333333345,-2.6816843626771689e-15,-0.00041126209561518203,-6.9893961287453414e-16,0.00041126209559570168,1.4589642006650307,0.22130624982032271
0.55500000000000005,0,-1.4449999999999998,0.020308333333333345,-3.053033879777751e-15,-0.00040671796699046818,-8.6970946096912843e-16,0.00040655920729558675,1.4100033334602602,0.20718361048827935
0.56000000000000005,0,-1.4399999999999999,0.020308333333333345,-3.3787785125982533e-15,-0.0004021738383657544,-9.044973131840914e-16,0.00040189195744216313,1.4100033334602602,0.20718361048827935
0.56499999999999995,0,-1.4350000000000001,0.020308333333333345,-3.6589182611386917e-15,-0.00039762970974104077,-9.3874036148362124e-16,0.00039726021159105352,1.4100033334602602,0.20718361048827935
0.56999999999999995,0,-1.4300000000000002,0.020308333333333345,-3.8934531253990686e-15,-0.00039308558111632715,-9.7244155698098021e-16,0.00039266383529788047,1.4100033334602602,0.20718361048827935
0.57499999999999996,0,-1.425,0.020308333333333345,-4.0823831053793894e-15,-0.0003885414524916133,-1.0056038507894333e-15,0.0003881026941182661,1.4100033334602602,0.20718361048827935
0.57999999999999996,0,-1.4199999999999999,0.020308333333333345,-4.2257082010796438e-15,-0.00038399732386689941,-1.0382301940222419e-15,0.00038357665360783333,1.4100033334602602,0.20718361048827935
0.58499999999999996,0,-1.415,0.020308333333333345,-4.3234284124998273e-15,-0.00037945319524218578,-1.0703235377926672e-15,0.00037908557932220472,1.4100033334602602,0.20718361048827935
0.58999999999999997,0,-1.4100000000000001,0.020308333333333345,-4.3755437396399467e-15,-0.0003749090666174721,-1.1018868332139738e-15,0.0003746293368170028,1.4100033334602602,0.20718361048827935
0.59499999999999997,0,-1.405,0.020308333333333345,-4.3820541825000047e-15,-0.00037036493799275821,-1.132923031399426e-15,0.00037020779164784976,1.4100033334602602,0.20718361048827935
0.59999999999999998,0,-1.3999999999999999,0.020308333333333345,-4.3429597410799947e-15,-0.00036582080936804442,-1.163435083462285e-15,0.00036582080937036835,1.4100033334602602,0.20718361048827935
0.60499999999999998,0,-1.395,0.018908333333333333,-4.2500433506358607e-15,-0.00036145236451695656,-1.555471302498226e-15,0.00036128822745919349,1.360939275098487,0.19337301891268704
0.60999999999999999,0,-1.3900000000000001,0.018908333333333333,-4.0834703837491837e-15,-0.0003570839196658687,-1.4549558069252918e-15,0.00035679251597315448,1.360939275098487,0.19337301891268704
0.61499999999999999,0,-1.385,0.018908333333333333,-3.8432408404199512e-15,-0.00035271547481478067,-1.355764080752641e-15,0.00035233352659127317,1.360939275098487,0.19337301891268704
0.62,0,-1.3799999999999999,0.018908333333333333,-3.5293547206481687e-15,-0.0003483470299636927,-1.2578891844989094e-15,0.00034791111099257137,1.360939275098487,0.19337301891268704
0.625,0,-1.375,0.018908333333333333,-3.1418120244338567e-15,-0.00034397858511260484,-1.1613241786827352e-15,0.0003435251208560711,1.360939275098487,0.19337301891268704
0.63,0,-1.3700000000000001,0.018908333333333333,-2.680612751777001e-15,-0.00033961014026151698,-1.0660621238227466e-15,0.00033917540786079396,1.360939275098487,0.19337301891268704
0.63500000000000001,0,-1.365,0.018908333333333333,-2.1457569026775775e-15,-0.00033524169541042901,-9.7209608043757234e-16,0.00033486182368576141,1.360939275098487,0.19337301891268704
0.64000000000000001,0,-1.3599999999999999,0.018908333333333333,-1.5372444771356037e-15,-0.00033087325055934099,-8.7941910904584992e-16,0.00033058422000999561,1.360939275098487,0.19337301891268704
0.64500000000000002,0,-1.355,0.018908333333333333,-8.5507547515111292e-16,-0.00032650480570825313,-7.8802427016621571e-16,0.00032634244851251833,1.360939275098487,0.19337301891268704
0.65000000000000002,0,-1.3500000000000001,0.018908333333333333,-9.924989672407908e-17,-0.00032213636085716532,-6.9790462431729908e-16,0.00032213636087235115,1.360939275098487,0.19337301891268704
0.65500000000000003,0,-1.345,0.017558333333333346,6.555165173052321e-16,-0.0003180238674756741,1.1691617168253276e-15,0.00031785940395958365,1.3117852507689536,0.17991998690936029
0.66000000000000003,0,-1.3399999999999999,0.017558333333333346,1.3452842493205593e-15,-0.00031391137409418298,1.2223298820379449e-15,0.00031361941354886882,1.3117852507689536,0.17991998690936029
0.66500000000000004,0,-1.335,0.017558333333333346,1.970053299321877e-15,-0.00030979888071269197,1.2746090294320758e-15,0.00030941623249639808,1.3117852507689536,0.17991998690936029
0.67000000000000004,0,-1.3300000000000001,0.017558333333333346,2.5298236673092166e-15,-0.00030568638733120097,1.3260043253582486e-15,0.00030524970365836211,1.3117852507689536,0.17991998690936029
0.67500000000000004,0,-1.325,0.017558333333333346,3.0245953532825981e-15,-0.0003015738939497098,1.3765209361669923e-15,0.00030111966989095171,1.3117852507689536,0.17991998690936029
0.68000000000000005,0,-1.3199999999999998,0.017558333333333346,3.4543683572419964e-15,-0.00029746140056821863,1.4261640282088313e-15,0.00029702597405035835,1.3117852507689536,0.17991998690936029
0.68500000000000005,0,-1.3149999999999999,0.017558333333333346,3.8191426791873954e-15,-0.00029334890718672756,1.4749387678342901e-15,0.0002929684589927731,1.3117852507689536,0.17991998690936029
0.68999999999999995,0,-1.3100000000000001,0.017558333333333346,4.1189183191188177e-15,-0.00028923641380523661,1.5228503213938975e-15,0.00028894696757438676,1.3117852507689536,0.17991998690936029
0.69499999999999995,0,-1.3050000000000002,0.017558333333333346,4.3536952770362604e-15,-0.00028512392042374566,1.5699038552381794e-15,0.00028496134265139047,1.3117852507689536,0.17991998690936029
0.69999999999999996,0,-1.3,0.017558333333333346,4.5234735529397322e-15,-0.00028101142704225449,1.6161045357176652e-15,0.00028101142707997507,1.3117852507689536,0.17991998690936029
0.70499999999999996,0,-1.2949999999999999,0.016258333333333333,4.6426260463045395e-15,-0.00027720395814782644,8.5366827176521111e-16,0.00027704286485241675,1.2625518673540896,0.16686064801775485
0.70999999999999996,0,-1.29,0.016258333333333333,4.6970072624333392e-15,-0.00027339648925339856,7.9102885260733859e-16,0.00027311053312099306,1.2625518673540896,0.16686064801775485
0.71499999999999997,0,-1.2850000000000001,0.016258333333333333,4.6866172013261376e-15,-0.00026958902035897068,7.2928234994180747e-16,0.00026921426989412586,1.2625518673540896,0.16686064801775485
0.71999999999999997,0,-1.28,0.016258333333333333,4.6114558629829294e-15,-0.00026578155146454269,6.6842371057660974e-16,0.00026535391318023696,1.2625518673540896,0.16686064801775485
0.72499999999999998,0,-1.2749999999999999,0.016258333333333333,4.4715232474037136e-15,-0.00026197408257011464,6.0844788131974343e-16,0.0002615293009877486,1.2625518673540896,0.16686064801775485
0.72999999999999998,0,-1.27,0.016258333333333333,4.2668193545885005e-15,-0.00025816661367568676,5.4934980897920608e-16,0.00025774027132508323,1.2625518673540896,0.16686064801775485
0.73499999999999999,0,-1.2650000000000001,0.016258333333333333,3.9973441845372862e-15,-0.00025435914478125893,4.9112444036298998e-16,0.00025398666220066262,1.2625518673540896,0.16686064801775485
0.73999999999999999,0,-1.26,0.016258333333333333,3.6630977372500533e-15,-0.00025055167588683089,4.3376672227908753e-16,0.00025026831162290884,1.2625518673540896,0.16686064801775485
0.745,0,-1.2549999999999999,0.016258333333333333,3.2640800127268137e-15,-0.00024674420699240289,3.7727160153549628e-16,0.00024658505760024403,1.2625518673540896,0.16686064801775485
0.75,0,-1.25,0.016258333333333333,2.8002910109675882e-15,-0.00024293673809797501,3.2163402494021384e-16,0.00024293673814109051,1.2625518673540896,0.16686064801775485
0.755,0,-1.2450000000000001,0.015008333333333346,2.3100664488709365e-15,-0.00023946021422843188,1.9060044003436434e-17,0.00023930512840977889,1.2132476673523274,0.15422349024436896
0.76000000000000001,0,-1.24,0.015008333333333346,1.8257169701070009e-15,-0.00023598369035888865,-3.0787472098266571e-17,0.00023570841884232947,1.2132476673523274,0.15422349024436896
0.76500000000000001,0,-1.2349999999999999,0.015008333333333346,1.3472425746758031e-15,-0.00023250716648934541,-7.9834461437428192e-17,0.00023214644569917561,1.2132476673523274,0.15422349024436896
0.77000000000000002,0,-1.23,0.015008333333333346,8.7464326257736443e-16,-0.00022903064261980231,-1.2808577196515137e-16,0.00022861904524075055,1.2132476673523274,0.15422349024436896
0.77500000000000002,0,-1.2250000000000001,0.015008333333333346,4.079190338116629e-16,-0.00022555411875025921,-1.755462516325433e-16,0.00022512605372748722,1.2132476673523274,0.15422349024436896
0.78000000000000003,0,-1.22,0.015008333333333346,-5.2930111621320941e-17,-0.00022207759488071597,-2.2222074839071109e-16,0.00022166730741981873,1.2132476673523274,0.15422349024436896
0.78500000000000003,0,-1.2149999999999999,0.015008333333333346,-5.0790417372156715e-16,-0.00021860107101117268,-2.6811411019075754e-16,0.00021824264257817814,1.2132476673523274,0.15422349024436896
0.79000000000000004,0,-1.21,0.015008333333333346,-9.5700315248905534e-16,-0.00021512454714162966,-3.1323118498378585e-16,0.00021485189546299898,1.2132476673523274,0.15422349024436896
0.79500000000000004,0,-1.2050000000000001,0.015008333333333346,-1.4002270479238059e-15,-0.00021164802327208653,-3.5757682072090307e-16,0.00021149490233471409,1.2132476673523274,0.15422349024436896
0.80000000000000004,0,-1.2,0.015008333333333346,-1.8375758600258381e-15,-0.0002081714994025433,-4.0115586535321592e-16,0.00020817149945375637,1.2132476673523274,0.15422349024436896
0.80500000000000005,0,-1.1949999999999998,0.013808333333333336,-2.2587722787843375e-15,-0.00020503494848147307,-8.5730668041771834e-16,0.000204887686393477,1.1638795805761823,0.14203081611372806
0.81000000000000005,0,-1.1899999999999999,0.013808333333333336,-2.6508674599631027e-15,-0.00020189839756040297,-8.4311585628728012e-16,0.00020163703316550795,1.1638795805761823,0.14203081611372806
0.81499999999999995,0,-1.1850000000000001,0.013808333333333336,-3.0138614035621533e-15,-0.0001987618466393329,-8.2907298123342321e-16,0.00019841937667767782,1.1638795805761823,0.14203081611372806
0.81999999999999995,0,-1.1800000000000002,0.013808333333333336,-3.3477541095814888e-15,-0.00019562529571826284,-8.151773104233398e-16,0.0001952345538378152,1.1638795805761823,0.14203081611372806
0.82499999999999996,0,-1.175,0.013808333333333336,-3.6525455780211233e-15,-0.00019248874479719263,-8.0142809902422219e-16,0.00019208240155374863,1.1638795805761823,0.14203081611372806
0.82999999999999996,0,-1.1699999999999999,0.013808333333333336,-3.9282358088810403e-15,-0.00018935219387612243,-7.8782460220326328e-16,0.00018896275673330691,1.1638795805761823,0.14203081611372806
0.83499999999999996,0,-1.165,0.013808333333333336,-4.174824802161229e-15,-0.00018621564295505236,-7.7436607512765615e-16,0.00018587545628431879,1.1638795805761823,0.14203081611372806
0.83999999999999997,0,-1.1600000000000001,0.013808333333333336,-4.3923125578617019e-15,-0.00018307909203398227,-7.6105177296459291e-16,0.00018282033711461274,1.1638795805761823,0.14203081611372806
0.84499999999999997,0,-1.155,0.013808333333333336,-4.5806990759824685e-15,-0.00017994254111291204,-7.4788095088126557e-16,0.00017979723613201738,1.1638795805761823,0.14203081611372806
0.84999999999999998,0,-1.1499999999999999,0.013808333333333336,-4.7399843565235186e-15,-0.00017680599019184189,-7.3485286404486701e-16,0.00017680599024436138,1.1638795805761823,0.14203081611372806
0.85499999999999998,0,-1.145,0.012658333333333334,-4.8765169796468597e-15,-0.00017400637197896108,-1.0746762465627106e-16,0.00017386811993356382,1.1144532893980048,0.1302999645100838
0.85999999999999999,0,-1.1400000000000001,0.012658333333333334,-4.9853514482341398e-15,-0.00017120675376608031,-8.192858008589982e-17,0.0001709614006079469,1.1144532893980048,0.1302999645100838
0.86499999999999999,0,-1.135,0.012658333333333334,-5.0664877622853628e-15,-0.00016840713555319942,-5.6824310602191189e-17,0.00016808567165624993,1.1144532893980048,0.1302999645100838
0.87,0,-1.1299999999999999,0.012658333333333334,-5.1199259218005232e-15,-0.00016560751734031852,-3.2151976580030749e-17,0.00016524077246721263,1.1144532893980048,0.1302999645100838
0.875,0,-1.125,0.012658333333333334,-5.1456659267796195e-15,-0.00016280789912743776,-7.9087383943040608e-18,0.00016242654242957453,1.1144532893980048,0.1302999645100838
0.88,0,-1.1200000000000001,0.012658333333333334,-5.1437077772226548e-15,-0.00016000828091455697,1.5908243580105536e-17,0.00015964282093207499,1.1144532893980048,0.1302999645100838
0.88500000000000001,0,-1.115,0.012658333333333334,-5.1140514731296282e-15,-0.00015720866270167608,3.9301808968314618e-17,0.00015688944736345342,1.1144532893980048,0.1302999645100838
0.89000000000000001,0,-1.1099999999999999,0.012658333333333334,-5.0566970145005383e-15,-0.00015440904448879518,6.2274797395437632e-17,0.00015416626111244936,1.1144532893980048,0.1302999645100838
0.89500000000000002,0,-1.105,0.012658333333333334,-4.9716444013353897e-15,-0.00015160942627591442,8.4830048486589193e-17,0.00015147310156780243,1.1144532893980048,0.1302999645100838
0.90000000000000002,0,-1.1000000000000001,0.012658333333333334,-4.8588936336341801e-15,-0.00014880980806303363,1.0697040186688577e-16,0.00014880980811825197,1.1144532893980048,0.1302999645100838
0.90500000000000003,0,-1.095,0.011558333333333334,-4.7064355305658689e-15,-0.0001463356929180218,-1.1056797934050746e-16,0.00014620715905326348,1.0649735214072857,0.11904432559677107
0.91000000000000003,0,-1.0899999999999999,0.011558333333333334,-4.4880044431193149e-15,-0.00014386157777301006,-1.0018232064765837e-16,0.00014363349105694267,1.0649735214072857,0.11904432559677107
0.91500000000000004,0,-1.085,0.011558333333333334,-4.2036003712945293e-15,-0.00014138746262799839,-8.9972955290485637e-17,0.00014108864738853657,1.0649735214072857,0.11904432559677107
0.92000000000000004,0,-1.0800000000000001,0.011558333333333334,-3.8532233150915048e-15,-0.0001389133474829867,-7.9938699251124566e-17,0.00013857247130729189,1.0649735214072857,0.11904432559677107
0.92500000000000004,0,-1.075,0.011558333333333334,-3.4368732745102211e-15,-0.00013643923233797489,-7.0078368511710605e-17,0.00013608480607245536,1.0649735214072857,0.11904432559677107
0.93000000000000005,0,-1.0699999999999998,0.011558333333333334,-2.9545502495506934e-15,-0.00013396511719296312,-6.0390779054379985e-17,0.00013362549494327396,1.0649735214072857,0.11904432559677107
0.93500000000000005,0,-1.0649999999999999,0.011558333333333334,-2.4062542402129467e-15,-0.00013149100204795143,-5.0874746861268961e-17,0.00013119438117899462,1.0649735214072857,0.11904432559677107
0.93999999999999995,0,-1.0600000000000001,0.011558333333333334,-1.7919852464969612e-15,-0.00012901688690293976,-4.1529087914512896e-17,0.00012879130803886409,1.0649735214072857,0.11904432559677107
0.94499999999999995,0,-1.0550000000000002,0.011558333333333334,-1.1117432684027367e-15,-0.00012654277175792807,-3.2352618196247644e-17,0.00012641611878212925,1.0649735214072857,0.11904432559677107
0.94999999999999996,0,-1.05,0.011558333333333334,-3.6552830593023923e-16,-0.00012406865661291632,-2.33441536886086e-17,0.00012406865666803678,1.0649735214072857,0.11904432559677107
0.95499999999999996,0,-1.0449999999999999,0.010508333333333338,3.8487930358375115e-16,-0.00012190299866627079,2.5998065059578505e-16,0.00012178453224568162,1.0154442816060434,0.10827417708275384
0.95999999999999996,0,-1.04,0.010508333333333338,1.0790204647461902e-15,-0.00011973734071962537,2.8747689224120526e-16,0.00011952713858068872,1.0154442816060434,0.10827417708275384
0.96499999999999997,0,-1.0350000000000001,0.010508333333333338,1.7168951775571128e-15,-0.00011757168277297996,3.1440992056474609e-16,0.00011729632384528152,1.0154442816060434,0.10827417708275384
0.96999999999999997,0,-1.03,0.010508333333333338,2.2985034420165438e-15,-0.00011540602482633447,3.4078389303815808e-16,0.00011509193621168371,1.0154442816060434,0.10827417708275384
0.97499999999999998,0,-1.0249999999999999,0.010508333333333338,2.8238452581244528e-15,-0.00011324036687968898,3.6660296713318909e-16,0.00011291382385211888,1.0154442816060434,0.10827417708275384
0.97999999999999998,0,-1.02,0.010508333333333338,3.2929206258808205e-15,-0.00011107470893304355,3.9187130032158724e-16,0.00011076183493881091,1.0154442816060434,0.10827417708275384
0.98499999999999999,0,-1.0150000000000001,0.010508333333333338,3.7057295452856722e-15,-0.00010890905098639815,4.1659305007510269e-16,0.00010863581764398327,1.0154442816060434,0.10827417708275384
0.98999999999999999,0,-1.01,0.010508333333333338,4.0622720163390212e-15,-0.00010674339303975267,4.4077237386548601e-16,0.00010653562013985958,1.0154442816060434,0.10827417708275384
0.995,0,-1.0049999999999999,0.010508333333333338,4.3625480390408511e-15,-0.00010457773509310716,4.6441342916448503e-16,0.00010446109059866357,1.0154442816060434,0.10827417708275384
1,0,-1,0.010508333333333338,4.6065576133911475e-15,-0.00010241207714646175,4.8752037344384812e-16,0.00010241207719261895,1.0154442816060434,0.10827417708275384
1.0049999999999999,0,-0.99500000000000011,0.0095083333333333374,4.8210201610125025e-15,-0.00010053427915774864,7.2038543214588073e-16,0.00010042596335329201,0.96586903467750951,0.097997367259127832
1.01,0,-0.98999999999999999,0.0095083333333333374,5.0238131190047969e-15,-9.8656481169035468e-05,6.7952266706151685e-16,9.8464309411662684e-05,0.96586903467750951,0.097997367259127832
1.0149999999999999,0,-0.9850000000000001,0.0095083333333333374,5.2149364873680107e-15,-9.677868318032236e-05,6.393741821370101e-16,9.6526969226971675e-05,0.96586903467750951,0.097997367259127832
1.02,0,-0.97999999999999998,0.0095083333333333374,5.3943902661021614e-15,-9.490088519160917e-05,5.9993482878013447e-16,9.4613796658459277e-05,0.96586903467750951,0.097997367259127832
1.0249999999999999,0,-0.97500000000000009,0.0095083333333333374,5.5621744552072355e-15,-9.3023087202896075e-05,5.6119945839867086e-16,9.2724645565366167e-05,0.96586903467750951,0.097997367259127832
1.03,0,-0.96999999999999997,0.0095083333333333374,5.7182890546832442e-15,-9.1145289214182885e-05,5.2316292240039346e-16,9.0859369806932681e-05,0.96586903467750951,0.097997367259127832
1.0349999999999999,0,-0.96500000000000008,0.0095083333333333374,5.8627340645301755e-15,-8.9267491225469777e-05,4.8582007219308298e-16,8.9017823242399481e-05,0.96586903467750951,0.097997367259127832
1.04,0,-0.95999999999999996,0.0095083333333333374,5.9955094847480413e-15,-8.73896932367566e-05,4.4916575918451379e-16,8.7199859731006916e-05,0.96586903467750951,0.097997367259127832
1.0449999999999999,0,-0.95500000000000007,0.0095083333333333374,6.1166153153368314e-15,-8.5511895248043492e-05,4.1319483478246656e-16,8.5405333131995676e-05,0.96586903467750951,0.097997367259127832
1.05,0,-0.94999999999999996,0.0095083333333333374,6.226051556296556e-15,-8.3634097259330329e-05,3.7790215039471557e-16,8.3634097304606029e-05,0.96586903467750951,0.097997367259127832
1.0549999999999999,0,-0.94500000000000006,0.0085583333333333379,6.2966028131591947e-15,-8.2021527827151784e-05,-4.0006409272196154e-16,8.1923251035675315e-05,0.91625084641532339,0.088219867557000106
1.0600000000000001,0,-0.93999999999999995,0.0085583333333333379,6.2846630430824338e-15,-8.0408958394973199e-05,-4.4232195548471134e-16,8.0234617089735679e-05,0.91625084641532339,0.088219867557000106
1.0649999999999999,0,-0.93500000000000005,0.0085583333333333379,6.1902322460662733e-15,-7.8796388962794681e-05,-4.8361590851646178e-16,7.8568055581999395e-05,0.91625084641532339,0.088219867557000106
1.0700000000000001,0,-0.92999999999999994,0.0085583333333333379,6.013310422110706e-15,-7.7183819530616095e-05,-5.239538422900893e-16,7.6923426627678587e-05,0.91625084641532339,0.088219867557000106
1.075,0,-0.92500000000000004,0.0085583333333333379,5.7538975712157478e-15,-7.5571250098437564e-05,-5.6334364727846353e-16,7.5300590341985556e-05,0.91625084641532339,0.088219867557000106
1.0800000000000001,0,-0.91999999999999993,0.0085583333333333379,5.4119936933813749e-15,-7.3958680666258978e-05,-6.0179321395446059e-16,7.3699406840132384e-05,0.91625084641532339,0.088219867557000106
1.085,0,-0.91500000000000004,0.0085583333333333379,4.9875987886076166e-15,-7.234611123408046e-05,-6.393104327909498e-16,7.2119736237331414e-05,0.91625084641532339,0.088219867557000106
1.0900000000000001,0,-0.90999999999999992,0.0085583333333333379,4.4807128568944365e-15,-7.0733541801901861e-05,-6.7590319426080757e-16,7.0561438648794714e-05,0.91625084641532339,0.088219867557000106
1.095,0,-0.90500000000000003,0.0085583333333333379,3.8913358982418789e-15,-6.9120972369723357e-05,-7.1157938883690351e-16,6.902437418973464e-05,0.91625084641532339,0.088219867557000106
1.1000000000000001,0,-0.89999999999999991,0.0085583333333333379,3.2194679126498932e-15,-6.7508402937544758e-05,-7.4634690699211336e-16,6.7508402975363221e-05,0.91625084641532339,0.088219867557000106
1.105,0,-0.89500000000000002,0.0076583333333333356,2.5221921091171823e-15,-6.6137495537389043e-05,-7.863892212050999e-16,6.6049005437589483e-05,0.86659249208395361,0.078946214873494763
1.1100000000000001,0,-0.8899999999999999,0.0076583333333333356,1.8448513575734774e-15,-6.4766588137233288e-05,-7.2278535200103454e-16,6.4609627613616816e-05,0.86659249208395361,0.078946214873494763
1.115,0,-0.88500000000000001,0.0076583333333333356,1.1874456580188366e-15,-6.3395680737077573e-05,-6.604595105859271e-16,6.3190136288920724e-05,0.86659249208395361,0.078946214873494763
1.1200000000000001,0,-0.87999999999999989,0.0076583333333333356,5.4997501045320279e-16,-6.2024773336921804e-05,-5.9940131153987394e-16,6.1790398248976497e-05,0.86659249208395361,0.078946214873494763
1.125,0,-0.875,0.0076583333333333356,-6.7560585123367985e-17,-6.0653865936766103e-05,-5.3960036944298242e-16,6.0410280279259626e-05,0.86659249208395361,0.078946214873494763
1.1299999999999999,0,-0.87000000000000011,0.0076583333333333356,-6.6516112871090389e-16,-5.9282958536610395e-05,-4.8104629887535125e-16,5.9049649165245461e-05,0.86659249208395361,0.078946214873494763
1.135,0,-0.86499999999999999,0.0076583333333333356,-1.2428266203094306e-15,-5.7912051136454619e-05,-4.2372871441707983e-16,5.7708371692409331e-05,0.86659249208395361,0.078946214873494763
1.1399999999999999,0,-0.8600000000000001,0.0076583333333333356,-1.8005570599188968e-15,-5.6541143736298918e-05,-3.6763723064827514e-16,5.6386314646226749e-05,0.86659249208395361,0.078946214873494763
1.145,0,-0.85499999999999998,0.0076583333333333356,-2.3383524475393517e-15,-5.5170236336143149e-05,-3.1276146214903377e-16,5.5083344812172976e-05,0.86659249208395361,0.078946214873494763
1.1499999999999999,0,-0.85000000000000009,0.0076583333333333356,-2.8562127831707485e-15,-5.3799328935987448e-05,-2.5909102349946246e-16,5.3799328975723512e-05,0.86659249208395361,0.078946214873494763
1.155,0,-0.84499999999999997,0.0068083333333333355,-3.3459411447523611e-15,-5.2646366059206768e-05,7.1928607424815739e-16,5.2567310081285925e-05,0.8168965383069845,0.070179861576179323
1.1599999999999999,0,-0.84000000000000008,0.0068083333333333355,-3.7883845967153948e-15,-5.1493403182426156e-05,7.3055207013573321e-16,5.1353195844052301e-05,0.8168965383069845,0.070179861576179323
1.165,0,-0.83499999999999996,0.0068083333333333355,-4.183543139059888e-15,-5.0340440305645503e-05,7.4139952290895345e-16,5.0156860019035159e-05,0.8168965383069845,0.070179861576179323
1.1699999999999999,0,-0.83000000000000007,0.0068083333333333355,-4.5314167717858047e-15,-4.918747742886489e-05,7.5183263177549511e-16,4.8978176361247225e-05,0.8168965383069845,0.070179861576179323
1.175,0,-0.82499999999999996,0.0068083333333333355,-4.8320054948931774e-15,-4.8034514552084231e-05,7.6185559594303699e-16,4.7817018625701004e-05,0.8168965383069845,0.070179861576179323
1.1799999999999999,0,-0.82000000000000006,0.0068083333333333355,-5.0853093083819776e-15,-4.6881551675303612e-05,7.714726146192558e-16,4.6673260567409228e-05,0.8168965383069845,0.070179861576179323
1.1850000000000001,0,-0.81499999999999995,0.0068083333333333355,-5.2913282122522289e-15,-4.5728588798522952e-05,7.8068788701183035e-16,4.5546775941384402e-05,0.8168965383069845,0.070179861576179323
1.1899999999999999,0,-0.81000000000000005,0.0068083333333333355,-5.4500622065039125e-15,-4.457562592174234e-05,7.8950561232843802e-16,4.4437438502639264e-05,0.8168965383069845,0.070179861576179323
1.1950000000000001,0,-0.80499999999999994,0.0068083333333333355,-5.5615112911370433e-15,-4.342266304496168e-05,7.9792998977675664e-16,4.3345122006186315e-05,0.8168965383069845,0.070179861576179323
1.2,0,-0.80000000000000004,0.0068083333333333355,-5.6256754661516111e-15,-4.2269700168181075e-05,8.0596521856446369e-16,4.2269700207038264e-05,0.8168965383069845,0.070179861576179323
1.2050000000000001,0,-0.79499999999999993,0.0060083333333333343,-5.6524644696130877e-15,-4.1311363858389868e-05,2.6035173680628638e-16,4.1241318940844255e-05,0.76716540402288325,0.061923448924084121
1.21,0,-0.79000000000000004,0.0060083333333333343,-5.6360451230429448e-15,-4.0353027548598715e-05,2.1039147591750275e-16,4.022882071505334e-05,0.76716540402288325,0.061923448924084121
1.2150000000000001,0,-0.78499999999999992,0.0060083333333333343,-5.5764174264411831e-15,-3.9394691238807522e-05,1.6163024010216329e-16,3.9232086469223024e-05,0.76716540402288325,0.061923448924084121
1.22,0,-0.78000000000000003,0.0060083333333333343,-5.4735813798078065e-15,-3.8436354929016369e-05,1.1405680623226609e-16,3.8250997142911049e-05,0.76716540402288325,0.061923448924084121
1.2250000000000001,0,-0.77499999999999991,0.0060083333333333343,-5.3275369831428072e-15,-3.7478018619225176e-05,6.7659951179800681e-17,3.7285433675674913e-05,0.76716540402288325,0.061923448924084121
1.23,0,-0.77000000000000002,0.0060083333333333343,-5.138284236446197e-15,-3.6519682309434017e-05,2.2428451816764951e-17,3.6335277007072361e-05,0.76716540402288325,0.061923448924084121
1.2350000000000001,0,-0.7649999999999999,0.0060083333333333343,-4.9058231397179593e-15,-3.5561345999642823e-05,-2.1648914984851355e-17,3.5400408076660923e-05,0.76716540402288325,0.061923448924084121
1.24,0,-0.76000000000000001,0.0060083333333333343,-4.6301536929581154e-15,-3.4603009689851671e-05,-6.4583372353050513e-17,3.4480707823998309e-05,0.76716540402288325,0.061923448924084121
1.2450000000000001,0,-0.75499999999999989,0.0060083333333333343,-4.3112758961666401e-15,-3.3644673380060478e-05,-1.0638614341584266e-16,3.3576057188642058e-05,0.76716540402288325,0.061923448924084121
1.25,0,-0.75,0.0060083333333333343,-3.9491897493435619e-15,-3.2686337070269325e-05,-1.4706845130123018e-16,3.2686337110149879e-05,0.76716540402288325,0.061923448924084121
1.2549999999999999,0,-0.74500000000000011,0.0052583333333333345,-3.5606567693674956e-15,-3.1900089064451116e-05,-4.7384890927665153e-16,3.1838583227310233e-05,0.71740140511525752,0.054179017632866727
1.26,0,-0.73999999999999999,0.0052583333333333345,-3.1551375562262033e-15,-3.111384105863288e-05,-4.7220514564831412e-16,3.100479524149378e-05,0.71740140511525752,0.054179017632866727
1.2649999999999999,0,-0.7350000000000001,0.0052583333333333345,-2.7326321099197196e-15,-3.0327593052814678e-05,-4.70477598420588e-16,3.0184861431035598e-05,0.71740140511525752,0.054179017632866727
1.27,0,-0.72999999999999998,0.0052583333333333345,-2.2931404304480086e-15,-2.9541345046996435e-05,-4.6866755373687082e-16,2.9378670074270598e-05,0.71740140511525752,0.054179017632866727
1.2749999999999999,0,-0.72500000000000009,0.0052583333333333345,-1.8366625178111095e-15,-2.8755097041178233e-05,-4.66776297740561e-16,2.8586109449533835e-05,0.71740140511525752,0.054179017632866727
1.28,0,-0.71999999999999997,0.0052583333333333345,-1.3631983720089807e-15,-2.7968849035359993e-05,-4.648051165750562e-16,2.7807067835160239e-05,0.71740140511525752,0.054179017632866727
1.2849999999999999,0,-0.71500000000000008,0.0052583333333333345,-8.7274799304166454e-16,-2.7182601029541791e-05,-4.6275529638375463e-16,2.7041433509484861e-05,0.71740140511525752,0.054179017632866727
1.29,0,-0.70999999999999996,0.0052583333333333345,-3.6531138090911759e-16,-2.6396353023723551e-05,-4.6062812331005404e-16,2.6289094750842631e-05,0.71740140511525752,0.054179017632866727
1.2949999999999999,0,-0.70500000000000007,0.0052583333333333345,1.5911146438861517e-16,-2.5610105017905346e-05,-4.5842488349735257e-16,2.5549939837568602e-05,0.71740140511525752,0.054179017632866727
1.3,0,-0.69999999999999996,0.0052583333333333345,7.0052054285158021e-16,-2.482385701208711e-05,-4.5614686308904826e-16,2.4823857047997688e-05,0.71740140511525752,0.054179017632866727
1.3049999999999999,0,-0.69500000000000006,0.004558333333333337,1.2414277351239803e-15,-2.4188196836726514e-05,-2.2528794779696218e-16,2.4134724494620963e-05,0.66760678650812033,0.046948167459786035
1.3100000000000001,0,-0.68999999999999995,0.004558333333333337,1.7672809200650882e-15,-2.3552536661365894e-05,-1.8500964635437405e-16,2.3457752749967728e-05,0.66760678650812033,0.046948167459786035
1.3149999999999999,0,-0.68500000000000005,0.004558333333333337,2.2780800976748574e-15,-2.2916876486005298e-05,-1.4582464152934817e-16,2.2792837542246519e-05,0.66760678650812033,0.046948167459786035
1.3200000000000001,0,-0.67999999999999994,0.004558333333333337,2.7738252679533327e-15,-2.2281216310644675e-05,-1.0772126085543488e-16,2.2139874599665774e-05,0.66760678650812033,0.046948167459786035
1.325,0,-0.67500000000000004,0.004558333333333337,3.254516430900471e-15,-2.1645556135284085e-05,-7.0687831866191386e-17,2.1498759650434028e-05,0.66760678650812033,0.046948167459786035
1.3300000000000001,0,-0.66999999999999993,0.004558333333333337,3.720153586516315e-15,-2.1009895959923462e-05,-3.4712682095168199e-17,2.0869388422759712e-05,0.66760678650812033,0.046948167459786035
1.335,0,-0.66500000000000004,0.004558333333333337,4.1707367348008215e-15,-2.0374235784562866e-05,2.1586092407766629e-19,2.0251656644851364e-05,0.66760678650812033,0.046948167459786035
1.3400000000000001,0,-0.65999999999999992,0.004558333333333337,4.6062658757540332e-15,-1.9738575609202246e-05,3.4109469657995497e-17,1.9645460044917409e-05,0.66760678650812033,0.046948167459786035
1.345,0,-0.65500000000000003,0.004558333333333337,5.0267410093759092e-15,-1.9102915433841654e-05,6.6979816573028497e-17,1.9050694351166386e-05,0.66760678650812033,0.046948167459786035
1.3500000000000001,0,-0.64999999999999991,0.004558333333333337,5.4321621356664888e-15,-1.8467255258481034e-05,9.8838574135625747e-17,1.8467255291806715e-05,0.66760678650812033,0.046948167459786035
1.355,0,-0.64500000000000002,0.0039083333333333348,5.8009372621366168e-15,-1.7961892689481109e-05,5.0443635361448754e-16,1.7915925338903755e-05,0.61778374479348319,0.040232175987828071
1.3600000000000001,0,-0.6399999999999999,0.0039083333333333348,6.0960635956773215e-15,-1.745653012048117e-05,4.9047332008971622e-16,1.737506833611285e-05,0.61778374479348319,0.040232175987828071
1.365,0,-0.63500000000000001,0.0039083333333333348,6.3175411362885738e-15,-1.6951167551481252e-05,4.7676305341287381e-16,1.6844587542467735e-05,0.61778374479348319,0.040232175987828071
1.3700000000000001,0,-0.62999999999999989,0.0039083333333333348,6.4653698839703949e-15,-1.644580498248131e-05,4.6330329310017233e-16,1.632438621700207e-05,0.61778374479348319,0.040232175987828071
1.375,0,-0.625,0.0039083333333333348,6.539549838722773e-15,-1.5940442413481392e-05,4.5009177866782629e-16,1.5814367618749588e-05,0.61778374479348319,0.040232175987828071
1.3799999999999999,0,-0.62000000000000011,0.0039083333333333348,6.5400810005457129e-15,-1.5435079844481474e-05,4.3712624963204826e-16,1.531443500674396e-05,0.61778374479348319,0.040232175987828071
1.385,0,-0.61499999999999999,0.0039083333333333348,6.4669633694392136e-15,-1.4929717275481532e-05,4.2440444550905095e-16,1.4824491640018866e-05,0.61778374479348319,0.040232175987828071
1.3899999999999999,0,-0.6100000000000001,0.0039083333333333348,6.3201969454032785e-15,-1.4424354706481614e-05,4.1192410581504857e-16,1.434444077760804e-05,0.61778374479348319,0.040232175987828071
1.395,0,-0.60499999999999998,0.0039083333333333348,6.0997817284378948e-15,-1.3918992137481674e-05,3.996829700662534e-16,1.3874185678545137e-05,0.61778374479348319,0.040232175987828071
1.3999999999999999,0,-0.60000000000000009,0.0039083333333333348,5.8057177185430848e-15,-1.3413629568481755e-05,3.8767877777887958e-16,1.3413629601863888e-05,0.61778374479348319,0.040232175987828071
1.405,0,-0.59499999999999997,0.0033083333333333324,5.4787024229871694e-15,-1.3019598309763301e-05,-7.8774300933550776e-17,1.2980591807385095e-05,0.56793444385412539,0.034032085242198334
1.4099999999999999,0,-0.59000000000000008,0.0033083333333333324,5.1464628200944668e-15,-1.2625567051044871e-05,-1.0152956610149093e-16,1.2556459865171858e-05,0.56793444385412539,0.034032085242198334
1.415,0,-0.58499999999999996,0.0033083333333333324,4.8089989098649486e-15,-1.2231535792326424e-05,-1.2348335905896063e-16,1.214114462524748e-05,0.56793444385412539,0.034032085242198334
1.4199999999999999,0,-0.58000000000000007,0.0033083333333333324,4.4663106922986433e-15,-1.1837504533607993e-05,-1.4464605339410845e-16,1.1734556937635338e-05,0.56793444385412539,0.034032085242198334
1.425,0,-0.57499999999999996,0.0033083333333333324,4.1183981673955224e-15,-1.1443473274889545e-05,-1.6502802269508693e-16,1.1336607652358743e-05,0.56793444385412539,0.034032085242198334
1.4299999999999999,0,-0.57000000000000006,0.0033083333333333324,3.7652613351556144e-15,-1.1049442016171114e-05,-1.8463964055004475e-16,1.0947207619441073e-05,0.56793444385412539,0.034032085242198334
1.4350000000000001,0,-0.56499999999999995,0.0033083333333333324,3.4069001955788884e-15,-1.0655410757452666e-05,-2.0349128054713425e-16,1.0566267688905634e-05,0.56793444385412539,0.034032085242198334
1.4399999999999999,0,-0.56000000000000005,0.0033083333333333324,3.0433147486653772e-15,-1.0261379498734235e-05,-2.215933162745044e-16,1.0193698710775812e-05,0.56793444385412539,0.034032085242198334
1.4450000000000001,0,-0.55499999999999994,0.0033083333333333324,2.6745049944150481e-15,-9.867348240015787e-06,-2.3895612132030728e-16,9.8294115350749136e-06,0.56793444385412539,0.034032085242198334
1.45,0,-0.55000000000000004,0.0033083333333333324,2.3004709328279337e-15,-9.4733169812973578e-06,-2.555900692726919e-16,9.4733170118263158e-06,0.56793444385412539,0.034032085242198334
1.4550000000000001,0,-0.54499999999999993,0.0027583333333333323,1.9105283903982381e-15,-9.1730489770598583e-06,-2.4085770187219013e-16,9.1404484010828173e-06,0.51806102541233356,0.028348763378057557
1.46,0,-0.54000000000000004,0.0027583333333333323,1.4848423587398805e-15,-8.8727809728223775e-06,-2.1633910969898255e-16,8.8150417376565331e-06,0.51806102541233356,0.028348763378057557
1.4650000000000001,0,-0.53499999999999992,0.0027583333333333323,1.0234128378528223e-15,-8.5725129685848814e-06,-1.9260277779475934e-16,8.4970155085088161e-06,0.51806102541233356,0.028348763378057557
1.47,0,-0.53000000000000003,0.0027583333333333323,5.2623982773710504e-16,-8.2722449643474023e-06,-1.6963835664444515e-16,8.1862882006010836e-06,0.51806102541233356,0.028348763378057557
1.4750000000000001,0,-0.52499999999999991,0.0027583333333333323,-6.6766716073154836e-18,-7.971976960109908e-06,-1.4743549673296079e-16,7.8827783008946902e-06,0.51806102541233356,0.028348763378057557
1.48,0,-0.52000000000000002,0.0027583333333333323,-5.7533666018039179e-16,-7.6717089558724271e-06,-1.2598384854523084e-16,7.5864042963510497e-06,0.51806102541233356,0.028348763378057557
1.4850000000000001,0,-0.5149999999999999,0.0027583333333333323,-1.1797401379821751e-15,-7.3714409516349328e-06,-1.0527306256617611e-16,7.2970846739315183e-06,0.51806102541233356,0.028348763378057557
1.49,0,-0.51000000000000001,0.0027583333333333323,-1.8198871050126117e-15,-7.071172947397452e-06,-8.5292789280721093e-17,7.0147379205975066e-06,0.51806102541233356,0.028348763378057557
1.4950000000000001,0,-0.50499999999999989,0.0027583333333333323,-2.4957775612717579e-15,-6.7709049431599568e-06,-6.6032679173786712e-17,6.7392825233103709e-06,0.51806102541233356,0.028348763378057557
1.5,0,-0.5,0.0027583333333333323,-3.2074115067595534e-15,-6.4706369389224759e-06,-4.748238273029739e-17,6.4706369690315173e-06,0.51806102541233356,0.028348763378057557
1.5049999999999999,0,-0.49500000000000011,0.0022583333333333344,-3.9057091664545714e-15,-6.2480109837409699e-06,2.5463101152564622e-16,6.2212538311363316e-06,0.46816561599233425,0.023182947415608182
1.51,0,-0.48999999999999999,0.0022583333333333344,-4.5303496647573424e-15,-6.0253850285594545e-06,2.4375048280765406e-16,5.9780136401546544e-06,0.46816561599233425,0.023182947415608182
1.5149999999999999,0,-0.4850000000000001,0.0022583333333333344,-5.0813330016678085e-15,-5.8027590733779485e-06,2.3315591624870816e-16,5.740842556195341e-06,0.46816561599233425,0.023182947415608182
1.52,0,-0.47999999999999998,0.0022583333333333344,-5.5586591771860208e-15,-5.5801331181964331e-06,2.2284371181882976e-16,5.5096667393671978e-06,0.46816561599233425,0.023182947415608182
1.5249999999999999,0,-0.47500000000000009,0.0022583333333333344,-5.9623281913119367e-15,-5.3575071630149279e-06,2.1281026948804222e-16,5.2844123497790793e-06,0.46816561599233425,0.023182947415608182
1.53,0,-0.46999999999999997,0.0022583333333333344,-6.2923400440455903e-15,-5.1348812078334117e-06,2.0305198922636682e-16,5.0650055475397943e-06,0.46816561599233425,0.023182947415608182
1.5349999999999999,0,-0.46500000000000008,0.0022583333333333344,-6.5486947353869547e-15,-4.9122552526519065e-06,1.9356527100382666e-16,4.8513724927581915e-06,0.46816561599233425,0.023182947415608182
1.54,0,-0.45999999999999996,0.0022583333333333344,-6.7313922653360503e-15,-4.6896292974703903e-06,1.8434651479044328e-16,4.6434393455430881e-06,0.46816561599233425,0.023182947415608182
1.5449999999999999,0,-0.45500000000000007,0.0022583333333333344,-6.8404326338928622e-15,-4.4670033422888851e-06,1.7539212055623972e-16,4.4411322660033302e-06,0.46816561599233425,0.023182947415608182
1.55,0,-0.44999999999999996,0.0022583333333333344,-6.8758158410573999e-15,-4.2443773871073705e-06,1.6669848827123746e-16,4.2443774142477292e-06,0.46816561599233425,0.023182947415608182
1.5549999999999999,0,-0.44500000000000006,0.0018083333333333335,-6.8547287212526128e-15,-4.0847513794525453e-06,-1.4553135494529974e-16,4.0632696183347011e-06,0.41825033143479973,0.018535271883523229
1.5600000000000001,0,-0.43999999999999995,0.0018083333333333335,-6.7784357812013434e-15,-3.9251253717977142e-06,-1.4569359803259089e-16,3.8871119191604748e-06,0.41825033143479973,0.018535271883523229
1.5649999999999999,0,-0.43500000000000005,0.0018083333333333335,-6.6469370209035941e-15,-3.7654993641428894e-06,-1.4573827597312742e-16,3.7158381793976805e-06,0.41825033143479973,0.018535271883523229
1.5700000000000001,0,-0.42999999999999994,0.0018083333333333335,-6.460232440359353e-15,-3.6058733564880578e-06,-1.4566803409575452e-16,3.5493822617189181e-06,0.41825033143479973,0.018535271883523229
1.575,0,-0.42500000000000004,0.0018083333333333335,-6.2183220395686399e-15,-3.4462473488332335e-06,-1.4548551772931749e-16,3.3876780287968154e-06,0.41825033143479973,0.018535271883523229
1.5800000000000001,0,-0.41999999999999993,0.0018083333333333335,-5.9212058185314319e-15,-3.2866213411784023e-06,-1.4519337220266147e-16,3.2306593433039729e-06,0.41825033143479973,0.018535271883523229
1.585,0,-0.41500000000000004,0.0018083333333333335,-5.5688837772477542e-15,-3.126995333523578e-06,-1.4479424284463162e-16,3.0782600679130159e-06,0.41825033143479973,0.018535271883523229
1.5900000000000001,0,-0.40999999999999992,0.0018083333333333335,-5.1613559157175777e-15,-2.9673693258687464e-06,-1.4429077498407325e-16,2.9304140652965492e-06,0.41825033143479973,0.018535271883523229
1.595,0,-0.40500000000000003,0.0018083333333333335,-4.6986222339409371e-15,-2.8077433182139224e-06,-1.4368561394983146e-16,2.7870551981271975e-06,0.41825033143479973,0.018535271883523229
1.6000000000000001,0,-0.39999999999999991,0.0018083333333333335,-4.1806827319177913e-15,-2.6481173105590913e-06,-1.4298140507075151e-16,2.6481173290775626e-06,0.41825033143479973,0.018535271883523229
1.605,0,-0.39500000000000002,0.0014083333333333331,-3.6424607146924502e-15,-2.5383503317496356e-06,3.5106606678051051e-17,2.5215717364466003e-06,0.36831727977894518,0.014406287229026973
1.6100000000000001,0,-0.3899999999999999,0.0014083333333333331,-3.1093266835935669e-15,-2.4285833529401757e-06,3.873876026622141e-17,2.3989104852091556e-06,0.36831727977894518,0.014406287229026973
1.615,0,-0.38500000000000001,0.0014083333333333331,-2.5812806386211842e-15,-2.3188163741307209e-06,4.2152094475049975e-17,2.2800751650838169e-06,0.36831727977894518,0.014406287229026973
1.6200000000000001,0,-0.37999999999999989,0.0014083333333333331,-2.0583225797752581e-15,-2.209049395321261e-06,4.5351062266355053e-17,2.1650073657891501e-06,0.36831727977894518,0.014406287229026973
1.625,0,-0.375,0.0014083333333333331,-1.5404525070558342e-15,-2.0992824165118062e-06,4.8340116601954401e-17,2.0536486770437391e-06,0.36831727977894518,0.014406287229026973
1.6299999999999999,0,-0.37000000000000011,0.0014083333333333331,-1.0276704204628885e-15,-1.989515437702351e-06,5.1123710443666204e-17,1.9459406885661561e-06,0.36831727977894518,0.014406287229026973
1.635,0,-0.36499999999999999,0.0014083333333333331,-5.1997631999639943e-16,-1.8797484588928911e-06,5.37062967533086e-17,1.8418249900749702e-06,0.36831727977894518,0.014406287229026973
1.6399999999999999,0,-0.3600000000000001,0.0014083333333333331,-1.7370205656411738e-17,-1.7699814800834361e-06,5.6092328492699386e-17,1.7412431712887673e-06,0.36831727977894518,0.014406287229026973
1.645,0,-0.35499999999999998,0.0014083333333333331,4.8014792255711925e-16,-1.6602145012739764e-06,5.8286258623656816e-17,1.6441368219261121e-06,0.36831727977894518,0.014406287229026973
1.6499999999999999,0,-0.35000000000000009,0.0014083333333333331,9.7257806464414945e-16,-1.5504475224645212e-06,6.0292540107998707e-17,1.5504475317055881e-06,0.36831727977894518,0.014406287229026973
1.655,0,-0.34499999999999997,0.0010583333333333328,1.4455013704093617e-15,-1.4789156564901788e-06,-2.7870252831348993e-18,1.4662646954457775e-06,0.31836856311805495,0.010796470945638825
1.6599999999999999,0,-0.34000000000000008,0.0010583333333333328,1.8786488264563407e-15,-1.4073837905158413e-06,-4.5492718856299506e-18,1.3850282858356563e-06,0.31836856311805495,0.010796470945638825
1.665,0,-0.33499999999999996,0.0010583333333333328,2.2720204327851256e-15,-1.3358519245415008e-06,-6.2051070746585178e-18,1.3066876403002698e-06,0.31836856311805495,0.010796470945638825
1.6699999999999999,0,-0.33000000000000007,0.0010583333333333328,2.6256161893956806e-15,-1.2643200585671633e-06,-7.756921565476728e-18,1.2311920962646786e-06,0.31836856311805495,0.010796470945638825
1.675,0,-0.32499999999999996,0.0010583333333333328,2.9394360962880381e-15,-1.1927881925928227e-06,-9.2071060733409926e-18,1.1584909911539275e-06,0.31836856311805495,0.010796470945638825
1.6799999999999999,0,-0.32000000000000006,0.0010583333333333328,3.2134801534621688e-15,-1.1212563266184852e-06,-1.0558051313507459e-17,1.0885336623930768e-06,0.31836856311805495,0.010796470945638825
1.6850000000000001,0,-0.31499999999999995,0.0010583333333333328,3.4477483609180984e-15,-1.0497244606441445e-06,-1.1812148001232521e-17,1.0212694474071733e-06,0.31836856311805495,0.010796470945638825
1.6899999999999999,0,-0.31000000000000005,0.0010583333333333328,3.6422407186558059e-15,-9.7819259466980722e-07,-1.2971786851772346e-17,9.5664768362127574e-07,0.31836856311805495,0.010796470945638825
1.6950000000000001,0,-0.30499999999999994,0.0010583333333333328,3.7969572266753076e-15,-9.0666072869546634e-07,-1.4039358580383304e-17,8.9461770846043234e-07,0.31836856311805495,0.010796470945638825
1.7,0,-0.30000000000000004,0.0010583333333333328,3.9118978849765913e-15,-8.3512886272112885e-07,-1.5017253902321581e-17,8.3512885934970118e-07,0.31836856311805495,0.010796470945638825
1.7050000000000001,0,-0.29499999999999993,0.0007583333333333333,4.0030545060333528e-15,-7.9173712178650901e-07,2.3389330701721161e-18,7.8263556967913216e-07,0.26840627883109652,0.0077062335029993208
1.71,0,-0.29000000000000004,0.0007583333333333333,4.0781910025813382e-15,-7.4834538085189245e-07,2.731087096415857e-18,7.3227923906564371e-07,0.26840627883109652,0.0077062335029993208
1.7150000000000001,0,-0.28499999999999992,0.0007583333333333333,4.1373073746205514e-15,-7.0495363991727378e-07,3.0923980795820635e-18,6.8401697010975342e-07,0.26840627883109652,0.0077062335029993208
1.72,0,-0.28000000000000003,0.0007583333333333333,4.1804036221509894e-15,-6.6156189898265712e-07,3.4237056771836106e-18,6.378058654119882e-07,0.26840627883109652,0.0077062335029993208
1.7250000000000001,0,-0.27499999999999991,0.0007583333333333333,4.2074797451726552e-15,-6.1817015804803855e-07,3.7258495467334369e-18,5.9360302757286595e-07,0.26840627883109652,0.0077062335029993208
1.73,0,-0.27000000000000002,0.0007583333333333333,4.2185357436855464e-15,-5.7477841711342188e-07,3.9996693457444244e-18,5.5136555919291327e-07,0.26840627883109652,0.0077062335029993208
1.7350000000000001,0,-0.2649999999999999,0.0007583333333333333,4.2135716176896647e-15,-5.3138667617880332e-07,4.2460047317295053e-18,5.1105056287264838e-07,0.26840627883109652,0.0077062335029993208
1.74,0,-0.26000000000000001,0.0007583333333333333,4.19258736718501e-15,-4.8799493524418665e-07,4.4656953622015659e-18,4.7261514121259707e-07,0.26840627883109652,0.0077062335029993208
1.7450000000000001,0,-0.25499999999999989,0.0007583333333333333,4.1555829921715785e-15,-4.4460319430956809e-07,4.6595808946735347e-18,4.3601639681327817e-07,0.26840627883109652,0.0077062335029993208
1.75,0,-0.25,0.0007583333333333333,4.1025584926493771e-15,-4.0121145337495148e-07,4.8285009866583018e-18,4.0121143227521687e-07,0.26840627883109652,0.0077062335029993208
1.7549999999999999,0,-0.24500000000000011,0.00050833333333333362,4.0507189313485994e-15,-3.7740319251988518e-07,-9.5964714896375869e-19,3.7127063101225225e-07,0.21843252045041034,0.0051359197157082271
1.76,0,-0.23999999999999999,0.00050833333333333362,4.0115900852808457e-15,-3.5359493166481787e-07,-1.0113681761306634e-18,3.4278626275920866e-07,0.21843252045041034,0.0051359197157082271
1.7649999999999999,0,-0.2350000000000001,0.00050833333333333362,3.9851719544461168e-15,-3.2978667080975157e-07,-1.05642624271903e-18,3.1572321007699272e-07,0.21843252045041034,0.0051359197157082271
1.77,0,-0.22999999999999998,0.00050833333333333362,3.9714645388444111e-15,-3.0597840995468421e-07,-1.0950570013645667e-18,2.9004635552650588e-07,0.21843252045041034,0.0051359197157082271
1.7749999999999999,0,-0.22500000000000009,0.00050833333333333362,3.9704678384757326e-15,-2.8217014909961796e-07,-1.127496104702974e-18,2.6572058166865391e-07,0.21843252045041034,0.0051359197157082271
1.78,0,-0.21999999999999997,0.00050833333333333362,3.9821818533400757e-15,-2.5836188824455055e-07,-1.1539792053699594e-18,2.4271077106433901e-07,0.21843252045041034,0.0051359197157082271
1.7849999999999999,0,-0.21500000000000008,0.00050833333333333362,4.0066065834374445e-15,-2.345536273894843e-07,-1.1747419560012249e-18,2.2098180627446673e-07,0.21843252045041034,0.0051359197157082271
1.79,0,-0.20999999999999996,0.00050833333333333362,4.0437420287678381e-15,-2.1074536653441697e-07,-1.1900200092324764e-18,2.0049856985993927e-07,0.21843252045041034,0.0051359197157082271
1.7949999999999999,0,-0.20500000000000007,0.00050833333333333362,4.0935881893312549e-15,-1.8693710567935069e-07,-1.2000490176994173e-18,1.8122594438166229e-07,0.21843252045041034,0.0051359197157082271
1.8,0,-0.19999999999999996,0.00050833333333333362,4.156145065127698e-15,-1.6312884482428336e-07,-1.2050646340377525e-18,1.6312881240053802e-07,0.21843252045041034,0.0051359197157082271
1.8049999999999999,0,-0.19500000000000006,0.0003083333333333332,4.1774937676829042e-15,-1.5189241014031911e-07,1.0455443619221316e-18,1.48146088180224e-07,0.16844937860063044,0.0030858151859455571
1.8100000000000001,0,-0.18999999999999995,0.0003083333333333332,4.0926533753993791e-15,-1.4065597545635441e-07,1.0141720740261657e-18,1.3406875349127915e-07,0.16844937860063044,0.0030858151859455571
1.8149999999999999,0,-0.18500000000000005,0.0003083333333333332,3.9016238882771299e-15,-1.2941954077239016e-07,9.8193519703519269e-19,1.2086947800191766e-07,0.16844937860063044,0.0030858151859455571
1.8200000000000001,0,-0.17999999999999994,0.0003083333333333332,3.6044053063161393e-15,-1.1818310608842544e-07,9.4892330698438017e-19,1.0852093138035143e-07,0.16844937860063044,0.0030858151859455571
1.825,0,-0.17500000000000004,0.0003083333333333332,3.200997629516434e-15,-1.0694667140446123e-07,9.1522597990890159e-19,9.6995783294794356e-08,0.16844937860063044,0.0030858151859455571
1.8300000000000001,0,-0.16999999999999993,0.0003083333333333332,2.6914008578779777e-15,-9.5710236720496506e-08,8.8093279184392423e-19,8.6266703413458429e-08,0.16844937860063044,0.0030858151859455571
1.835,0,-0.16500000000000004,0.0003083333333333332,2.0756149914008171e-15,-8.4473802036532282e-08,8.4613331882462141e-19,7.6306361404557528e-08,0.16844937860063044,0.0030858151859455571
1.8400000000000001,0,-0.15999999999999992,0.0003083333333333332,1.3536400300848963e-15,-7.3237367352567582e-08,8.1091713688616051e-19,6.7087426936303676e-08,0.16844937860063044,0.0030858151859455571
1.845,0,-0.15500000000000003,0.0003083333333333332,5.2547597393027912e-16,-6.2000932668603371e-08,7.7537382206371465e-19,5.8582569676910636e-08,0.16844937860063044,0.0030858151859455571
1.8500000000000001,0,-0.14999999999999991,0.0003083333333333332,-4.0887717706310735e-16,-5.0764497984638638e-08,7.395929503924514e-19,5.0764459294590549e-08,0.16844937860063044,0.0030858151859455571
1.855,0,-0.14500000000000002,0.00015833333333333316,-1.3497285071601392e-15,-4.6644996311565661e-08,-8.1395095798064362e-20,4.4704884998689324e-08,0.11845893983439328,0.0015560416943883801
1.8600000000000001,0,-0.1399999999999999,0.00015833333333333316,-2.1975346857464288e-15,-4.252549463849252e-08,-1.1166394536375272e-19,3.9128408060534238e-08,0.11845893983439328,0.0015560416943883801
1.865,0,-0.13500000000000001,0.00015833333333333316,-2.9522957128219005e-15,-3.840599296541955e-08,-1.371054346838559e-19,3.4015539667062309e-08,0.11845893983439328,0.0015560416943883801
1.8700000000000001,0,-0.12999999999999989,0.00015833333333333316,-3.6140115883866211e-15,-3.4286491292346402e-08,-1.5799343253957599e-19,2.9346791005209687e-08,0.11845893983439328,0.0015560416943883801
1.875,0,-0.125,0.00015833333333333316,-4.1826823124405328e-15,-3.0166989619273439e-08,-1.7460180771211098e-19,2.5102673261913336e-08,0.11845893983439328,0.0015560416943883801
1.8799999999999999,0,-0.12000000000000011,0.00015833333333333316,-4.658307884983666e-15,-2.6047487946200472e-08,-1.8720442898266164e-19,2.1263697624109645e-08,0.11845893983439328,0.0015560416943883801
1.885,0,-0.11499999999999999,0.00015833333333333316,-5.0408883060160356e-15,-2.1927986273127327e-08,-1.9607516513242805e-19,1.7810375278735067e-08,0.11845893983439328,0.0015560416943883801
1.8899999999999999,0,-0.1100000000000001,0.00015833333333333316,-5.3304235755376092e-15,-1.7808484600054371e-08,-2.0148788494260919e-19,1.4723217412726531e-08,0.11845893983439328,0.0015560416943883801
1.895,0,-0.10499999999999998,0.00015833333333333316,-5.5269136935484114e-15,-1.3688982926981219e-08,-2.0371645719440541e-19,1.1982735213020404e-08,0.11845893983439328,0.0015560416943883801
1.8999999999999999,0,-0.10000000000000009,0.00015833333333333316,-5.6303586600484239e-15,-9.5694812539082529e-09,-2.0303475066901626e-19,9.5694398665535632e-09,0.11845893983439328,0.0015560416943883801
1.905,0,-0.094999999999999973,5.8333333333333129e-05,-5.6658593387400419e-15,-8.6532602920841066e-09,-8.7257637879883238e-20,7.9197902074400116e-09,0.068463294119305643,0.00054688773127818462
1.9099999999999999,0,-0.09000000000000008,5.8333333333333129e-05,-5.6402702578666673e-15,-7.7370393302601488e-09,-6.9926488102645167e-20,6.464886822831447e-09,0.068463294119305643,0.00054688773127818462
1.915,0,-0.084999999999999964,5.8333333333333129e-05,-5.5535914174282946e-15,-6.8208183684361489e-09,-5.4890949129654519e-20,5.192818976903003e-09,0.068463294119305643,0.00054688773127818462
1.9199999999999999,0,-0.080000000000000071,5.8333333333333129e-05,-5.4058228174249342e-15,-5.9045974066121903e-09,-4.1995690476249318e-20,4.0916759338300712e-09,0.068463294119305643,0.00054688773127818462
1.925,0,-0.074999999999999956,5.8333333333333129e-05,-5.1969644578565726e-15,-4.9883764447881912e-09,-3.1085381657765057e-20,3.1495469577878203e-09,0.068463294119305643,0.00054688773127818462
1.9299999999999999,0,-0.070000000000000062,5.8333333333333129e-05,-4.9270163387232263e-15,-4.0721554829642309e-09,-2.2004692189539339e-20,2.3545213129515944e-09,0.068463294119305643,0.00054688773127818462
1.9350000000000001,0,-0.064999999999999947,5.8333333333333129e-05,-4.5959784600248732e-15,-3.1559345211402318e-09,-1.4598291586908006e-20,1.6946882634965745e-09,0.068463294119305643,0.00054688773127818462
1.9399999999999999,0,-0.060000000000000053,5.8333333333333129e-05,-4.2038508217615427e-15,-2.2397135593162737e-09,-8.7108493652083743e-21,1.1581370735980651e-09,0.068463294119305643,0.00054688773127818462
1.9450000000000001,0,-0.054999999999999938,5.8333333333333129e-05,-3.7506334239331999e-15,-1.3234925974922741e-09,-4.187035039776556e-21,7.3295700743125424e-10,0.068463294119305643,0.00054688773127818462
1.95,0,-0.050000000000000044,5.8333333333333129e-05,-3.2363262665398839e-15,-4.0727163566831435e-10,-8.7151812594961039e-22,4.0723732917141e-10,0.068463294119305643,0.00054688773127818462
1.9550000000000001,0,-0.044999999999999929,8.3333333333332761e-06,-2.7175845970192424e-15,-3.6654739571319607e-10,-6.9884634289404386e-22,2.8803738094300687e-10,0.018464519001392527,5.6123855549557751e-05
1.96,0,-0.040000000000000036,8.3333333333332761e-06,-2.2433676652043813e-15,-3.2582315575811911e-10,-6.2422365336177152e-22,1.9453829156123166e-10,0.018464519001392527,5.6123855549557751e-05
1.9650000000000001,0,-0.03499999999999992,8.3333333333332761e-06,-1.8136754710952564e-15,-2.8509891580304028e-10,-5.3308357042245487e-22,1.2364192356785885e-10,0.018464519001392527,5.6123855549557751e-05
1.97,0,-0.030000000000000027,8.3333333333332761e-06,-1.4285080146919074e-15,-2.4437467584796331e-10,-4.3218066580883837e-22,7.2250139504684455e-11,0.018464519001392527,5.6123855549557751e-05
1.9750000000000001,0,-0.024999999999999911,8.3333333333332761e-06,-1.0878652959942993e-15,-2.0365043589288457e-10,-3.2826951125364999e-22,3.7264801913493667e-11,0.018464519001392527,5.6123855549557751e-05
1.98,0,-0.020000000000000018,8.3333333333332761e-06,-7.9174731500246271e-16,-1.629261959378076e-10,-2.281046784896356e-22,1.5587773336080047e-11,0.018464519001392527,5.6123855549557751e-05
1.9850000000000001,0,-0.014999999999999902,8.3333333333332761e-06,-5.4015407171637108e-16,-1.2220195598272885e-10,-1.3844073924952345e-22,4.1209163142322007e-12,0.018464519001392527,5.6123855549557751e-05
1.99,0,-0.010000000000000009,8.3333333333332761e-06,-3.3308556613604669e-16,-8.1477716027651846e-11,-6.6032265266057975e-23,-2.3390661025779662e-13,0.018464519001392527,5.6123855549557751e-05
1.9950000000000001,0,-0.0049999999999998934,8.3333333333332761e-06,-1.7054179826147144e-16,-4.0753476072573071e-11,-1.7633828271969874e-23,-5.7483289559911898e-13,0.018464519001392527,5.6123855549557751e-05
2,0,0,8.3333333333332761e-06,-5.2522768092659669e-17,-2.9236117496104566e-14,-0,-0,0.018464519001392527,5.6123855549557751e-05
2.0049999999999999,0,0.0049999999999998934,0,4.3494759923398505e-17,-2.8354959293626856e-14,-0,-0,-0.031535387691549552,0
2.0099999999999998,0,0.0099999999999997868,0,1.3216778864224208e-16,-2.7473801091149153e-14,-0,-0,-0.031535387691549552,0
2.0150000000000001,0,0.015000000000000124,0,2.1349631806387801e-16,-2.6592642888671368e-14,-0,-0,-0.031535387691549552,0
2.02,0,0.020000000000000018,0,2.8748034818829177e-16,-2.5711484686193662e-14,-0,-0,-0.031535387691549552,0
2.0249999999999999,0,0.024999999999999911,0,3.5411987901549094e-16,-2.4830326483715956e-14,-0,-0,-0.031535387691549552,0
2.0299999999999998,0,0.029999999999999805,0,4.1341491054547547e-16,-2.3949168281238246e-14,-0,-0,-0.031535387691549552,0
2.0350000000000001,0,0.035000000000000142,0,4.6536544277824982e-16,-2.3068010078760461e-14,-0,-0,-0.031535387691549552,0
2.04,0,0.040000000000000036,0,5.0997147571380465e-16,-2.2186851876282758e-14,-0,0,-0.031535387691549552,0
2.0449999999999999,0,0.044999999999999929,0,5.472330093521447e-16,-2.1305693673805049e-14,-0,0,-0.031535387691549552,0
2.0499999999999998,0,0.049999999999999822,0,5.7715004369327036e-16,-2.0424535471327349e-14,-0,0,-0.031535387691549552,0
2.0550000000000002,0,0.05500000000000016,0,6.0709987095282039e-16,-1.9267566737734226e-14,0,0,-0.081535387691506145,0
2.0600000000000001,0,0.060000000000000053,0,6.4079176581012937e-16,-1.8110598004141186e-14,0,0,-0.081535387691506145,0
2.0649999999999999,0,0.064999999999999947,0,6.7822572826519977e-16,-1.6953629270548143e-14,0,0,-0.081535387691506145,0
2.0699999999999998,0,0.06999999999999984,0,7.194017583180314e-16,-1.5796660536955102e-14,0,0,-0.081535387691506145,0
2.0750000000000002,0,0.075000000000000178,0,7.6431985596862869e-16,-1.4639691803361961e-14,0,0,-0.081535387691506145,0
2.0800000000000001,0,0.080000000000000071,0,8.1298002121698345e-16,-1.3482723069768921e-14,0,0,-0.081535387691506145,0
2.085,0,0.084999999999999964,0,8.6538225406309945e-16,-1.232575433617588e-14,0,0,-0.081535387691506145,0
2.0899999999999999,0,0.089999999999999858,0,9.2152655450697676e-16,-1.1168785602582838e-14,0,-0,-0.081535387691506145,0
2.0950000000000002,0,0.095000000000000195,0,9.8141292254862122e-16,-1.0011816868989696e-14,0,-0,-0.081535387691506145,0
2.1000000000000001,0,0.10000000000000009,0,1.0450413581880217e-15,-8.8548481353966553e-15,0,-0,-0.081535387691506145,0
2.105,0,0.10499999999999998,0,1.1164159785995578e-15,-9.0498593863759257e-15,-0,-0,-0.13153538769190384,0
2.1099999999999999,0,0.10999999999999988,0,1.2033596605108923e-15,-9.2448706373551961e-15,-0,-0,-0.13153538769190384,0
2.1150000000000002,0,0.11500000000000021,0,1.305872403922035e-15,-9.4398818883344822e-15,-0,-0,-0.13153538769190384,0
2.1200000000000001,0,0.12000000000000011,0,1.4239542088329677e-15,-9.6348931393137526e-15,-0,-0,-0.13153538769190384,0
2.125,0,0.125,0,1.5576050752436986e-15,-9.8299043902930214e-15,-0,-0,-0.13153538769190384,0
2.1299999999999999,0,0.12999999999999989,0,1.7068250031542277e-15,-1.0024915641272292e-14,-0,-0,-0.13153538769190384,0
2.1349999999999998,0,0.13499999999999979,0,1.871613992564555e-15,-1.0219926892251562e-14,-0,-0,-0.13153538769190384,0
2.1400000000000001,0,0.14000000000000012,0,2.0519720434746981e-15,-1.0414938143230848e-14,-0,0,-0.13153538769190384,0
2.145,0,0.14500000000000002,0,2.2478991558846234e-15,-1.0609949394210117e-14,-0,0,-0.13153538769190384,0
2.1499999999999999,0,0.14999999999999991,0,2.4593953297943477e-15,-1.0804960645189388e-14,-0,0,-0.13153538769190384,0
2.1549999999999998,0,0.1549999999999998,0,2.6518375079600169e-15,-1.0366033986899518e-14,-0,0,-0.18153538769147881,0
2.1600000000000001,0,0.16000000000000014,0,2.7862802097692428e-15,-9.9271073286096139e-15,-0,0,-0.18153538769147881,0
2.165,0,0.16500000000000004,0,2.8627234352219995e-15,-9.488180670319746e-15,-0,0,-0.18153538769147881,0
2.1699999999999999,0,0.16999999999999993,0,2.8811671843183034e-15,-9.0492540120298781e-15,-0,0,-0.18153538769147881,0
2.1749999999999998,0,0.17499999999999982,0,2.8416114570581533e-15,-8.6103273537400118e-15,-0,0,-0.18153538769147881,0
2.1800000000000002,0,0.18000000000000016,0,2.7440562534415388e-15,-8.1714006954501044e-15,-0,0,-0.18153538769147881,0
2.1850000000000001,0,0.18500000000000005,0,2.5885015734684761e-15,-7.7324740371602349e-15,-0,0,-0.18153538769147881,0
2.1899999999999999,0,0.18999999999999995,0,2.374947417138961e-15,-7.2935473788703702e-15,-0,-0,-0.18153538769147881,0
2.1949999999999998,0,0.19499999999999984,0,2.1033937844529914e-15,-6.8546207205805022e-15,-0,-0,-0.18153538769147881,0
2.2000000000000002,0,0.20000000000000018,0,1.7738406754105369e-15,-6.4156940622905965e-15,-0,-0,-0.18153538769147881,0
2.2050000000000001,0,0.20500000000000007,0,1.4191667783923675e-15,-6.9641655024518055e-15,0,-0,-0.23153538769191587,0
2.21,0,0.20999999999999996,0,1.0583006744310206e-15,-7.5126369426130145e-15,0,-0,-0.23153538769191587,0
2.2149999999999999,0,0.21499999999999986,0,6.9124236352649523e-16,-8.0611083827742235e-15,0,-0,-0.23153538769191587,0
2.2200000000000002,0,0.2200000000000002,0,3.1799184567875873e-16,-8.6095798229354814e-15,0,-0,-0.23153538769191587,0
2.2250000000000001,0,0.22500000000000009,0,-6.1450879112122575e-17,-9.1580512630966904e-15,0,-0,-0.23153538769191587,0
2.23,0,0.22999999999999998,0,-4.470858108461819e-16,-9.7065227032578994e-15,0,-0,-0.23153538769191587,0
2.2349999999999999,0,0.23499999999999988,0,-8.3891294952341907e-16,-1.0254994143419108e-14,0,-0,-0.23153538769191587,0
2.2400000000000002,0,0.24000000000000021,0,-1.2369322951438702e-15,-1.0803465583580368e-14,0,0,-0.23153538769191587,0
2.2450000000000001,0,0.24500000000000011,0,-1.6411438477074641e-15,-1.1351937023741575e-14,0,0,-0.23153538769191587,0
2.25,0,0.25,0,-2.0515476072142355e-15,-1.1900408463902784e-14,0,0,-0.23153538769191587,0
2.2549999999999999,0,0.25499999999999989,0,-2.4431109278218109e-15,-1.2797857179751221e-14,-0,0,-0.28153538769223974,0
2.2599999999999998,0,0.25999999999999979,0,-2.7803309220770134e-15,-1.3695305895599655e-14,-0,0,-0.28153538769223974,0
2.2650000000000001,0,0.26500000000000012,0,-3.0632075899798643e-15,-1.4592754611448174e-14,-0,0,-0.28153538769223974,0
2.27,0,0.27000000000000002,0,-3.2917409315303148e-15,-1.549020332729661e-14,-0,0,-0.28153538769223974,0
2.2749999999999999,0,0.27499999999999991,0,-3.4659309467283912e-15,-1.6387652043145043e-14,-0,0,-0.28153538769223974,0
2.2799999999999998,0,0.2799999999999998,0,-3.5857776355740944e-15,-1.7285100758993483e-14,-0,0,-0.28153538769223974,0
2.2850000000000001,0,0.28500000000000014,0,-3.6512809980674275e-15,-1.8182549474841995e-14,-0,0,-0.28153538769223974,0
2.29,0,0.29000000000000004,0,-3.6624410342083783e-15,-1.9079998190690434e-14,-0,-0,-0.28153538769223974,0
2.2949999999999999,0,0.29499999999999993,0,-3.6192577439969554e-15,-1.9977446906538867e-14,-0,-0,-0.28153538769223974,0
2.2999999999999998,0,0.29999999999999982,0,-3.5217311274331601e-15,-2.0874895622387307e-14,-0,-0,-0.28153538769223974,0
2.3050000000000002,0,0.30500000000000016,0,-3.3977726304211854e-15,-2.1171691933618306e-14,-0,-0,-0.33153538769190144,0
2.3100000000000001,0,0.31000000000000005,0,-3.2675799642603322e-15,-2.1468488244849219e-14,-0,-0,-0.33153538769190144,0
2.3149999999999999,0,0.31499999999999995,0,-3.131153128950588e-15,-2.1765284556080139e-14,-0,-0,-0.33153538769190144,0
2.3199999999999998,0,0.31999999999999984,0,-2.9884921244919536e-15,-2.2062080867311056e-14,-0,-0,-0.33153538769190144,0
2.3250000000000002,0,0.32500000000000018,0,-2.8395969508844156e-15,-2.2358877178541998e-14,-0,-0,-0.33153538769190144,0
2.3300000000000001,0,0.33000000000000007,0,-2.6844676081280004e-15,-2.2655673489772918e-14,-0,-0,-0.33153538769190144,0
2.335,0,0.33499999999999996,0,-2.5231040962226937e-15,-2.2952469801003838e-14,-0,-0,-0.33153538769190144,0
2.3399999999999999,0,0.33999999999999986,0,-2.3555064151684977e-15,-2.3249266112234751e-14,-0,0,-0.33153538769190144,0
2.3450000000000002,0,0.3450000000000002,0,-2.1816745649653952e-15,-2.3546062423465693e-14,-0,0,-0.33153538769190144,0
2.3500000000000001,0,0.35000000000000009,0,-2.0016085456134175e-15,-2.3842858734696613e-14,-0,0,-0.33153538769190144,0
2.355,0,0.35499999999999998,0,-1.8266518343923021e-15,-2.4191644890367468e-14,0,0,-0.38153538769183398,0
2.3599999999999999,0,0.35999999999999988,0,-1.6671145930090736e-15,-2.4540431046038323e-14,0,0,-0.38153538769183398,0
2.3650000000000002,0,0.36500000000000021,0,-1.5229968214637195e-15,-2.488921720170921e-14,0,0,-0.38153538769183398,0
2.3700000000000001,0,0.37000000000000011,0,-1.3942985197562651e-15,-2.5238003357380065e-14,0,0,-0.38153538769183398,0
2.375,0,0.375,0,-1.2810196878866974e-15,-2.558678951305092e-14,0,0,-0.38153538769183398,0
2.3799999999999999,0,0.37999999999999989,0,-1.1831603258550164e-15,-2.5935575668721781e-14,0,0,-0.38153538769183398,0
2.3849999999999998,0,0.38499999999999979,0,-1.1007204336612218e-15,-2.6284361824392639e-14,0,0,-0.38153538769183398,0
2.3900000000000001,0,0.39000000000000012,0,-1.0337000113053086e-15,-2.6633147980063523e-14,0,-0,-0.38153538769183398,0
2.395,0,0.39500000000000002,0,-9.8209905878728837e-16,-2.6981934135734378e-14,0,-0,-0.38153538769183398,0
2.3999999999999999,0,0.39999999999999991,0,-9.4591757610715488e-16,-2.7330720291405236e-14,0,-0,-0.38153538769183398,0
2.4049999999999998,0,0.4049999999999998,0,-8.9842896733001159e-16,-2.7648477276380786e-14,0,-0,-0.43153538769200911,0
2.4100000000000001,0,0.41000000000000014,0,-8.1173176955855665e-16,-2.7966234261356364e-14,0,-0,-0.43153538769200911,0
2.415,0,0.41500000000000004,0,-6.8582598279280523e-16,-2.828399124633191e-14,0,-0,-0.43153538769200911,0
2.4199999999999999,0,0.41999999999999993,0,-5.2071160703275201e-16,-2.860174823130746e-14,0,-0,-0.43153538769200911,0
2.4249999999999998,0,0.42499999999999982,0,-3.1638864227839659e-16,-2.8919505216283009e-14,0,-0,-0.43153538769200911,0
2.4300000000000002,0,0.43000000000000016,0,-7.2857088529715765e-17,-2.9237262201258584e-14,0,-0,-0.43153538769200911,0
2.4350000000000001,0,0.43500000000000005,0,2.0988305421324739e-16,-2.9555019186234128e-14,0,-0,-0.43153538769200911,0
2.4399999999999999,0,0.43999999999999995,0,5.3183178595051298e-16,-2.9872776171209677e-14,0,0,-0.43153538769200911,0
2.4449999999999998,0,0.44499999999999984,0,8.9298910668208052e-16,-3.0190533156185227e-14,0,0,-0.43153538769200911,0
2.4500000000000002,0,0.45000000000000018,0,1.2933550164079874e-15,-3.0508290141160802e-14,0,0,-0.43153538769200911,0
2.4550000000000001,0,0.45500000000000007,0,1.6867677650053757e-15,-2.9855413561881955e-14,-0,0,-0.48153538769142196,0
2.46,0,0.45999999999999996,0,2.0271932610520382e-15,-2.9202536982603101e-14,-0,0,-0.48153538769142196,0
2.4649999999999999,0,0.46499999999999986,0,2.3146315045479748e-15,-2.8549660403324247e-14,-0,0,-0.48153538769142196,0
2.4700000000000002,0,0.4700000000000002,0,2.5490824954932041e-15,-2.789678382404534e-14,-0,0,-0.48153538769142196,0
2.4750000000000001,0,0.47500000000000009,0,2.7305462338876841e-15,-2.724390724476649e-14,-0,0,-0.48153538769142196,0
2.48,0,0.47999999999999998,0,2.8590227197314382e-15,-2.6591030665487639e-14,-0,0,-0.48153538769142196,0
2.4849999999999999,0,0.48499999999999988,0,2.9345119530244668e-15,-2.5938154086208789e-14,-0,0,-0.48153538769142196,0
2.4900000000000002,0,0.49000000000000021,0,2.957013933766769e-15,-2.5285277506929881e-14,-0,-0,-0.48153538769142196,0
2.4950000000000001,0,0.49500000000000011,0,2.926528661958341e-15,-2.4632400927651028e-14,-0,-0,-0.48153538769142196,0
2.5,0,0.5,0,2.8430561375991866e-15,-2.3979524348372177e-14,-0,-0,-0.48153538769142196,0
2.5049999999999999,0,0.50499999999999989,0,2.744380285297073e-15,-2.2985653160274175e-14,0,-0,-0.53153538769157427,0
2.5099999999999998,0,0.50999999999999979,0,2.6604322922303103e-15,-2.1991781972176176e-14,0,-0,-0.53153538769157427,0
2.5150000000000001,0,0.51500000000000012,0,2.5912121583988918e-15,-2.0997910784078089e-14,0,-0,-0.53153538769157427,0
2.52,0,0.52000000000000002,0,2.5367198838028294e-15,-2.0004039595980086e-14,0,-0,-0.53153538769157427,0
2.5249999999999999,0,0.52499999999999991,0,2.4969554684421171e-15,-1.9010168407882084e-14,0,-0,-0.53153538769157427,0
2.5299999999999998,0,0.5299999999999998,0,2.4719189123167554e-15,-1.8016297219784085e-14,0,-0,-0.53153538769157427,0
2.5350000000000001,0,0.53500000000000014,0,2.4616102154267431e-15,-1.7022426031685991e-14,0,-0,-0.53153538769157427,0
2.54,0,0.54000000000000004,0,2.4660293777720821e-15,-1.6028554843587999e-14,0,0,-0.53153538769157427,0
2.5449999999999999,0,0.54499999999999993,0,2.4851763993527709e-15,-1.5034683655489996e-14,0,0,-0.53153538769157427,0
2.5499999999999998,0,0.54999999999999982,0,2.5190512801688099e-15,-1.4040812467391996e-14,0,0,-0.53153538769157427,0
2.5550000000000002,0,0.55500000000000016,0,2.5528105710931506e-15,-1.3735420538362867e-14,-0,0,-0.58153538769166746,0
2.5600000000000001,0,0.56000000000000005,0,2.5721597360311592e-15,-1.3430028609333826e-14,-0,0,-0.58153538769166746,0
2.5649999999999999,0,0.56499999999999995,0,2.577098774982839e-15,-1.3124636680304786e-14,-0,0,-0.58153538769166746,0
2.5699999999999998,0,0.56999999999999984,0,2.5676276879481904e-15,-1.2819244751275744e-14,-0,0,-0.58153538769166746,0
2.5750000000000002,0,0.57500000000000018,0,2.54374647492721e-15,-1.2513852822246678e-14,-0,0,-0.58153538769166746,0
2.5800000000000001,0,0.58000000000000007,0,2.5054551359199029e-15,-1.2208460893217638e-14,-0,0,-0.58153538769166746,0
2.585,0,0.58499999999999996,0,2.4527536709262667e-15,-1.1903068964188597e-14,-0,0,-0.58153538769166746,0
2.5899999999999999,0,0.58999999999999986,0,2.3856420799463025e-15,-1.1597677035159557e-14,-0,-0,-0.58153538769166746,0
2.5950000000000002,0,0.5950000000000002,0,2.3041203629800017e-15,-1.1292285106130489e-14,-0,-0,-0.58153538769166746,0
2.6000000000000001,0,0.60000000000000009,0,2.2081885200273786e-15,-1.0986893177101449e-14,-0,-0,-0.58153538769166746,0
2.605,0,0.60499999999999998,0,2.0788483200777175e-15,-9.7474684306145961e-15,0,-0,-0.63153538769126349,0
2.6099999999999999,0,0.60999999999999988,0,1.886380508518877e-15,-8.5080436841277465e-15,0,-0,-0.63153538769126349,0
2.6150000000000002,0,0.61500000000000021,0,1.630785085350829e-15,-7.2686189376407832e-15,0,-0,-0.63153538769126349,0
2.6200000000000001,0,0.62000000000000011,0,1.3120620505736211e-15,-6.0291941911539328e-15,0,-0,-0.63153538769126349,0
2.625,0,0.625,0,9.3021140418723259e-16,-4.7897694446670824e-15,0,-0,-0.63153538769126349,0
2.6299999999999999,0,0.62999999999999989,0,4.8523314619166336e-16,-3.5503446981802296e-15,0,-0,-0.63153538769126349,0
2.6349999999999998,0,0.63499999999999979,0,-2.2872723413086597e-17,-2.3109199516933796e-15,0,-0,-0.63153538769126349,0
2.6400000000000001,0,0.64000000000000012,0,-5.9410620462707074e-16,-1.0714952052064179e-15,0,0,-0.63153538769126349,0
2.645,0,0.64500000000000002,0,-1.2284672974501873e-15,1.679295412804336e-16,0,0,-0.63153538769126349,0
2.6499999999999999,0,0.64999999999999991,0,-1.925956001882485e-15,1.4073542877672845e-15,0,0,-0.63153538769126349,0
2.6549999999999998,0,0.6549999999999998,0,-2.6251986240972516e-15,1.5341636745839498e-15,0,0,-0.68153538769199784,0
2.6600000000000001,0,0.66000000000000014,0,-3.2679132743303834e-15,1.6609730614005262e-15,0,0,-0.68153538769199784,0
2.665,0,0.66500000000000004,0,-3.8540999525817675e-15,1.7877824482170919e-15,0,0,-0.68153538769199784,0
2.6699999999999999,0,0.66999999999999993,0,-4.3837586588514614e-15,1.9145918350336574e-15,0,0,-0.68153538769199784,0
2.6749999999999998,0,0.67499999999999982,0,-4.8568893931394661e-15,2.0414012218502225e-15,0,0,-0.68153538769199784,0
2.6800000000000002,0,0.68000000000000016,0,-5.2734921554458161e-15,2.1682106086667991e-15,0,0,-0.68153538769199784,0
2.6850000000000001,0,0.68500000000000005,0,-5.6335669457704374e-15,2.2950199954833646e-15,0,0,-0.68153538769199784,0
2.6899999999999999,0,0.68999999999999995,0,-5.9371137641133709e-15,2.4218293822999298e-15,0,-0,-0.68153538769199784,0
2.6949999999999998,0,0.69499999999999984,0,-6.1841326104746143e-15,2.5486387691164953e-15,0,-0,-0.68153538769199784,0
2.7000000000000002,0,0.70000000000000018,0,-6.3746234848541826e-15,2.6754481559330718e-15,0,-0,-0.68153538769199784,0
2.7050000000000001,0,0.70500000000000007,0,-6.5080177372343105e-15,2.32103191448621e-15,-0,-0,-0.73153538769222015,0
2.71,0,0.70999999999999996,0,-6.5599712466369784e-15,1.9666156730393473e-15,-0,-0,-0.73153538769222015,0
2.7149999999999999,0,0.71499999999999986,0,-6.5304840130621841e-15,1.6121994315924851e-15,-0,-0,-0.73153538769222015,0
2.7200000000000002,0,0.7200000000000002,0,-6.4195560365099173e-15,1.2577831901455915e-15,-0,-0,-0.73153538769222015,0
2.7250000000000001,0,0.72500000000000009,0,-6.2271873169801953e-15,9.0336694869872925e-16,-0,-0,-0.73153538769222015,0
2.73,0,0.72999999999999998,0,-5.9533778544730118e-15,5.489507072518673e-16,-0,-0,-0.73153538769222015,0
2.7349999999999999,0,0.73499999999999988,0,-5.5981276489883677e-15,1.9453446580500471e-16,-0,-0,-0.73153538769222015,0
2.7400000000000002,0,0.74000000000000021,0,-5.1614367005262218e-15,-1.598817756418887e-16,-0,-0,-0.73153538769222015,0
2.7450000000000001,0,0.74500000000000011,0,-4.64330500908665e-15,-5.1429801708875109e-16,-0,0,-0.73153538769222015,0
2.75,0,0.75,0,-4.0437325746696166e-15,-8.6871425853561333e-16,-0,0,-0.73153538769222015,0
2.7549999999999999,0,0.75499999999999989,0,-3.4199682633518603e-15,-9.850955099938952e-16,0,0,-0.78153538769174846,0
2.7599999999999998,0,0.75999999999999979,0,-2.8205979804023401e-15,-1.1014767614521763e-15,0,0,-0.78153538769174846,0
2.7650000000000001,0,0.76500000000000012,0,-2.2456217258210051e-15,-1.2178580129104682e-15,0,0,-0.78153538769174846,0
2.77,0,0.77000000000000002,0,-1.6950394996079587e-15,-1.3342392643687499e-15,0,0,-0.78153538769174846,0
2.7749999999999999,0,0.77499999999999991,0,-1.1688513017631473e-15,-1.4506205158270313e-15,0,0,-0.78153538769174846,0
2.7799999999999998,0,0.7799999999999998,0,-6.6705713228657187e-16,-1.567001767285313e-15,0,0,-0.78153538769174846,0
2.7850000000000001,0,0.78500000000000014,0,-1.8965699117819089e-16,-1.6833830187436047e-15,0,0,-0.78153538769174846,0
2.79,0,0.79000000000000004,0,2.6334912156191115e-16,-1.7997642702018868e-15,0,0,-0.78153538769174846,0
2.7949999999999999,0,0.79499999999999993,0,6.919612059337772e-16,-1.9161455216601682e-15,0,0,-0.78153538769174846,0
2.7999999999999998,0,0.79999999999999982,0,1.0961792619374078e-15,-2.0325267731184501e-15,0,0,-0.78153538769174846,0
2.8050000000000002,0,0.80500000000000016,0,1.4925183039633054e-15,-3.2812622811431545e-15,0,0,-0.83153538769213098,0
2.8100000000000001,0,0.81000000000000005,0,1.8978171759259798e-15,-4.5299977891678474e-15,0,0,-0.83153538769213098,0
2.8149999999999999,0,0.81499999999999995,0,2.3120758778254661e-15,-5.7787332971925428e-15,0,0,-0.83153538769213098,0
2.8199999999999998,0,0.81999999999999984,0,2.7352944096617644e-15,-7.0274688052172357e-15,0,0,-0.83153538769213098,0
2.8250000000000002,0,0.82500000000000018,0,3.1674727714349132e-15,-8.2762043132420407e-15,0,0,-0.83153538769213098,0
2.8300000000000001,0,0.83000000000000007,0,3.6086109631448357e-15,-9.5249398212667344e-15,0,0,-0.83153538769213098,0
2.835,0,0.83499999999999996,0,4.0587089847915705e-15,-1.0773675329291427e-14,0,0,-0.83153538769213098,0
2.8399999999999999,0,0.83999999999999986,0,4.5177668363751177e-15,-1.2022410837316122e-14,0,0,-0.83153538769213098,0
2.8450000000000002,0,0.8450000000000002,0,4.9857845178955182e-15,-1.3271146345340926e-14,0,0,-0.83153538769213098,0
2.8500000000000001,0,0.85000000000000009,0,5.4627620293526892e-15,-1.451988185336562e-14,0,0,-0.83153538769213098,0
2.855,0,0.85499999999999998,0,5.9115260404849577e-15,-1.5042363680912004e-14,-0,0,-0.88153538769159312,0
2.8599999999999999,0,0.85999999999999988,0,6.276537817879353e-15,-1.5564845508458388e-14,-0,0,-0.88153538769159312,0
2.8650000000000002,0,0.86500000000000021,0,6.5577973615358939e-15,-1.6087327336004819e-14,-0,0,-0.88153538769159312,0
2.8700000000000001,0,0.87000000000000011,0,6.7553046714545332e-15,-1.66098091635512e-14,-0,0,-0.88153538769159312,0
2.875,0,0.875,0,6.8690597476352968e-15,-1.7132290991097588e-14,-0,0,-0.88153538769159312,0
2.8799999999999999,0,0.87999999999999989,0,6.8990625900781849e-15,-1.7654772818643968e-14,-0,0,-0.88153538769159312,0
2.8849999999999998,0,0.88499999999999979,0,6.845313198783198e-15,-1.8177254646190356e-14,-0,-0,-0.88153538769159312,0
2.8900000000000001,0,0.89000000000000012,0,6.707811573750323e-15,-1.8699736473736787e-14,-0,-0,-0.88153538769159312,0
2.895,0,0.89500000000000002,0,6.4865577149795794e-15,-1.9222218301283168e-14,-0,-0,-0.88153538769159312,0
2.8999999999999999,0,0.89999999999999991,0,6.1815516224709626e-15,-1.9744700128829552e-14,-0,-0,-0.88153538769159312,0
2.9049999999999998,0,0.9049999999999998,0,5.8271211780832144e-15,-1.9853272004185945e-14,0,-0,-0.93153538769170352,0
2.9100000000000001,0,0.91000000000000014,0,5.4468414139894255e-15,-1.9961843879542309e-14,0,-0,-0.93153538769170352,0
2.915,0,0.91500000000000004,0,5.0407123301896629e-15,-2.0070415754898658e-14,0,-0,-0.93153538769170352,0
2.9199999999999999,0,0.91999999999999993,0,4.6087339266838941e-15,-2.0178987630255013e-14,0,-0,-0.93153538769170352,0
2.9249999999999998,0,0.92499999999999982,0,4.1509062034721185e-15,-2.0287559505611365e-14,0,-0,-0.93153538769170352,0
2.9300000000000002,0,0.93000000000000016,0,3.6672291605542935e-15,-2.039613138096773e-14,0,-0,-0.93153538769170352,0
2.9350000000000001,0,0.93500000000000005,0,3.1577027979305046e-15,-2.0504703256324082e-14,0,-0,-0.93153538769170352,0
2.9399999999999999,0,0.93999999999999995,0,2.6223271156007084e-15,-2.0613275131680434e-14,0,-0,-0.93153538769170352,0
2.9449999999999998,0,0.94499999999999984,0,2.0611021135649065e-15,-2.0721847007036785e-14,0,-0,-0.93153538769170352,0
2.9500000000000002,0,0.95000000000000018,0,1.4740277918230453e-15,-2.083041888239315e-14,0,0,-0.93153538769170352,0
2.9550000000000001,0,0.95500000000000007,0,8.7637607432670117e-16,-2.0731589097046421e-14,0,0,-0.98153538769176263,0
2.96,0,0.95999999999999996,0,2.7457846980445247e-16,-2.0632759311699689e-14,0,0,-0.98153538769176263,0
2.9649999999999999,0,0.96499999999999986,0,-3.3136502174370165e-16,-2.0533929526352957e-14,0,0,-0.98153538769176263,0
2.9700000000000002,0,0.9700000000000002,0,-9.4145440031781425e-16,-2.0435099741006215e-14,0,0,-0.98153538769176263,0
2.9750000000000001,0,0.97500000000000009,0,-1.5556896659177774e-15,-2.0336269955659486e-14,0,0,-0.98153538769176263,0
2.98,0,0.97999999999999998,0,-2.1740708185436453e-15,-2.0237440170312757e-14,0,0,-0.98153538769176263,0
2.9849999999999999,0,0.98499999999999988,0,-2.7965978581954185e-15,-2.0138610384966025e-14,0,0,-0.98153538769176263,0
2.9900000000000002,0,0.99000000000000021,0,-3.4232707848731519e-15,-2.0039780599619287e-14,0,0,-0.98153538769176263,0
2.9950000000000001,0,0.99500000000000011,0,-4.0540895985767344e-15,-1.9940950814272555e-14,0,0,-0.98153538769176263,0
3,0,1,0,-4.689054299306222e-15,-1.9842121028925823e-14,0,0,-0.98153538769176263,0
3.0049999999999999,0,1.0049999999999999,0,-5.2955100360914939e-15,-1.9593647955128801e-14,-0,0,-1.0315353876920297,0
3.0099999999999998,0,1.0099999999999998,0,-5.8291859639233771e-15,-1.9345174881331785e-14,-0,0,-1.0315353876920297,0
3.0150000000000001,0,1.0150000000000001,0,-6.2900820828019072e-15,-1.9096701807534747e-14,-0,0,-1.0315353876920297,0
3.02,0,1.02,0,-6.6781983927270028e-15,-1.8848228733737729e-14,-0,0,-1.0315353876920297,0
3.0249999999999999,0,1.0249999999999999,0,-6.9935348936987098e-15,-1.859975565994071e-14,-0,0,-1.0315353876920297,0
3.0299999999999998,0,1.0299999999999998,0,-7.2360915857170242e-15,-1.8351282586143694e-14,-0,0,-1.0315353876920297,0
3.0350000000000001,0,1.0350000000000001,0,-7.4058684687819633e-15,-1.8102809512346653e-14,-0,0,-1.0315353876920297,0
3.04,0,1.04,0,-7.5028655428934925e-15,-1.7854336438549635e-14,-0,0,-1.0315353876920297,0
3.0449999999999999,0,1.0449999999999999,0,-7.5270828080516322e-15,-1.7605863364752616e-14,-0,-0,-1.0315353876920297,0
3.0499999999999998,0,1.0499999999999998,0,-7.4785202642563825e-15,-1.73573902909556e-14,-0,-0,-1.0315353876920297,0
3.0550000000000002,0,1.0550000000000002,0,-7.3794445945337712e-15,-1.6076043566243867e-14,-0,-0,-1.0815353876916824,0
3.0600000000000001,0,1.0600000000000001,0,-7.2298672727637219e-15,-1.479469684153216e-14,-0,-0,-1.0815353876916824,0
3.0649999999999999,0,1.0649999999999999,0,-7.0297882989462267e-15,-1.3513350116820446e-14,-0,-0,-1.0815353876916824,0
3.0699999999999998,0,1.0699999999999998,0,-6.7792076730812879e-15,-1.2232003392108735e-14,-0,0,-1.0815353876916824,0
3.0750000000000002,0,1.0750000000000002,0,-6.4781253951688749e-15,-1.0950656667396912e-14,-0,0,-1.0815353876916824,0
3.0800000000000001,0,1.0800000000000001,0,-6.1265414652090411e-15,-9.6693099426852014e-15,-0,0,-1.0815353876916824,0
3.085,0,1.085,0,-5.7244558832017631e-15,-8.3879632179734922e-15,-0,0,-1.0815353876916824,0
3.0899999999999999,0,1.0899999999999999,0,-5.2718686491470399e-15,-7.1066164932617798e-15,-0,0,-1.0815353876916824,0
3.0950000000000002,0,1.0950000000000002,0,-4.7687797630448234e-15,-5.8252697685499562e-15,-0,0,-1.0815353876916824,0
3.1000000000000001,0,1.1000000000000001,0,-4.2151892248952053e-15,-4.5439230438382455e-15,-0,0,-1.0815353876916824,0
3.105,0,1.105,0,-3.638227761304699e-15,-4.6188456616099133e-15,0,0,-1.1315353876918588,0
3.1099999999999999,0,1.1099999999999999,0,-3.0571188447590532e-15,-4.6937682793815804e-15,0,0,-1.1315353876918588,0
3.1150000000000002,0,1.1150000000000002,0,-2.4718624752582133e-15,-4.7686908971532546e-15,0,0,-1.1315353876918588,0
3.1200000000000001,0,1.1200000000000001,0,-1.882458652802286e-15,-4.8436135149249217e-15,0,0,-1.1315353876918588,0
3.125,0,1.125,0,-1.2889073773912186e-15,-4.9185361326965896e-15,0,0,-1.1315353876918588,0
3.1299999999999999,0,1.1299999999999999,0,-6.912086490250115e-16,-4.9934587504682575e-15,0,0,-1.1315353876918588,0
3.1349999999999998,0,1.1349999999999998,0,-8.9362467703663583e-17,-5.0683813682399254e-15,0,0,-1.1315353876918588,0
3.1400000000000001,0,1.1400000000000001,0,5.1663116657287866e-16,-5.1433039860115996e-15,0,0,-1.1315353876918588,0
3.145,0,1.145,0,1.1267722538045069e-15,-5.2182266037832667e-15,0,-0,-1.1315353876918588,0
3.1499999999999999,0,1.1499999999999999,0,1.7410607939912759e-15,-5.2931492215549353e-15,0,-0,-1.1315353876918588,0
3.1549999999999998,0,1.1549999999999998,0,2.3499102497932635e-15,-4.3616876763910171e-15,-0,-0,-1.1815353876914785,0
3.1600000000000001,0,1.1600000000000001,0,2.9407616052376292e-15,-3.4302261312269253e-15,-0,0,-1.1815353876914785,0
3.165,0,1.165,0,3.5136148603242678e-15,-2.4987645860629171e-15,-0,0,-1.1815353876914785,0
3.1699999999999999,0,1.1699999999999999,0,4.068470015053232e-15,-1.5673030408989079e-15,-0,0,-1.1815353876914785,0
3.1749999999999998,0,1.1749999999999998,0,4.6053270694245212e-15,-6.3584149573489978e-16,-0,0,-1.1815353876914785,0
3.1800000000000002,0,1.1800000000000002,0,5.1241860234381817e-15,2.9562004942919159e-16,-0,0,-1.1815353876914785,0
3.1850000000000001,0,1.1850000000000001,0,5.6250468770941211e-15,1.2270815945932001e-15,-0,0,-1.1815353876914785,0
3.1899999999999999,0,1.1899999999999999,0,6.1079096303923877e-15,2.1585431397572095e-15,-0,0,-1.1815353876914785,0
3.1949999999999998,0,1.1949999999999998,0,6.5727742833329781e-15,3.0900046849212177e-15,-0,0,-1.1815353876914785,0
3.2000000000000002,0,1.2000000000000002,0,7.019640835915935e-15,4.0214662300853091e-15,-0,0,-1.1815353876914785,0
3.2050000000000001,0,1.2050000000000001,0,7.4187666752438845e-15,4.5760268848820772e-15,-0,0,-1.231535387691292,0
3.21,0,1.21,0,7.7246038888720617e-15,5.1305875396788461e-15,-0,0,-1.231535387691292,0
3.2149999999999999,0,1.2149999999999999,0,7.937152476800472e-15,5.685148194475615e-15,-0,0,-1.231535387691292,0
3.2200000000000002,0,1.2200000000000002,0,8.0564124390291156e-15,6.2397088492724328e-15,-0,0,-1.231535387691292,0
3.2250000000000001,0,1.2250000000000001,0,8.0823837755579766e-15,6.7942695040692017e-15,-0,0,-1.231535387691292,0
3.23,0,1.23,0,8.0150664863870677e-15,7.348830158865969e-15,-0,-0,-1.231535387691292,0
3.2349999999999999,0,1.2349999999999999,0,7.8544605715163872e-15,7.9033908136627379e-15,-0,-0,-1.231535387691292,0
3.2400000000000002,0,1.2400000000000002,0,7.6005660309459116e-15,8.4579514684595572e-15,-0,-0,-1.231535387691292,0
3.2450000000000001,0,1.2450000000000001,0,7.2533828646756849e-15,9.0125121232563245e-15,-0,-0,-1.231535387691292,0
3.25,0,1.25,0,6.8129110727056875e-15,9.5670727780530934e-15,-0,-0,-1.231535387691292,0
3.2549999999999999,0,1.2549999999999999,0,6.3322772400202786e-15,9.3246153052750739e-15,0,-0,-1.2815353876918292,0
3.2599999999999998,0,1.2599999999999998,0,5.8482083711855529e-15,9.0821578324970513e-15,0,-0,-1.2815353876918292,0
3.2650000000000001,0,1.2650000000000001,0,5.3607044662014641e-15,8.8397003597190065e-15,0,-0,-1.2815353876918292,0
3.27,0,1.27,0,4.869765525068101e-15,8.5972428869409855e-15,0,-0,-1.2815353876918292,0
3.2749999999999999,0,1.2749999999999999,0,4.3753915477854205e-15,8.3547854141629644e-15,0,0,-1.2815353876918292,0
3.2799999999999998,0,1.2799999999999998,0,3.8775825343534201e-15,8.1123279413849449e-15,0,0,-1.2815353876918292,0
3.2850000000000001,0,1.2850000000000001,0,3.3763384847720577e-15,7.8698704686069018e-15,0,0,-1.2815353876918292,0
3.29,0,1.29,0,2.8716593990414219e-15,7.6274129958288807e-15,0,0,-1.2815353876918292,0
3.2949999999999999,0,1.2949999999999999,0,2.3635452771614674e-15,7.3849555230508596e-15,0,0,-1.2815353876918292,0
3.2999999999999998,0,1.2999999999999998,0,1.8519961191321954e-15,7.1424980502728385e-15,0,0,-1.2815353876918292,0
3.3050000000000002,0,1.3050000000000002,0,1.3219680358163845e-15,7.4308395418645074e-15,0,0,-1.3315353876915872,0
3.3100000000000001,0,1.3100000000000001,0,7.5015915222334106e-16,7.7191810334561968e-15,0,0,-1.3315353876915872,0
3.3149999999999999,0,1.3149999999999999,0,1.3656946835301799e-16,8.0075225250478877e-15,0,0,-1.3315353876915872,0
3.3199999999999998,0,1.3199999999999998,0,-5.1880101579458299e-16,8.2958640166395771e-15,0,0,-1.3315353876915872,0
3.3250000000000002,0,1.3250000000000002,0,-1.2159523002195265e-15,8.5842055082312933e-15,0,0,-1.3315353876915872,0
3.3300000000000001,0,1.3300000000000001,0,-1.9548843849216889e-15,8.8725469998229827e-15,0,0,-1.3315353876915872,0
3.335,0,1.335,0,-2.7355972699011303e-15,9.1608884914146721e-15,0,0,-1.3315353876915872,0
3.3399999999999999,0,1.3399999999999999,0,-3.5580909551578511e-15,9.4492299830063615e-15,0,-0,-1.3315353876915872,0
3.3450000000000002,0,1.3450000000000002,0,-4.4223654406919282e-15,9.7375714745980776e-15,0,-0,-1.3315353876915872,0
3.3500000000000001,0,1.3500000000000001,0,-5.3284207265032097e-15,1.0025912966189767e-14,0,-0,-1.3315353876915872,0
3.355,0,1.355,0,-6.2039932314088885e-15,8.9209739011317594e-15,-0,-0,-1.3815353876925438,0
3.3599999999999999,0,1.3599999999999999,0,-6.9615610856858081e-15,7.8160348360737565e-15,-0,-0,-1.3815353876925438,0
3.3650000000000002,0,1.3650000000000002,0,-7.6011242893340183e-15,6.7110957710156502e-15,-0,-0,-1.3815353876925438,0
3.3700000000000001,0,1.3700000000000001,0,-8.1226828423534063e-15,5.606156705957645e-15,-0,-0,-1.3815353876925438,0
3.375,0,1.375,0,-8.526236744744036e-15,4.5012176408996389e-15,-0,-0,-1.3815353876925438,0
3.3799999999999999,0,1.3799999999999999,0,-8.8117859965059042e-15,3.3962785758416317e-15,-0,-0,-1.3815353876925438,0
3.3849999999999998,0,1.3849999999999998,0,-8.9793305976390141e-15,2.2913395107836272e-15,-0,-0,-1.3815353876925438,0
3.3900000000000001,0,1.3900000000000001,0,-9.0288705481433624e-15,1.1864004457255231e-15,-0,-0,-1.3815353876925438,0
3.395,0,1.395,0,-8.9604058480189383e-15,8.1461380667516935e-17,-0,-0,-1.3815353876925438,0
3.3999999999999999,0,1.3999999999999999,0,-8.7739364972657574e-15,-1.0234776843904884e-15,-0,-0,-1.3815353876925438,0
3.4049999999999998,0,1.4049999999999998,0,-8.5126991122696741e-15,-1.4184765237856839e-15,0,-0,-1.4315353876921351,0
3.4100000000000001,0,1.4100000000000001,0,-8.1943163234451008e-15,-1.8134753631808505e-15,0,0,-1.4315353876921351,0
3.415,0,1.415,0,-7.8187881307920879e-15,-2.2084742025759825e-15,0,0,-1.4315353876921351,0
3.4199999999999999,0,1.4199999999999999,0,-7.3861145343106164e-15,-2.6034730419711137e-15,0,0,-1.4315353876921351,0
3.4249999999999998,0,1.4249999999999998,0,-6.8962955340006817e-15,-2.9984718813662448e-15,0,0,-1.4315353876921351,0
3.4300000000000002,0,1.4300000000000002,0,-6.3493311298622333e-15,-3.3934707207614119e-15,0,0,-1.4315353876921351,0
3.4350000000000001,0,1.4350000000000001,0,-5.7452213218953689e-15,-3.7884695601565446e-15,0,0,-1.4315353876921351,0
3.4399999999999999,0,1.4399999999999999,0,-5.0839661101000413e-15,-4.183468399551675e-15,0,0,-1.4315353876921351,0
3.4449999999999998,0,1.4449999999999998,0,-4.3655654944762544e-15,-4.5784672389468069e-15,0,0,-1.4315353876921351,0
3.4500000000000002,0,1.4500000000000002,0,-3.5900194750239317e-15,-4.9734660783419736e-15,0,0,-1.4315353876921351,0
3.4550000000000001,0,1.4550000000000001,0,-2.80278389355032e-15,-5.5893204973904724e-15,0,0,-1.4815353876918691,0
3.46,0,1.46,0,-2.0397662417043315e-15,-6.2051749164389704e-15,0,0,-1.4815353876918691,0
3.4649999999999999,0,1.4649999999999999,0,-1.3009665194859642e-15,-6.8210293354874715e-15,0,0,-1.4815353876918691,0
3.4700000000000002,0,1.4700000000000002,0,-5.8638472689515807e-16,-7.4368837545360247e-15,0,0,-1.4815353876918691,0
3.4750000000000001,0,1.4750000000000001,0,1.0397913606796105e-16,-8.0527381735845243e-15,0,0,-1.4815353876918691,0
3.48,0,1.48,0,7.7012506940345772e-16,-8.6685925926330223e-15,0,0,-1.4815353876918691,0
3.4849999999999999,0,1.4849999999999999,0,1.4120530731113315e-15,-9.2844470116815219e-15,0,0,-1.4815353876918691,0
3.4900000000000002,0,1.4900000000000002,0,2.0297631471916377e-15,-9.9003014307300767e-15,0,0,-1.4815353876918691,0
3.4950000000000001,0,1.4950000000000001,0,2.6232552916442638e-15,-1.0516155849778575e-14,0,0,-1.4815353876918691,0
3.5,0,1.5,0,3.1925295064692683e-15,-1.1132010268827074e-14,0,0,-1.4815353876918691,0
3.5049999999999999,0,1.5049999999999999,0,3.7296314859491294e-15,-1.0896736357928551e-14,-0,-0,-1.5315353876914966,0
3.5099999999999998,0,1.5099999999999998,0,4.206679364230303e-15,-1.0661462447030032e-14,-0,-0,-1.5315353876914966,0
3.5150000000000001,0,1.5150000000000001,0,4.6236731413128222e-15,-1.0426188536131487e-14,-0,-0,-1.5315353876914966,0
3.52,0,1.52,0,4.9806128171966137e-15,-1.0190914625232967e-14,-0,-0,-1.5315353876914966,0
3.5249999999999999,0,1.5249999999999999,0,5.2774983918817162e-15,-9.9556407143344468e-15,-0,-0,-1.5315353876914966,0
3.5299999999999998,0,1.5299999999999998,0,5.5143298653681297e-15,-9.7203668034359235e-15,-0,-0,-1.5315353876914966,0
3.5350000000000001,0,1.5350000000000001,0,5.6911072376558691e-15,-9.4850928925373781e-15,-0,-0,-1.5315353876914966,0
3.54,0,1.54,0,5.8078305087449013e-15,-9.2498189816388612e-15,-0,-0,-1.5315353876914966,0
3.5449999999999999,0,1.5449999999999999,0,5.8644996786352436e-15,-9.0145450707403379e-15,-0,-0,-1.5315353876914966,0
3.5499999999999998,0,1.5499999999999998,0,5.8611147473269001e-15,-8.7792711598418178e-15,-0,-0,-1.5315353876914966,0
3.5550000000000002,0,1.5550000000000002,0,5.8103610928558885e-15,-9.113482928777874e-15,0,-0,-1.5815353876916969,0
3.5600000000000001,0,1.5600000000000001,0,5.7114511189310106e-15,-9.4476946977139523e-15,0,-0,-1.5815353876916969,0
3.5649999999999999,0,1.5649999999999999,0,5.5643848255522656e-15,-9.7819064666500306e-15,0,-0,-1.5815353876916969,0
3.5699999999999998,0,1.5699999999999998,0,5.3691622127196511e-15,-1.0116118235586109e-14,0,-0,-1.5815353876916969,0
3.5750000000000002,0,1.5750000000000002,0,5.1257832804331458e-15,-1.0450330004522217e-14,0,-0,-1.5815353876916969,0
3.5800000000000001,0,1.5800000000000001,0,4.8342480286927916e-15,-1.0784541773458296e-14,0,-0,-1.5815353876916969,0
3.585,0,1.585,0,4.4945564574985695e-15,-1.1118753542394374e-14,0,-0,-1.5815353876916969,0
3.5899999999999999,0,1.5899999999999999,0,4.1067085668504786e-15,-1.1452965311330452e-14,0,-0,-1.5815353876916969,0
3.5950000000000002,0,1.5950000000000002,0,3.6707043567484789e-15,-1.1787177080266561e-14,0,-0,-1.5815353876916969,0
3.6000000000000001,0,1.6000000000000001,0,3.186543827192648e-15,-1.2121388849202639e-14,0,-0,-1.5815353876916969,0
3.605,0,1.605,0,2.6903142694155075e-15,-1.0981931342083822e-14,0,-0,-1.6315353876915613,0
3.6099999999999999,0,1.6099999999999999,0,2.2125279241423197e-15,-9.8424738349650101e-15,0,-0,-1.6315353876915613,0
3.6150000000000002,0,1.6150000000000002,0,1.7531847913730425e-15,-8.7030163278460924e-15,0,-0,-1.6315353876915613,0
3.6200000000000001,0,1.6200000000000001,0,1.3122848711077591e-15,-7.5635588207272773e-15,0,0,-1.6315353876915613,0
3.625,0,1.625,0,8.8982816334642768e-16,-6.4241013136084629e-15,0,0,-1.6315353876915613,0
3.6299999999999999,0,1.6299999999999999,0,4.8581466808904781e-16,-5.2846438064896486e-15,0,0,-1.6315353876915613,0
3.6349999999999998,0,1.6349999999999998,0,1.0024438533561996e-16,-4.1451862993708334e-15,0,0,-1.6315353876915613,0
3.6400000000000001,0,1.6400000000000001,0,-2.6688268491388831e-16,-3.0057287922519177e-15,0,0,-1.6315353876915613,0
3.645,0,1.645,0,-6.1556654265941113e-16,-1.8662712851331022e-15,0,0,-1.6315353876915613,0
3.6499999999999999,0,1.6499999999999999,0,-9.4580718790098194e-16,-7.2681377801428848e-16,0,0,-1.6315353876915613,0
3.6549999999999998,0,1.6549999999999998,0,-1.2453125543243101e-15,-3.8006223646584827e-16,-0,0,-1.6815353876919148,0
3.6600000000000001,0,1.6600000000000001,0,-1.4938387959939021e-15,-3.331069491744868e-17,-0,0,-1.6815353876919148,0
3.665,0,1.665,0,-1.6913859129097123e-15,3.1344084663092068e-16,-0,0,-1.6815353876919148,0
3.6699999999999999,0,1.6699999999999999,0,-1.8379539050717661e-15,6.6019238817928926e-16,-0,0,-1.6815353876919148,0
3.6749999999999998,0,1.6749999999999998,0,-1.9335427724800629e-15,1.0069439297276582e-15,-0,0,-1.6815353876919148,0
3.6800000000000002,0,1.6800000000000002,0,-1.9781525151346053e-15,1.3536954712760578e-15,-0,0,-1.6815353876919148,0
3.6850000000000001,0,1.6850000000000001,0,-1.9717831330353838e-15,1.7004470128244265e-15,-0,-0,-1.6815353876919148,0
3.6899999999999999,0,1.6899999999999999,0,-1.9144346261824064e-15,2.0471985543727957e-15,-0,-0,-1.6815353876919148,0
3.6949999999999998,0,1.6949999999999998,0,-1.8061069945756719e-15,2.3939500959211645e-15,-0,-0,-1.6815353876919148,0
3.7000000000000002,0,1.7000000000000002,0,-1.6468002382151642e-15,2.740701637469564e-15,-0,-0,-1.6815353876919148,0
3.7050000000000001,0,1.7050000000000001,0,-1.474799409518398e-15,3.5735757758615954e-15,0,-0,-1.7315353876915505,0
3.71,0,1.71,0,-1.3189151125260378e-15,4.4064499142536252e-15,0,-0,-1.7315353876915505,0
3.7149999999999999,0,1.7149999999999999,0,-1.1791473472380831e-15,5.2393240526456566e-15,0,-0,-1.7315353876915505,0
3.7200000000000002,0,1.7200000000000002,0,-1.0554961136545246e-15,6.0721981910377622e-15,0,-0,-1.7315353876915505,0
3.7250000000000001,0,1.7250000000000001,0,-9.479614117753834e-16,6.9050723294297928e-15,0,-0,-1.7315353876915505,0
3.73,0,1.73,0,-8.565432416006479e-16,7.7379464678218234e-15,0,-0,-1.7315353876915505,0
3.7349999999999999,0,1.7349999999999999,0,-7.8124160313031856e-16,8.5708206062138548e-15,0,0,-1.7315353876915505,0
3.7400000000000002,0,1.7400000000000002,0,-7.2205649636439024e-16,9.4036947446059603e-15,0,0,-1.7315353876915505,0
3.7450000000000001,0,1.7450000000000001,0,-6.7898792130287409e-16,1.023656888299799e-14,0,0,-1.7315353876915505,0
3.75,0,1.75,0,-6.520358779457636e-16,1.1069443021390022e-14,0,0,-1.7315353876915505,0
3.7549999999999999,0,1.7549999999999999,0,-6.3903025649777372e-16,1.1842563173289193e-14,0,0,-1.7815353876915536,0
3.7599999999999998,0,1.7599999999999998,0,-6.4557277628424549e-16,1.2615683325188364e-14,0,0,-1.7815353876915536,0
3.7650000000000001,0,1.7650000000000001,0,-6.7166343730518165e-16,1.3388803477087604e-14,0,0,-1.7815353876915536,0
3.77,0,1.77,0,-7.1730223956057749e-16,1.4161923628986773e-14,0,0,-1.7815353876915536,0
3.7749999999999999,0,1.7749999999999999,0,-7.8248918305043496e-16,1.4935043780885944e-14,0,0,-1.7815353876915536,0
3.7799999999999998,0,1.7799999999999998,0,-8.6722426777475339e-16,1.5708163932785115e-14,0,0,-1.7815353876915536,0
3.7850000000000001,0,1.7850000000000001,0,-9.7150749373354332e-16,1.6481284084684356e-14,0,0,-1.7815353876915536,0
3.79,0,1.79,0,-1.0953388609267863e-15,1.725440423658353e-14,0,0,-1.7815353876915536,0
3.7949999999999999,0,1.7949999999999999,0,-1.2387183693544905e-15,1.8027524388482698e-14,0,0,-1.7815353876915536,0
3.7999999999999998,0,1.7999999999999998,0,-1.4016460190166564e-15,1.8800644540381869e-14,0,0,-1.7815353876915536,0
3.8050000000000002,0,1.8050000000000002,0,-1.5675073042409389e-15,1.8499495095713692e-14,-0,0,-1.831535387691964,0
3.8100000000000001,0,1.8100000000000001,0,-1.7149723822681318e-15,1.8198345651045449e-14,-0,-0,-1.831535387691964,0
3.8149999999999999,0,1.8149999999999999,0,-1.8440412530982505e-15,1.7897196206377203e-14,-0,-0,-1.831535387691964,0
3.8199999999999998,0,1.8199999999999998,0,-1.9547139167312947e-15,1.7596046761708957e-14,-0,-0,-1.831535387691964,0
3.8250000000000002,0,1.8250000000000002,0,-2.0469903731672723e-15,1.7294897317040686e-14,-0,-0,-1.831535387691964,0
3.8300000000000001,0,1.8300000000000001,0,-2.1208706224061662e-15,1.699374787237244e-14,-0,-0,-1.831535387691964,0
3.835,0,1.835,0,-2.1763546644479858e-15,1.6692598427704197e-14,-0,-0,-1.831535387691964,0
3.8399999999999999,0,1.8399999999999999,0,-2.2134424992927316e-15,1.6391448983035951e-14,-0,-0,-1.831535387691964,0
3.8450000000000002,0,1.8450000000000002,0,-2.2321341269404029e-15,1.609029953836768e-14,-0,-0,-1.831535387691964,0
3.8500000000000001,0,1.8500000000000001,0,-2.2324295473909983e-15,1.5789150093699434e-14,-0,-0,-1.831535387691964,0
3.855,0,1.855,0,-2.2116151571049218e-15,1.584497779398518e-14,-0,-0,-1.8815353876918766,0
3.8599999999999999,0,1.8599999999999999,0,-2.1705945784676941e-15,1.590080549427093e-14,-0,-0,-1.8815353876918766,0
3.8650000000000002,0,1.8650000000000002,0,-2.1093678114793085e-15,1.5956633194556682e-14,-0,-0,-1.8815353876918766,0
3.8700000000000001,0,1.8700000000000001,0,-2.0279348561397763e-15,1.6012460894842429e-14,-0,-0,-1.8815353876918766,0
3.875,0,1.875,0,-1.926295712449093e-15,1.6068288595128175e-14,-0,0,-1.8815353876918766,0
3.8799999999999999,0,1.8799999999999999,0,-1.8044503804072576e-15,1.6124116295413921e-14,-0,0,-1.8815353876918766,0
3.8849999999999998,0,1.8849999999999998,0,-1.6623988600142716e-15,1.6179943995699671e-14,-0,0,-1.8815353876918766,0
3.8900000000000001,0,1.8900000000000001,0,-1.5001411512701187e-15,1.6235771695985423e-14,-0,0,-1.8815353876918766,0
3.895,0,1.895,0,-1.3176772541748277e-15,1.6291599396271167e-14,-0,0,-1.8815353876918766,0
3.8999999999999999,0,1.8999999999999999,0,-1.1150071687283859e-15,1.6347427096556919e-14,-0,0,-1.8815353876918766,0
3.9049999999999998,0,1.9049999999999998,0,-9.1490011367320628e-16,1.5502356670046417e-14,0,0,-1.9315353876919994,0
3.9100000000000001,0,1.9100000000000001,0,-7.2294361460232546e-16,1.465728624353576e-14,0,0,-1.9315353876919994,0
3.915,0,1.915,0,-5.3913767151577645e-16,1.3812215817025179e-14,0,0,-1.9315353876919994,0
3.9199999999999999,0,1.9199999999999999,0,-3.6348228441354199e-16,1.2967145390514599e-14,0,0,-1.9315353876919994,0
3.9249999999999998,0,1.9249999999999998,0,-1.9597745329562196e-16,1.2122074964004017e-14,0,-0,-1.9315353876919994,0
3.9300000000000002,0,1.9300000000000002,0,-3.6623178162002641e-17,1.1277004537493363e-14,0,-0,-1.9315353876919994,0
3.9350000000000001,0,1.9350000000000001,0,1.1458054098728771e-16,1.0431934110982782e-14,0,-0,-1.9315353876919994,0
3.9399999999999999,0,1.9399999999999999,0,2.5763370415226387e-16,9.5868636844721991e-15,0,-0,-1.9315353876919994,0
3.9449999999999998,0,1.9449999999999998,0,3.9253631133292529e-16,8.7417932579616195e-15,0,-0,-1.9315353876919994,0
3.9500000000000002,0,1.9500000000000002,0,5.1928836252928321e-16,7.8967228314509627e-15,0,-0,-1.9315353876919994,0
3.9550000000000001,0,1.9550000000000001,0,6.3532589606869892e-16,7.1070505483058803e-15,-0,-0,-1.981535387691876,0
3.96,0,1.96,0,7.140375696542615e-16,6.3173782651607987e-15,-0,-0,-1.981535387691876,0
3.9649999999999999,0,1.9649999999999999,0,7.5542338328597046e-16,5.5277059820157155e-15,-0,-0,-1.981535387691876,0
3.9700000000000002,0,1.9700000000000002,0,7.594833369638251e-16,4.7380336988705637e-15,-0,-0,-1.981535387691876,0
3.9750000000000001,0,1.9750000000000001,0,7.2621743068782435e-16,3.9483614157254813e-15,-0,-0,-1.981535387691876,0
3.98,0,1.98,0,6.5562566445797028e-16,3.1586891325803993e-15,-0,-0,-1.981535387691876,0
3.9849999999999999,0,1.9849999999999999,0,5.4770803827426297e-16,2.3690168494353174e-15,-0,-0,-1.981535387691876,0
3.9900000000000002,0,1.9900000000000002,0,4.024645521366878e-16,1.5793445662901644e-15,-0,-0,-1.981535387691876,0
3.9950000000000001,0,1.9950000000000001,0,2.1989520604527054e-16,7.8967228314508218e-16,-0,-0,-1.981535387691876,0
4,0,2,0,0,0,-0,0,-1.981535387691876,0
