distance,x,y,porosity,stokes_velocity_x,stokes_velocity_y,darcy_segregation_flux_x,darcy_segregation_flux_y,stokes_pressure_assembled,darcy_pressure_assembled
0,0,-2,0.039501974999984812,0,-1.3055989491793895e-20,1.3676971795193935e-06,0,1.9482238770691589,0.36022724486385244
0.0050000000000000001,0,-1.9950000000000001,0.039479783858722139,-2.9809572012677634e-05,-5.4082404602793192e-05,1.3274506258375141e-06,2.8251362046878494e-05,1.9465682576653063,0.36010749639757994
0.01,0,-1.99,0.039479783858722139,-4.4421903151946649e-05,-9.3265345710130806e-05,1.2849149585947404e-06,5.6218693841506781e-05,1.9465682576653063,0.36010749639757994
0.014999999999999999,0,-1.9850000000000001,0.039479783858722139,-4.4609275932507094e-05,-0.00011831050446297172,1.2403052459228461e-06,8.390305168213535e-05,1.9465682576653063,0.36010749639757994
0.02,0,-1.98,0.039479783858722139,-3.1092515834046525e-05,-0.00012992881128734432,1.193818293537134e-06,0.00011130549284661331,1.9465682576653063,0.36010749639757994
0.025000000000000001,0,-1.9750000000000001,0.039479783858722139,-4.5452067972378825e-06,-0.00012878460352673299,1.1456344404224474e-06,0.00013842707562525936,1.9465682576653063,0.36010749639757994
0.029999999999999999,0,-1.97,0.038534913328606403,1.7413891327997115e-05,-0.00017231475475543951,-5.0279652445088953e-08,0.00016267084100825627,1.9256034506816997,0.35535536678809587
0.035000000000000003,0,-1.9650000000000001,0.038534913328606403,2.7758543137382113e-05,-0.00021171890738509789,1.8183389807183236e-08,0.00018596387935904742,1.9256034506816997,0.35535536678809587
0.040000000000000001,0,-1.96,0.038498889959757317,2.8132884046151213e-05,-0.00023030457432294442,7.1419594059643186e-07,0.00020931831380145133,1.9241564642411131,0.35517537345088818
0.044999999999999998,0,-1.9550000000000001,0.038498889959757317,1.7634362258565529e-05,-0.00023553026271445492,4.7739442452758842e-07,0.00023188504135949838,1.9241564642411131,0.35517537345088818
0.050000000000000003,0,-1.95,0.037539798187720227,4.7291357052753276e-06,-0.00023138764534713353,4.760398543541428e-07,0.00025339113349696175,1.9017422914249489,0.34988872639796015
0.055,0,-1.9450000000000001,0.037539798187720227,6.9463325950295289e-06,-0.00024948127736112324,4.760777408075967e-07,0.00027248425486837903,1.9017422914249489,0.34988872639796015
0.059999999999999998,0,-1.9399999999999999,0.037539798187720227,8.5798362328695256e-06,-0.00026756280418203764,4.7609286664030777e-07,0.00029137124055564622,1.9017422914249489,0.34988872639796015
0.065000000000000002,0,-1.9350000000000001,0.037539798187720227,9.6304288511205759e-06,-0.00028563223764533653,4.7608539189960794e-07,0.00031005290012196623,1.9017422914249489,0.34988872639796015
0.070000000000000007,0,-1.9299999999999999,0.037539798187720227,1.0098891285308306e-05,-0.00030368958956534554,4.7605547620049274e-07,0.00032853004312359763,1.9017422914249489,0.34988872639796015
0.074999999999999997,0,-1.925,0.037539798187720227,9.9860029772747265e-06,-0.00032173487173529572,4.7600327872690182e-07,0.00034680347910986454,1.9017422914249489,0.34988872639796015
0.080000000000000002,0,-1.9199999999999999,0.036539784330369141,-1.1871741021464644e-05,-0.00036005685513682624,8.1344845419907394e-07,0.00036285034191517788,1.8782312909804983,0.34394306173902256
0.085000000000000006,0,-1.915,0.036539784330369141,-3.1298985377356057e-05,-0.00039219102622406265,7.6085493069470495e-07,0.00037798512224159516,1.8782312909804983,0.34394306173902256
0.089999999999999997,0,-1.9099999999999999,0.036539784330369141,-3.8391487656103845e-05,-0.0004079687682333492,7.0336537197307565e-07,0.0003929477997620458,1.8782312909804983,0.34394306173902256
0.095000000000000001,0,-1.905,0.036513826054615936,-3.0997427447556478e-05,-0.00041102902391569076,6.0561976605584943e-07,0.00040770998257205499,1.8767755324996975,0.34377334814718064
0.10000000000000001,0,-1.8999999999999999,0.036513826054615936,-9.9051018409121928e-06,-0.0003992490961530275,6.3649036803037869e-07,0.00042217371241824199,1.8767755324996975,0.34377334814718064
0.105,0,-1.895,0.035621850017386492,7.8905969094289612e-06,-0.00038654199551115909,3.3230418017337399e-07,0.00043581158250690548,1.8553214875062318,0.33811072893462263
0.11,0,-1.8899999999999999,0.035621850017386492,-5.9071941557695218e-07,-0.00040014263633330932,3.0653802899101493e-07,0.00044779741005255332,1.8553214875062318,0.33811072893462263
0.115,0,-1.885,0.035621850017386492,-1.2581239618908405e-06,-0.0004119912747664571,2.8114456981057955e-07,0.00045963763525149501,1.8553214875062318,0.33811072893462263
0.12,0,-1.8799999999999999,0.035621850017386492,5.7739912467044552e-06,-0.00042211269496490413,2.561187540033042e-07,0.00047133287217842148,1.8553214875062318,0.33811072893462263
0.125,0,-1.875,0.034742875170634492,1.0146700011749366e-06,-0.00043507788218813539,2.2136719624881182e-07,0.0004816535344849053,1.8332505619801087,0.33222329837881126
0.13,0,-1.8700000000000001,0.034742875170634492,-9.4251553001874713e-06,-0.00044944178262410091,2.0350125119503543e-07,0.00049104392730928365,1.8332505619801087,0.33222329837881126
0.13500000000000001,0,-1.865,0.034742875170634492,-1.3091449432888148e-05,-0.00046227890798840543,1.8590177313688046e-07,0.00050031306968894391,1.8332505619801087,0.33222329837881126
0.14000000000000001,0,-1.8599999999999999,0.034742875170634492,-1.0080257051828052e-05,-0.00047361072052419832,1.6856507773129944e-07,0.00050946148293020245,1.8332505619801087,0.33222329837881126
0.14499999999999999,0,-1.855,0.034742875170634492,-4.8581569801356063e-07,-0.00048345827864807291,1.5148755975195856e-07,0.00051848968822495415,1.8332505619801087,0.33222329837881126
0.14999999999999999,0,-1.8500000000000001,0.033822090667547877,2.0031679147480832e-05,-0.00051007893378809629,-1.4069782529968265e-07,0.00052657754983305427,1.810493930109135,0.32575707226430428
0.155,0,-1.845,0.033822090667547877,3.9390915374054171e-05,-0.00054487337937873912,-2.5234950006855555e-08,0.00053360935159180937,1.810493930109135,0.32575707226430428
0.16,0,-1.8400000000000001,0.033822090667547877,4.7123226573502611e-05,-0.00056137063164232227,9.4810748614236225e-08,0.0005405439373482937,1.810493930109135,0.32575707226430428
0.16500000000000001,0,-1.835,0.033793396613714693,4.2132353106392476e-05,-0.00056034488731327207,-1.282496900442479e-07,0.00054713240853696801,1.8087277178471908,0.32555543687515592
0.17000000000000001,0,-1.8300000000000001,0.033793396613714693,2.4103822870336702e-05,-0.00054682311848592657,-1.9694320565808615e-07,0.00055366854147198422,1.8087277178471908,0.32555543687515592
0.17499999999999999,0,-1.825,0.032879496603633755,2.8035961554061818e-06,-0.00053337581492821095,3.737390867407007e-07,0.00055946463686085417,1.7856635296636152,0.31884628849760172
0.17999999999999999,0,-1.8200000000000001,0.032879496603633755,-6.5671782662507405e-06,-0.00054088468183482021,3.9241778438683828e-07,0.0005642203202488133,1.7856635296636152,0.31884628849760172
0.185,0,-1.8149999999999999,0.032879496603633755,-1.0013738807670312e-05,-0.00054733163939988099,4.1108355927260304e-07,0.00056889811121821527,1.7856635296636152,0.31884628849760172
0.19,0,-1.8100000000000001,0.032879496603633755,-7.461090598528272e-06,-0.0005527035472914952,4.2973741356804647e-07,0.0005734983670459135,1.7856635296636152,0.31884628849760172
0.19500000000000001,0,-1.8049999999999999,0.032879496603633755,1.1670322758893529e-06,-0.00055698704248014809,4.4838036510804302e-07,0.00057802144499045861,1.7856635296636152,0.31884628849760172
0.20000000000000001,0,-1.8,0.031941087359929433,8.5239116027611864e-06,-0.00056402783852604541,7.3241364062699179e-07,0.00058227773173546136,1.7613459854694531,0.31168573532422394
0.20499999999999999,0,-1.7949999999999999,0.031941087359929433,-2.3424341290627908e-05,-0.00058964780163371286,7.0275090835872139e-07,0.00058521071469395665,1.7613459854694531,0.31168573532422394
0.20999999999999999,0,-1.79,0.031923261600770705,-4.1709893454569019e-05,-0.00060354337462831492,3.9834597634561356e-07,0.00058840183339563593,1.7598907487024757,0.3115399881602704
0.215,0,-1.7849999999999999,0.031923261600770705,-4.4018849107047434e-05,-0.00060764565768192148,4.1928498067034393e-07,0.00059110091378624698,1.7598907487024757,0.3115399881602704
0.22,0,-1.78,0.031923261600770705,-3.1978068110309735e-05,-0.00059949534194306373,4.3875783384246741e-07,0.00059374267711369473,1.7598907487024757,0.3115399881602704
0.22500000000000001,0,-1.7749999999999999,0.031923261600770705,-6.2469854353853503e-06,-0.00057962518679771549,4.5685935695513386e-07,0.00059632738152062673,1.7598907487024757,0.3115399881602704
0.23000000000000001,0,-1.77,0.031040060893386526,-2.2256986270367891e-07,-0.00057136751648489211,2.7778140011986574e-07,0.00059831866149709541,1.7364507344710685,0.30456312836683996
0.23499999999999999,0,-1.7650000000000001,0.031040060893386526,-1.810379851503393e-05,-0.00058060659776662646,2.5473123353792191e-07,0.00059963851665943658,1.7364507344710685,0.30456312836683996
0.23999999999999999,0,-1.76,0.031040060893386526,-2.2084884674235054e-05,-0.00058201674564320384,2.3185433804244184e-07,0.00060091416618371818,1.7364507344710685,0.30456312836683996
0.245,0,-1.7549999999999999,0.031040060893386526,-1.2620069064561659e-05,-0.00057584295429580776,2.0915408349231824e-07,0.000602145845361428,1.7364507344710685,0.30456312836683996
0.25,0,-1.75,0.030218110661625507,9.3028542789461704e-06,-0.00056770351899598477,-2.7137171500307007e-07,0.00060324766690443685,1.7144991855140559,0.29788255986679307
0.255,0,-1.7450000000000001,0.030218110661625507,2.6676041672605213e-05,-0.00060132027298316962,-2.0889035710814386e-07,0.00060343025493013556,1.7144991855140559,0.29788255986679307
0.26000000000000001,0,-1.74,0.030218110661625507,3.5163481173914076e-05,-0.00061423523047373892,-1.4027875229386231e-07,0.00060358148352085699,1.7144991855140559,0.29788255986679307
0.26500000000000001,0,-1.7349999999999999,0.030181710092435303,3.3471632782186674e-05,-0.00061123470205681578,8.1692673772393007e-08,0.00060375912502197014,1.7128866995050922,0.29758551164686681
0.27000000000000002,0,-1.73,0.030181710092435303,2.1557452805087246e-05,-0.00059566020436941421,3.6779663585669234e-09,0.00060373242826887278,1.7128866995050922,0.29758551164686681
0.27500000000000002,0,-1.7250000000000001,0.029349595065332652,6.8254329534339185e-09,-0.00056969649982577513,2.295268362803763e-07,0.00060357347160011675,1.6904429548111826,0.29064254746050616
0.28000000000000003,0,-1.72,0.029349595065332652,-2.6088174458347337e-05,-0.0005948789697881097,1.5464833372729368e-07,0.00060269255001296025,1.6904429548111826,0.29064254746050616
0.28499999999999998,0,-1.7150000000000001,0.029349595065332652,-3.9025295269073887e-05,-0.00060544545265883709,7.7122348926547847e-08,0.00060179283966440786,1.6904429548111826,0.29064254746050616
0.28999999999999998,0,-1.71,0.029349595065332652,-3.8107687188888021e-05,-0.0006006857560829082,-3.2419763343890257e-09,0.00060087448694657187,1.6904429548111826,0.29064254746050616
0.29499999999999998,0,-1.7050000000000001,0.029349595065332652,-2.2588385923395411e-05,-0.00057983861340708506,-8.6652450215228589e-08,0.00059993763826910525,1.6904429548111826,0.29064254746050616
0.29999999999999999,0,-1.7,0.028489498138296151,7.9051006669491008e-06,-0.00055890043268855261,-2.6570103584419496e-07,0.00059836209941817537,1.6662943481654529,0.28329838267464957
0.30499999999999999,0,-1.6950000000000001,0.028476342646140552,3.5839090893335271e-05,-0.00057795445356215982,-6.8879029073028648e-09,0.00059687233778764174,1.6648246142881298,0.28318474700513702
0.31,0,-1.6899999999999999,0.028476342646140552,4.8238272452246441e-05,-0.0005888552595807666,-5.1052361159537556e-08,0.0005949310833965421,1.6648246142881298,0.28318474700513702
0.315,0,-1.6850000000000001,0.028476342646140552,4.6072326554908957e-05,-0.00058870938939790073,-9.2849702987147488e-08,0.0005929824798711743,1.6648246142881298,0.28318474700513702
0.32000000000000001,0,-1.6799999999999999,0.028476342646140552,2.9947644044489604e-05,-0.00057794370306717157,-1.3241611029717835e-07,0.00059102656609180009,1.6648246142881298,0.28318474700513702
0.32500000000000001,0,-1.675,0.028476342646140552,4.3742542978277137e-07,-0.00055696169654528263,-1.6987834136455975e-07,0.00058906338281747425,1.6648246142881298,0.28318474700513702
0.33000000000000002,0,-1.6699999999999999,0.027649319471716963,-2.7560450245734566e-05,-0.00057080346938056723,3.4915245998376745e-08,0.00058656938485754145,1.641975997672678,0.27597230178827431
0.33500000000000002,0,-1.665,0.027649319471716963,-4.1820843489444709e-05,-0.00057734706644400403,-2.3839023872820614e-08,0.00058405100270409295,1.641975997672678,0.27597230178827431
0.34000000000000002,0,-1.6599999999999999,0.027649319471716963,-4.1882781511817151e-05,-0.0005742279425588005,-8.4459278072990435e-08,0.00058153250855835575,1.641975997672678,0.27597230178827431
0.34499999999999997,0,-1.655,0.027649319471716963,-2.7167633980526882e-05,-0.00056107473809349502,-1.4704204196866547e-07,0.00057901397845744654,1.641975997672678,0.27597230178827431
0.34999999999999998,0,-1.6499999999999999,0.026794299310279521,2.1689105704545489e-06,-0.00054346161644294722,-9.680107231760373e-08,0.00057637862853716036,1.6160268614041633,0.26837682982684691
0.35499999999999998,0,-1.645,0.026794299310279521,2.7025120382375397e-05,-0.00055075356815339344,-1.1248408395584318e-07,0.00057311729942022727,1.6160268614041633,0.26837682982684691
0.35999999999999999,0,-1.6400000000000001,0.026794299310279521,4.0029773573311242e-05,-0.00055307527196355539,-1.2776613510389793e-07,0.00056986416805752732,1.6160268614041633,0.26837682982684691
0.36499999999999999,0,-1.635,0.026794299310279521,4.1506963679379919e-05,-0.00055055323955466068,-1.4265926547203856e-07,0.00056661923608674648,1.6160268614041633,0.26837682982684691
0.37,0,-1.6299999999999999,0.026794299310279521,3.1769076964237562e-05,-0.00054330941311761082,-1.5717498126975232e-07,0.00056338250543224073,1.6160268614041633,0.26837682982684691
0.375,0,-1.625,0.026794299310279521,1.1117316316814253e-05,-0.00053146136983658182,-1.7132428423871925e-07,0.00056015397829417687,1.6160268614041633,0.26837682982684691
0.38,0,-1.6200000000000001,0.025995165031105286,-1.6223245930638989e-05,-0.0005360966876314712,9.2164223601774047e-08,0.00055676033534931624,1.593007499106994,0.26115432922200316
0.38500000000000001,0,-1.615,0.025995165031105286,-3.2762923347052011e-05,-0.00054931000971223428,2.4501420782131994e-09,0.00055318204806498205,1.593007499106994,0.26115432922200316
0.39000000000000001,0,-1.6099999999999999,0.02597644210862788,-3.5561981392832519e-05,-0.00054949596816419746,-3.9591439134757758e-08,0.00054958803053570509,1.5917608155488225,0.26098579026004609
0.39500000000000002,0,-1.605,0.02597644210862788,-2.4530796810887407e-05,-0.00053342474610658256,1.842440600163627e-08,0.0005459319822141653,1.5917608155488225,0.26098579026004609
0.40000000000000002,0,-1.6000000000000001,0.025196747791296239,-1.9236546687416246e-06,-0.00050465879037625734,-1.8565723588375163e-07,0.00054224315811357733,1.5686774481882875,0.25384050508371719
0.40500000000000003,0,-1.595,0.025196747791296239,1.3056664495982238e-05,-0.00050357857478532965,-1.864386185687221e-07,0.00053824952541178047,1.5686774481882875,0.25384050508371719
0.40999999999999998,0,-1.5900000000000001,0.025196747791296239,2.0818725827668879e-05,-0.00050071405377275153,-1.8711875030811339e-07,0.00053427408256842752,1.5686774481882875,0.25384050508371719
0.41499999999999998,0,-1.585,0.025196747791296239,2.1245290531271476e-05,-0.00049603772157606632,-1.8769752687804406e-07,0.00053031679623239368,1.5686774481882875,0.25384050508371719
0.41999999999999998,0,-1.5800000000000001,0.025196747791296239,1.4216567405100666e-05,-0.00048952147357845632,-1.8817483115739481e-07,0.00052637763304021819,1.5686774481882875,0.25384050508371719
0.42499999999999999,0,-1.575,0.025196747791296239,-3.8985699988731343e-07,-0.00048113658992247508,-1.8855053273176773e-07,0.0005224565596162762,1.5686774481882875,0.25384050508371719
0.42999999999999999,0,-1.5700000000000001,0.024418001137682371,1.0838938985536752e-05,-0.00049644367698158207,-1.6128320617270989e-07,0.00051832585297485886,1.5446803218326346,0.24660496390903169
0.435,0,-1.5649999999999999,0.024396819602644976,2.5415117298354684e-05,-0.00050923850011542636,-1.7868460009717553e-07,0.00051406275941304918,1.5434763784322107,0.24640461050205653
0.44,0,-1.5600000000000001,0.024396819602644976,2.6984841583516032e-05,-0.00050955253698232355,-1.8033438803007466e-07,0.00050982233128359512,1.5434763784322107,0.24640461050205653
0.44500000000000001,0,-1.5549999999999999,0.024396819602644976,1.6041286557549128e-05,-0.00049099683267903916,-1.7889833570171123e-07,0.0005056040920113819,1.5434763784322107,0.24640461050205653
0.45000000000000001,0,-1.55,0.023660407373541397,-6.3809881358368569e-06,-0.00046408678731783647,1.9408982350910945e-07,0.00050137899916347876,1.520931380423828,0.23948576382750089
0.45500000000000002,0,-1.5449999999999999,0.023660407373541397,-2.6224438964644969e-05,-0.00049310886743042038,1.1822481161888799e-07,0.00049696138553262175,1.520931380423828,0.23948576382750089
0.46000000000000002,0,-1.54,0.023660407373541397,-3.638431684173559e-05,-0.00050212491820681836,3.6776260520154676e-08,0.00049257031273859165,1.520931380423828,0.23948576382750089
0.46500000000000002,0,-1.5349999999999999,0.023630807799435508,-3.5059118245788545e-05,-0.00049846590864479105,3.8217461916017271e-08,0.00048815665698502618,1.5193354408702213,0.23920766247138328
0.46999999999999997,0,-1.53,0.023630807799435508,-2.3054581530802076e-05,-0.00047896087879304415,9.2296998864076589e-08,0.00048373813274063478,1.5193354408702213,0.23920766247138328
0.47499999999999998,0,-1.5249999999999999,0.022866271671302091,-1.4141741207705745e-06,-0.00044212041993681932,-2.6806691272332369e-07,0.00047934210734738321,1.495754107126652,0.2319475930048995
0.47999999999999998,0,-1.52,0.022866271671302091,2.8738830469561553e-05,-0.00046489293045290174,-2.1882272195618934e-07,0.00047480274280997295,1.495754107126652,0.2319475930048995
0.48499999999999999,0,-1.5150000000000001,0.022866271671302091,4.653193761026145e-05,-0.00047426381804273722,-1.6635434047498595e-07,0.00047029287510763347,1.495754107126652,0.2319475930048995
0.48999999999999999,0,-1.51,0.022866271671302091,5.1328039330446405e-05,-0.00046960263227756516,-1.1046997831726319e-07,0.00046581244224963423,1.495754107126652,0.2319475930048995
0.495,0,-1.5049999999999999,0.022866271671302091,4.2445539008828596e-05,-0.00045023489500200213,-5.0961179686783608e-08,0.00046136138226942404,1.495754107126652,0.2319475930048995
0.5,0,-1.5,0.022848766960702888,1.8686400207552658e-05,-0.00041748806473087722,-2.9804809612281324e-07,0.00045662182170057541,1.494036053492541,0.23177793102261784
0.505,0,-1.4950000000000001,0.022098204322938391,-1.299789531319291e-05,-0.00039975406440154355,1.3510144311421059e-07,0.00045208107354051261,1.4705482589827752,0.22457988629871006
0.51000000000000001,0,-1.49,0.022098204322938391,-3.1246532084753623e-05,-0.00039973291974753982,1.2640072842935945e-07,0.00044751002666582474,1.4705482589827752,0.22457988629871006
0.51500000000000001,0,-1.4849999999999999,0.022091077606915029,-3.5978264170259628e-05,-0.0003962821633526299,2.2880603627708017e-08,0.00044315867236980304,1.4695791766053266,0.22450980871873888
0.52000000000000002,0,-1.48,0.022091077606915029,-2.724792775898347e-05,-0.00038699644699324159,4.2488667449961273e-08,0.00043857802262493558,1.4695791766053266,0.22450980871873888
0.52500000000000002,0,-1.4750000000000001,0.022091077606915029,-5.5753156887732038e-06,-0.00037119470175628832,6.065090317973798e-08,0.00043402940446749422,1.4695791766053266,0.22450980871873888
0.53000000000000003,0,-1.47,0.021402893444259167,1.357803150006675e-05,-0.00036335921883966292,5.484235700003097e-08,0.00042946506439871728,1.4473255118014221,0.21785282245814205
0.53500000000000003,0,-1.4649999999999999,0.021402893444259167,2.0766775782257079e-05,-0.00036036157493383591,7.1749666597357648e-08,0.00042490874812797764,1.4473255118014221,0.21785282245814205
0.54000000000000004,0,-1.46,0.021402893444259167,2.0224145420001021e-05,-0.00035560974822306196,8.8409143025220549e-08,0.00042038525925122342,1.4473255118014221,0.21785282245814205
0.54500000000000004,0,-1.4550000000000001,0.021402893444259167,1.1830509985581385e-05,-0.00034907879033759079,1.048220245397459e-07,0.00041589447168628702,1.4473255118014221,0.21785282245814205
0.55000000000000004,0,-1.45,0.020706234674714007,-1.3941935555061714e-05,-0.00036314799463097906,6.6098383066487931e-08,0.00041127415012465814,1.4231999561772579,0.21107090529548903
0.55500000000000005,0,-1.4449999999999998,0.020706234674714007,-3.2802808074967273e-05,-0.00037810949762303654,8.014343071461621e-08,0.00040661603014235828,1.4231999561772579,0.21107090529548903
0.56000000000000005,0,-1.4399999999999999,0.020706234674714007,-3.7406908931964336e-05,-0.00038269064301152698,9.2757524742345323e-08,0.00040199314462013245,1.4231999561772579,0.21107090529548903
0.56499999999999995,0,-1.4350000000000001,0.020706234674714007,-2.8318708238275771e-05,-0.00037728135641515665,1.0403142919748094e-07,0.00039740533846764734,1.4231999561772579,0.21107090529548903
0.56999999999999995,0,-1.4300000000000002,0.020706234674714007,-6.0732849992314419e-06,-0.00036225125967711842,1.1404983070746997e-07,0.00039285245792040809,1.4231999561772579,0.21107090529548903
0.57499999999999996,0,-1.425,0.020012745562486389,2.0710077841234679e-05,-0.00037261595828159884,9.6930268656766823e-08,0.00038831256271325374,1.4001321406451648,0.20427104838883289
0.57999999999999996,0,-1.4199999999999999,0.020012745562486389,3.5885437301295482e-05,-0.0003953413544114228,1.9300045527697599e-07,0.00038379145082662562,1.4001321406451648,0.20427104838883289
0.58499999999999996,0,-1.415,0.019985201456711659,3.9827530345012775e-05,-0.00040262562186967938,9.2887844208933998e-08,0.00037919700723272007,1.3985184549356986,0.20400669420807585
0.58999999999999997,0,-1.4100000000000001,0.019985201456711659,3.3162873691992382e-05,-0.00039538534017672793,3.5879694034423124e-08,0.00037465204790093317,1.3985184549356986,0.20400669420807585
0.59499999999999997,0,-1.405,0.019985201456711659,1.7849362599186219e-05,-0.00036824505132573219,-1.8633421618633822e-08,0.00037014406417325399,1.3985184549356986,0.20400669420807585
0.59999999999999998,0,-1.3999999999999999,0.019264997567099672,-1.2781845491585747e-05,-0.0003706687999177348,2.8849489339865058e-07,0.00036564322188649396,1.3743214631308287,0.19690887085563247
0.60499999999999998,0,-1.395,0.019264997567099672,-3.8806314698194039e-05,-0.00038796504653862304,2.6388610839128907e-07,0.00036117118314848859,1.3743214631308287,0.19690887085563247
0.60999999999999999,0,-1.3900000000000001,0.019264997567099672,-5.2240413792289314e-05,-0.00039460703737433306,2.3554542272232178e-07,0.00035673563952279101,1.3743214631308287,0.19690887085563247
0.61499999999999999,0,-1.385,0.019264997567099672,-5.2508788255869268e-05,-0.00039013875197308379,2.0331140453932536e-07,0.00035233649729994138,1.3743214631308287,0.19690887085563247
0.62,0,-1.3799999999999999,0.019264997567099672,-3.9000547900835927e-05,-0.00037407600522974208,1.6701002506727037e-07,0.0003479736633950442,1.3743214631308287,0.19690887085563247
0.625,0,-1.375,0.019264997567099672,-1.1066480353760881e-05,-0.00034590423886590363,1.2645348725100971e-07,0.00034364704534740171,1.3743214631308287,0.19690887085563247
0.63,0,-1.3700000000000001,0.018553246295786734,1.8712437367326044e-05,-0.00032529136213627725,1.3454749026605863e-07,0.00033929923222921984,1.3479299974041239,0.18983996003565429
0.63500000000000001,0,-1.365,0.018553246295786734,2.8421913736506581e-05,-0.00032576394284626798,1.1632318117500672e-07,0.00033491128113988011,1.3479299974041239,0.18983996003565429
0.64000000000000001,0,-1.3599999999999999,0.018553246295786734,2.8642696441931968e-05,-0.00032345190897655639,9.8509047615986497e-08,0.00033056085289391254,1.3479299974041239,0.18983996003565429
0.64500000000000002,0,-1.355,0.018553246295786734,1.9556649956238749e-05,-0.00031840387555373209,8.1096382310879312e-08,0.00032624777950349804,1.3479299974041239,0.18983996003565429
0.65000000000000002,0,-1.3500000000000001,0.017874391682119108,1.0092900284821726e-05,-0.0003121929528503914,4.0371367518982995e-08,0.00032195656546639661,1.3232847553416784,0.18308034311669569
0.65500000000000003,0,-1.345,0.017874391682119108,1.8421907683845355e-05,-0.00030881892055316325,3.8444229397971787e-08,0.00031766057366519731,1.3232847553416784,0.18308034311669569
0.66000000000000003,0,-1.3399999999999999,0.017874391682119108,2.2782697070134978e-05,-0.00030495920054633799,3.6510074540948914e-08,0.00031340186660587136,1.3232847553416784,0.18308034311669569
0.66500000000000004,0,-1.335,0.017874391682119108,2.320919971134212e-05,-0.00030061768781862919,3.4569858007151578e-08,0.00030918028577759591,1.3232847553416784,0.18308034311669569
0.67000000000000004,0,-1.3300000000000001,0.017874391682119108,1.9734961218345178e-05,-0.000295798233108816,3.2624513256056812e-08,0.00030499567264054538,1.3232847553416784,0.18308034311669569
0.67500000000000004,0,-1.325,0.017874391682119108,1.2393147008848037e-05,-0.00029050464353262944,3.0674952530490759e-08,0.00030084786862657152,1.3232847553416784,0.18308034311669569
0.68000000000000005,0,-1.3199999999999998,0.017201163445048184,5.1590610162882058e-06,-0.00028429115891233332,1.1917757592026869e-07,0.00029673387007947671,1.2984703062817835,0.17633691456633402
0.68500000000000005,0,-1.3149999999999999,0.017201163445048184,4.6544344914466986e-06,-0.0002770334557822927,1.2140010919624026e-07,0.00029264647252373122,1.2984703062817835,0.17633691456633402
0.68999999999999995,0,-1.3100000000000001,0.017201163445048184,4.5345978726736272e-06,-0.00026976527193343941,1.235807654837047e-07,0.00028859549814071986,1.2984703062817835,0.17633691456633402
0.69499999999999995,0,-1.3050000000000002,0.017201163445048184,4.7998377965114466e-06,-0.00026248660218492506,1.2571976932630946e-07,0.0002845807887611323,1.2984703062817835,0.17633691456633402
0.69999999999999996,0,-1.3,0.017201163445048184,5.4504411843058465e-06,-0.00025519744135106879,1.2781734557885675e-07,0.00028060218620337257,1.2984703062817835,0.17633691456633402
0.70499999999999996,0,-1.2949999999999999,0.016561682976770971,-2.0918113387517818e-05,-0.00028264847186872084,2.9667646752718984e-07,0.00027667216766115942,1.2748527092300876,0.16991537939009677
0.70999999999999996,0,-1.29,0.016540798599001417,-3.9313501430634429e-05,-0.00030104493883804896,9.4935156215653258e-08,0.00027287785941789474,1.2728726416162592,0.16970334000898649
0.71499999999999997,0,-1.2850000000000001,0.016540798599001417,-4.4184963392046506e-05,-0.00030439991594081485,1.3031922385098836e-07,0.00026895034709692965,1.2728726416162592,0.16970334000898649
0.71999999999999997,0,-1.28,0.016540798599001417,-3.6704078534445473e-05,-0.00028983494073404675,1.6296726906449524e-07,0.00026505976334959886,1.2728726416162592,0.16970334000898649
0.72499999999999998,0,-1.2749999999999999,0.016540798599001417,-1.7575493082610021e-05,-0.00025829929287189847,1.9309625620989855e-07,0.00026120591971755318,1.2728726416162592,0.16970334000898649
0.72999999999999998,0,-1.27,0.015914099702419384,5.6772533226738068e-06,-0.00023156895638862308,-1.2513333274882061e-07,0.00025740488439640521,1.249360459493398,0.16338500447306881
0.73499999999999999,0,-1.2650000000000001,0.015914099702419384,1.5815047119459376e-05,-0.00023037044268340592,-1.3636246595507746e-07,0.00025365156872123409,1.249360459493398,0.16338500447306881
0.73999999999999999,0,-1.26,0.015914099702419384,1.7469610471060494e-05,-0.00022672103042134607,-1.4755698210428266e-07,0.0002499332319582313,1.249360459493398,0.16338500447306881
0.745,0,-1.2549999999999999,0.015914099702419384,1.0484773749886813e-05,-0.00022057598728601106,-1.5871812293419645e-07,0.0002462497155797416,1.249360459493398,0.16338500447306881
0.75,0,-1.25,0.015914099702419384,-5.2994906733095441e-06,-0.00021188947593388493,-1.6984715525683786e-07,0.0002426008610299434,1.249360459493398,0.16338500447306881
0.755,0,-1.2450000000000001,0.015306887308391208,1.3568905835960057e-05,-0.00022066711581185001,-2.159465915038402e-07,0.00023897976622148478,1.2255260454957946,0.15724902796003526
0.76000000000000001,0,-1.24,0.015306887308391208,2.8211560803860562e-05,-0.00022603217764627603,-2.2191286201515502e-07,0.00023539177485818494,1.2255260454957946,0.15724902796003526
0.76500000000000001,0,-1.2349999999999999,0.015306887308391208,2.9729279547657174e-05,-0.00022358696704642832,-2.2748406176416722e-07,0.00023183819985059058,1.2255260454957946,0.15724902796003526
0.77000000000000002,0,-1.23,0.015306887308391208,1.7651778521620361e-05,-0.00021306246823995514,-2.3265442771116394e-07,0.00022831888843023292,1.2255260454957946,0.15724902796003526
0.77500000000000002,0,-1.2250000000000001,0.015306887308391208,-8.5139626398333176e-06,-0.00019417665931889332,-2.3741777292024429e-07,0.00022483368782447088,1.2255260454957946,0.15724902796003526
0.78000000000000003,0,-1.22,0.014680422996679704,1.3168502355442853e-05,-0.00020946976993470304,-2.3510352392651275e-07,0.00022138710577708205,1.2003997161302604,0.1509004518920431
0.78500000000000003,0,-1.2149999999999999,0.014680422996679704,3.4939948403387053e-05,-0.00022176195152796618,-2.1687902344719199e-07,0.00021797554290669947,1.2003997161302604,0.1509004518920431
0.79000000000000004,0,-1.21,0.014667900987368823,4.107935027813916e-05,-0.00022481486486300098,-1.8150700820336209e-07,0.00021460838213923421,1.1990757677311481,0.15076657384522812
0.79500000000000004,0,-1.2050000000000001,0.014667900987368823,3.2464164449144961e-05,-0.00021428802530753046,-1.8015244239340509e-07,0.00021123681282145113,1.1990757677311481,0.15076657384522812
0.80000000000000004,0,-1.2,0.014667900987368823,9.8179696650013741e-06,-0.00019073707769676307,-1.7832992010797522e-07,0.0002078990640352323,1.1990757677311481,0.15076657384522812
0.80500000000000005,0,-1.1949999999999998,0.014071380539972438,-5.4002046534514654e-06,-0.00016893773161305342,-4.8508401350036126e-08,0.00020460585728821108,1.1748281785003656,0.14470373358361513
0.81000000000000005,0,-1.1899999999999999,0.014071380539972438,1.0372477467336264e-05,-0.00016961463547386291,-4.0121652056137832e-08,0.00020136149572183137,1.1748281785003656,0.14470373358361513
0.81499999999999995,0,-1.1850000000000001,0.014071380539972438,1.5871901077774354e-05,-0.00016685265567719271,-3.192388906233947e-08,0.00019814984796337647,1.1748281785003656,0.14470373358361513
0.81999999999999995,0,-1.1800000000000002,0.014071380539972438,1.1316964763778909e-05,-0.00016072277242130495,-2.3911404907465176e-08,0.0001949707577574209,1.1748281785003656,0.14470373358361513
0.82499999999999996,0,-1.175,0.014071380539972438,-3.0796098054364985e-06,-0.00015129396272844692,-1.6080607405993629e-08,0.00019182406873209255,1.1748281785003656,0.14470373358361513
0.82999999999999996,0,-1.1699999999999999,0.013509822178945563,-2.265134146760337e-05,-0.00017436268057955846,2.006318676698933e-07,0.00018872802821853977,1.1516677154155519,0.13898829708385343
0.83499999999999996,0,-1.165,0.013509822178945563,-3.48564367139564e-05,-0.00019042515710029567,1.4619878997255291e-07,0.00018566803415206881,1.1516677154155519,0.13898829708385343
0.83999999999999997,0,-1.1600000000000001,0.013484671277607245,-3.7594135278820921e-05,-0.00019082510797447213,6.0645064665103735e-08,0.0001826596219585541,1.1498141695550208,0.13873272756437169
0.84499999999999997,0,-1.155,0.013484671277607245,-2.9697153059791824e-05,-0.00017845914743121091,9.4735888837573839e-08,0.00017963220358963044,1.1498141695550208,0.13873272756437169
0.84999999999999998,0,-1.1499999999999999,0.013484671277607245,-1.2964980636199326e-05,-0.00014520039838036177,1.2242280422737418e-07,0.00017663640278299422,1.1498141695550208,0.13873272756437169
0.85499999999999998,0,-1.145,0.012930968647638805,1.2241959437533795e-05,-0.00015158154618482249,-1.3466988382596001e-07,0.00017370145187067872,1.12666445621763,0.13308485287441615
0.85999999999999999,0,-1.1400000000000001,0.012930968647638805,2.8444752474696198e-05,-0.00016616562471580748,-1.1515893635921856e-07,0.00017080693199598656,1.12666445621763,0.13308485287441615
0.86499999999999999,0,-1.135,0.012930968647638805,3.2063395355224525e-05,-0.00016459854447186702,-9.5105108800874666e-08,0.00016794353895339644,1.12666445621763,0.13308485287441615
0.87,0,-1.1299999999999999,0.012930968647638805,2.2384500970563916e-05,-0.00014602651322402131,-7.4463512416322584e-08,0.00016511111145570722,1.12666445621763,0.13308485287441615
0.875,0,-1.125,0.01291703352348219,-1.366264321113996e-06,-0.00010990401112205661,-1.0508246462221672e-07,0.0001622664333437438,1.1254548631035093,0.13293957538007167
0.88,0,-1.1200000000000001,0.012361654878041296,1.5374252458372393e-05,-0.00011274220299126914,-3.0593151283187135e-08,0.00015948309594365746,1.1010624416634929,0.1272672954184603
0.88500000000000001,0,-1.115,0.012361654878041296,3.2205688770235048e-05,-0.00011966232777054274,-2.8894073821427235e-08,0.0001567316757286655,1.1010624416634929,0.1272672954184603
0.89000000000000001,0,-1.1099999999999999,0.012361654878041296,3.5727769247087184e-05,-0.00011981852001898231,-2.6957757752410931e-08,0.00015401037037372767,1.1010624416634929,0.1272672954184603
0.89500000000000002,0,-1.105,0.012361654878041296,2.6357236151829237e-05,-0.00011341133081683422,-2.4802017385282037e-08,0.00015131901567918995,1.1010624416634929,0.1272672954184603
0.90000000000000002,0,-1.1000000000000001,0.012361654878041296,4.4936104939506788e-06,-0.00010063302381180182,-2.2443656836649599e-08,0.00014865744780577592,1.1010624416634929,0.1272672954184603
0.90500000000000003,0,-1.095,0.011834744058739572,-1.4731420853507371e-05,-9.9863566333858257e-05,1.2594238808590244e-07,0.00014605641456434944,1.0779493312732569,0.12187555096367335
0.91000000000000003,0,-1.0899999999999999,0.011834744058739572,-2.2377988932987213e-05,-0.00010136612702565121,1.3070158172600813e-07,0.00014349261191164023,1.0779493312732569,0.12187555096367335
0.91500000000000004,0,-1.085,0.011834744058739572,-2.0288323190195492e-05,-9.9821401360232435e-05,1.3550419655047966e-07,0.00014095733543552179,1.0779493312732569,0.12187555096367335
0.92000000000000004,0,-1.0800000000000001,0.011834744058739572,-8.259536482183183e-06,-9.517036509990113e-05,1.4035098404314286e-07,0.00013845042984783314,1.0779493312732569,0.12187555096367335
0.92500000000000004,0,-1.075,0.011287940461480768,-1.5526161403448783e-05,-9.9302659253128859e-05,1.6132833442158637e-07,0.00013598632987890536,1.0532314818099575,0.11628091502494418
0.93000000000000005,0,-1.0699999999999998,0.011287940461480768,-4.3735328529349294e-05,-0.00011060848241795942,1.3993284879684756e-07,0.00013356711140901498,1.0532314818099575,0.11628091502494418
0.93500000000000005,0,-1.0649999999999999,0.011287940461480768,-5.9565635335275495e-05,-0.00011470364893174889,1.1790647055560076e-07,0.00013117581533551089,1.0532314818099575,0.11628091502494418
0.93999999999999995,0,-1.0600000000000001,0.011280426998544658,-6.0773424861782727e-05,-0.00011370664462294373,1.2321481063399546e-07,0.00012874866669060242,1.0513581447009277,0.11619843549727905
0.94499999999999995,0,-1.0550000000000002,0.011280426998544658,-4.8696663752615888e-05,-0.00010578025304384283,1.2799070500821369e-07,0.00012634718982594884,1.0513581447009277,0.11619843549727905
0.94999999999999996,0,-1.05,0.011280426998544658,-2.4167228952552579e-05,-9.0635982747665745e-05,1.3228587157861936e-07,0.00012397407800306674,1.0513581447009277,0.11619843549727905
0.95499999999999996,0,-1.0449999999999999,0.010752720844516919,8.3075303109852888e-06,-8.3229369209017972e-05,-1.0460124834401545e-07,0.00012165584196958947,1.0274701524208738,0.11078111270292752
0.95999999999999996,0,-1.04,0.010752720844516919,2.6992345620982333e-05,-9.3817778995647881e-05,-1.0341148737973339e-07,0.00011940538862376488,1.0274701524208738,0.11078111270292752
0.96499999999999997,0,-1.0350000000000001,0.010745059460606256,3.0645426874159564e-05,-9.1047996088475345e-05,5.168591424994985e-08,0.00011736425917893685,1.0265764878959065,0.11070264245225672
0.96999999999999997,0,-1.03,0.010745059460606256,1.8317258107508935e-05,-8.0334962147876501e-05,3.8185354139544431e-08,0.00011514528839669189,1.0265764878959065,0.11070264245225672
0.97499999999999998,0,-1.0249999999999999,0.010236132570343748,-4.0411488191631177e-06,-5.9572623184181713e-05,-2.4220154627932696e-08,0.0001129539828790543,1.0018085896090414,0.10548105436871745
0.97999999999999998,0,-1.02,0.010236132570343748,2.4253402910007983e-05,-7.1930464272813944e-05,-2.8076157758018983e-08,0.00011080041864575232,1.0018085896090414,0.10548105436871745
0.98499999999999999,0,-1.0150000000000001,0.010236132570343748,3.9366592992119996e-05,-7.7297203320662419e-05,-3.1412821058470781e-08,0.00010867293728660666,1.0018085896090414,0.10548105436871745
0.98999999999999999,0,-1.01,0.010236132570343748,4.1719604332124421e-05,-7.588221020197272e-05,-3.4262222884488483e-08,0.0001065713758028746,1.0018085896090414,0.10548105436871745
0.995,0,-1.0049999999999999,0.010236132570343748,3.1715863018585188e-05,-6.7886028726297159e-05,-3.6654622093856933e-08,0.00010449557186317072,1.0018085896090414,0.10548105436871745
1,0,-1,0.010236132570343748,9.7419643346005426e-06,-5.3500836914199326e-05,-3.8618573959441422e-08,0.0001024453637704458,1.0018085896090414,0.10548105436871745
1.0049999999999999,0,-0.99500000000000011,0.0097589190851547353,-1.5446858695349988e-05,-5.6494814266436204e-05,3.992906953822759e-08,0.000100449200001259,0.978779097798676,0.10057164017646521
1.01,0,-0.98999999999999999,0.0097589190851547353,-2.648867503434755e-05,-6.8646827006387274e-05,5.1480467662650997e-09,9.8507802973402055e-05,0.978779097798676,0.10057164017646521
1.0149999999999999,0,-0.9850000000000001,0.0097589190851547353,-2.635286400488277e-05,-5.8813378798475132e-05,-2.7108158941261023e-08,9.6591946788665328e-05,0.978779097798676,0.10057164017646521
1.02,0,-0.97999999999999998,0.0097456234722646806,-1.4544025921195278e-05,-3.8348909969309457e-05,1.2456023912186393e-09,9.466020701134099e-05,0.97768945504112093,0.10043623858565627
1.0249999999999999,0,-0.97500000000000009,0.0093006947471288223,1.2284803499481566e-05,-4.285241039745757e-05,-3.8895602692045087e-08,9.2789746290477626e-05,0.95566866006274065,0.09586357510319532
1.03,0,-0.96999999999999997,0.0093006947471288223,3.3151186969061112e-05,-6.2089639342368985e-05,-2.3735648456761007e-08,9.0958291761966575e-05,0.95566866006274065,0.09586357510319532
1.0349999999999999,0,-0.96500000000000008,0.0092912334964548246,3.851411051228045e-05,-7.0436685865974571e-05,-3.0858826451279086e-08,8.9118645839132251e-05,0.95441530952574571,0.095765553579406248
1.04,0,-0.95999999999999996,0.0092912334964548246,2.9240631018634993e-05,-6.6031435955151365e-05,-3.2094363924044517e-08,8.7302438963210384e-05,0.95441530952574571,0.095765553579406248
1.0449999999999999,0,-0.95500000000000007,0.0092912334964548246,6.543892968209063e-06,-4.7282963770379142e-05,-3.2216817993318311e-08,8.5509487771220682e-05,0.95441530952574571,0.095765553579406248
1.05,0,-0.94999999999999996,0.0088148159376726827,-3.629881183798167e-06,-3.7422925740057056e-05,1.3816787111814547e-08,8.375487116370576e-05,0.92995381630135854,0.090865499546616435
1.0549999999999999,0,-0.94500000000000006,0.0088148159376726827,-2.3798345443404607e-06,-3.7470197694118825e-05,1.7616456417802297e-08,8.2032181398762727e-05,0.92995381630135854,0.090865499546616435
1.0600000000000001,0,-0.93999999999999995,0.0088148159376726827,-1.2747986735568014e-06,-3.7516581376387256e-05,2.1332564566409075e-08,8.0331836377579391e-05,0.92995381630135854,0.090865499546616435
1.0649999999999999,0,-0.93500000000000005,0.0088148159376726827,-3.1473403176486013e-07,-3.7562077191753359e-05,2.4965808307648016e-08,7.8653697568654106e-05,0.92995381630135854,0.090865499546616435
1.0700000000000001,0,-0.92999999999999994,0.0088148159376726827,5.0039890634476502e-07,-3.760668554497248e-05,2.8516884014696875e-08,7.6997626406252953e-05,0.92995381630135854,0.090865499546616435
1.075,0,-0.92500000000000004,0.0083503450773861152,-1.0300254936192761e-05,-4.6872391280375818e-05,6.8069706654824964e-08,7.5376145149704706e-05,0.90557364690853126,0.086081661925228786
1.0800000000000001,0,-0.91999999999999993,0.0083503450773861152,-3.3675484649466411e-05,-6.5220729287489084e-05,5.9170688131030783e-08,7.3801187821177455e-05,0.90557364690853126,0.086081661925228786
1.085,0,-0.91500000000000004,0.0083503450773861152,-4.2659004764502228e-05,-7.0507940368237334e-05,4.9928657101509444e-08,7.2247309058529407e-05,0.90557364690853126,0.086081661925228786
1.0900000000000001,0,-0.90999999999999992,0.0083423639466382749,-3.6531658830025108e-05,-6.221754096448522e-05,4.4508455943718807e-08,7.0709255143514555e-05,0.90408205349884008,0.085995140200078826
1.095,0,-0.90500000000000003,0.0083423639466382749,-1.4778329868200307e-05,-4.4963358603274045e-05,5.0993155213591883e-08,6.91618044628481e-05,0.90408205349884008,0.085995140200078826
1.1000000000000001,0,-0.89999999999999991,0.0078930392649770587,5.615256369239246e-06,-2.9865276980646104e-05,1.1073670806493071e-08,6.765169635280885e-05,0.8798947203499472,0.081367979591107906
1.105,0,-0.89500000000000002,0.0078930392649770587,1.0174179203237894e-05,-2.8182474538141318e-05,9.5155811236524598e-09,6.6181510808819229e-05,0.8798947203499472,0.081367979591107906
1.1100000000000001,0,-0.8899999999999999,0.0078930392649770587,1.1735518771971993e-05,-2.6221076589682572e-05,7.983084284211534e-09,6.4731523645658343e-05,0.8798947203499472,0.081367979591107906
1.115,0,-0.88500000000000001,0.0078930392649770587,1.028057573468274e-05,-2.3979506854894737e-05,6.4760911841981269e-09,6.3301600934384647e-05,0.8798947203499472,0.081367979591107906
1.1200000000000001,0,-0.87999999999999989,0.0078930392649770587,5.7904948978496303e-06,-2.1456175922331199e-05,4.9945120618478727e-09,6.1891608739165013e-05,0.8798947203499472,0.081367979591107906
1.125,0,-0.875,0.0074586237899654335,6.8760809827873332e-06,-2.5863095190544337e-05,-7.4021930759746915e-09,6.0509123331271431e-05,0.85568588559518366,0.076887323641951666
1.1299999999999999,0,-0.87000000000000011,0.0074490398471215875,3.107288752222479e-05,-5.0651095184619125e-05,5.2847061888204502e-09,5.9166982792643812e-05,0.85424811065291739,0.076791822977003391
1.135,0,-0.86499999999999999,0.0074490398471215875,4.0359719610943307e-05,-6.2404225723340485e-05,-1.9599298675039493e-09,5.7818261073720864e-05,0.85424811065291739,0.076791822977003391
1.1399999999999999,0,-0.8600000000000001,0.0074490398471215875,3.5870981616265079e-05,-5.7907419785781182e-05,-8.4825494720443005e-09,5.6488989313509239e-05,0.85424811065291739,0.076791822977003391
1.145,0,-0.85499999999999998,0.0074490398471215875,1.8331269378839064e-05,-3.7957326986013721e-05,-1.4342129427742488e-08,5.5179025632758944e-05,0.85424811065291739,0.076791822977003391
1.1499999999999999,0,-0.85000000000000009,0.0070412264932253254,-1.0398306514356701e-05,-2.8217246176112516e-05,6.1755223680913019e-08,5.3902166912460897e-05,0.83124794965447779,0.072587681308597773
1.155,0,-0.84499999999999997,0.0070412264932253254,-3.1321878485026294e-05,-4.3988881544970485e-05,6.292217291375597e-08,5.2666562216154525e-05,0.83124794965447779,0.072587681308597773
1.1599999999999999,0,-0.84000000000000008,0.0070412264932253254,-3.7998601041385557e-05,-4.8444772016535111e-05,6.3819256511081641e-08,5.1448848102613067e-05,0.83124794965447779,0.072587681308597773
1.165,0,-0.83499999999999996,0.0070412264932253254,-2.9804063211736282e-05,-4.1121335230525212e-05,6.4441706642924974e-08,5.0248904272840077e-05,0.83124794965447779,0.072587681308597773
1.1699999999999999,0,-0.83000000000000007,0.0070412264932253254,-6.0767850540898136e-06,-2.1527464973264412e-05,6.4784309775561209e-08,4.9066610365979053e-05,0.83124794965447779,0.072587681308597773
1.175,0,-0.82499999999999996,0.006626918233510257,-1.9535676609402829e-05,-3.0090875190606803e-05,4.7448344278359001e-08,4.791897090130217e-05,0.80656283788202976,0.068314425281873328
1.1799999999999999,0,-0.82000000000000006,0.0066199728942744488,-4.2127780318205042e-05,-4.8282975781468711e-05,4.3102841946198699e-08,4.6775653487454218e-05,0.80488998175212123,0.068238970834534077
1.1850000000000001,0,-0.81499999999999995,0.0066199728942744488,-4.9382898249097705e-05,-5.6188825802494804e-05,4.6927346005848496e-08,4.5634048139857813e-05,0.80488998175212123,0.068238970834534077
1.1899999999999999,0,-0.81000000000000005,0.0066199728942744488,-4.2530776072859657e-05,-5.2625436412085545e-05,5.0569802340003788e-08,4.4510029078838342e-05,0.80488998175212123,0.068238970834534077
1.1950000000000001,0,-0.80499999999999994,0.0066199728942744488,-2.2184029299722529e-05,-3.8061022118950396e-05,5.4038587756856346e-08,4.3403462422429806e-05,0.80488998175212123,0.068238970834534077
1.2,0,-0.80000000000000004,0.0062094689675621815,1.0236938934258521e-05,-3.0577787877678005e-05,-5.9601967867173312e-08,4.2326148012405576e-05,0.78054894782424133,0.06400556310064355
1.2050000000000001,0,-0.79499999999999993,0.0062094689675621815,3.6583664399728022e-05,-5.161849594975783e-05,-5.8019365144031182e-08,4.1295097794121071e-05,0.78054894782424133,0.06400556310064355
1.21,0,-0.79000000000000004,0.0062094689675621815,4.9383204602939102e-05,-6.0457309978690754e-05,-5.5734986609163661e-08,4.0279959613062818e-05,0.78054894782424133,0.06400556310064355
1.2150000000000001,0,-0.78499999999999992,0.0062094689675621815,4.7976672910983353e-05,-5.6536135444928699e-05,-5.2729231314773596e-08,3.928062487246767e-05,0.78054894782424133,0.06400556310064355
1.22,0,-0.78000000000000003,0.0062016986390593352,3.0976645940823503e-05,-4.1459968252877741e-05,-1.872805187722502e-08,3.8326216817305705e-05,0.7789419481961265,0.063923371439818744
1.2250000000000001,0,-0.77499999999999991,0.0062016986390593352,-6.2031235176453409e-07,-1.5716925669422214e-05,-2.7360015814663986e-08,3.7332699333265452e-05,0.7789419481961265,0.063923371439818744
1.23,0,-0.77000000000000002,0.0058138148952445769,1.7592494076271161e-05,-3.3301451155708487e-05,-1.5910685044750291e-08,3.6376584939672469e-05,0.75428571763473029,0.059916796056716598
1.2350000000000001,0,-0.7649999999999999,0.0058138148952445769,3.1662572111675928e-05,-4.6671668989770909e-05,-1.8102053115379436e-08,3.5439575472396553e-05,0.75428571763473029,0.059916796056716598
1.24,0,-0.76000000000000001,0.0058138148952445769,3.0958201972229588e-05,-4.6460516411135221e-05,-2.0118273009069661e-08,3.4517822917458408e-05,0.75428571763473029,0.059916796056716598
1.2450000000000001,0,-0.75499999999999989,0.0058138148952445769,1.6148363310173516e-05,-3.3246029255651375e-05,-2.197118987682287e-08,3.3611204655609653e-05,0.75428571763473029,0.059916796056716598
1.25,0,-0.75,0.0054511009172249257,-1.0127931540089573e-05,-1.7626392149422164e-05,1.4829206316533188e-08,3.2726699507022813e-05,0.73100167437844832,0.056174731352963685
1.2549999999999999,0,-0.74500000000000011,0.0054511009172249257,-2.8636406023270715e-05,-2.6660312655109602e-05,1.1625951080293097e-08,3.1880053864937175e-05,0.73100167437844832,0.056174731352963685
1.26,0,-0.73999999999999999,0.0054511009172249257,-3.6643196567356719e-05,-3.1488379701295973e-05,8.3790977155402155e-09,3.1047401911861189e-05,0.73100167437844832,0.056174731352963685
1.2649999999999999,0,-0.7350000000000001,0.0054511009172249257,-3.3881152267316516e-05,-3.2007618494836266e-05,5.0886858665919767e-09,3.022863236835072e-05,0.73100167437844832,0.056174731352963685
1.27,0,-0.72999999999999998,0.0054511009172249257,-2.0073982447482843e-05,-2.8111531260056352e-05,1.7547365155601059e-09,2.9423633928911378e-05,0.73100167437844832,0.056174731352963685
1.2749999999999999,0,-0.72500000000000009,0.0050702850065345185,2.1329501873951773e-06,-2.2765017880493039e-05,-9.4406035237285263e-10,2.8630726990878804e-05,0.70414822685164635,0.052245037263157726
1.28,0,-0.71999999999999997,0.0050702850065345185,1.5948992972961855e-05,-2.3820567275945299e-05,-1.5340491085174533e-09,2.7846846445844345e-05,0.70414822685164635,0.052245037263157726
1.2849999999999999,0,-0.71500000000000008,0.0050702850065345185,2.329478992117972e-05,-2.3484878604360775e-05,-2.1114102549410678e-09,2.7076506473872989e-05,0.70414822685164635,0.052245037263157726
1.29,0,-0.70999999999999996,0.0050702850065345185,2.4261095237479409e-05,-2.1776216051073644e-05,-2.6760784279612889e-09,2.6319593719510886e-05,0.70414822685164635,0.052245037263157726
1.2949999999999999,0,-0.70500000000000007,0.0050702850065345185,1.8936974018284017e-05,-1.8712503932167001e-05,-3.2279964195457813e-09,2.5575994827444085e-05,0.70414822685164635,0.052245037263157726
1.3,0,-0.69999999999999996,0.0050702850065345185,7.4098413659210931e-06,-1.4311334564863792e-05,-3.7671149389153895e-09,2.4845596442748503e-05,0.70414822685164635,0.052245037263157726
1.3049999999999999,0,-0.69500000000000006,0.0047287199702048827,-1.0185469703660887e-05,-2.656317542929471e-05,4.4076016077427482e-08,2.4140863583131843e-05,0.68041008248548107,0.048710592916598017
1.3100000000000001,0,-0.68999999999999995,0.0047287199702048827,-2.1950719361679137e-05,-4.5554420813025334e-05,4.3051127251282697e-08,2.346203506865762e-05,0.68041008248548107,0.048710592916598017
1.3149999999999999,0,-0.68500000000000005,0.0047287199702048827,-2.2963870156025725e-05,-4.375159509407447e-05,4.1456860011264327e-08,2.27951671072645e-05,0.68041008248548107,0.048710592916598017
1.3200000000000001,0,-0.67999999999999994,0.0047181487458817402,-1.2785341290411866e-05,-2.5892474858903838e-05,8.5651388335451208e-09,2.2153182042953563e-05,0.67905964263809415,0.048597099327539715
1.325,0,-0.67500000000000004,0.0043888616092991944,-5.1475370241865953e-06,-5.3377718748728609e-06,1.629974753665465e-08,2.1506239650325315e-05,0.65484092136428973,0.045203289383288561
1.3300000000000001,0,-0.66999999999999993,0.0043888616092991944,-1.3467074554923079e-05,-6.490518136500536e-06,1.5250896269112322e-08,2.0876924162031605e-05,0.65484092136428973,0.045203289383288561
1.335,0,-0.66500000000000004,0.0043888616092991944,-1.7939633800385674e-05,-7.1554738569743144e-06,1.423561834829698e-08,2.0259223872385796e-05,0.65484092136428973,0.045203289383288561
1.3400000000000001,0,-0.65999999999999992,0.0043888616092991944,-1.8596902008355604e-05,-7.3363750144305815e-06,1.3253211822314349e-08,1.9653035657110216e-05,0.65484092136428973,0.045203289383288561
1.345,0,-0.65500000000000003,0.0043888616092991944,-1.5470219432854089e-05,-7.0369166765332092e-06,1.2302986174027004e-08,1.9058256364959114e-05,0.65484092136428973,0.045203289383288561
1.3500000000000001,0,-0.64999999999999991,0.0043888616092991944,-8.5905840709037202e-06,-6.2607535589365065e-06,1.1384262121191693e-08,1.8474782818112676e-05,0.65484092136428973,0.045203289383288561
1.355,0,-0.64500000000000002,0.0040578032863210663,-4.4199570208952092e-06,-4.598756765250275e-06,-1.2429706204089326e-09,1.7911957165068276e-05,0.62962564865069404,0.041779659320264513
1.3600000000000001,0,-0.6399999999999999,0.0040578032863210663,-4.3766003115687146e-06,-2.5576292147698494e-06,-2.7583820518655148e-09,1.7365710488049982e-05,0.62962564865069404,0.041779659320264513
1.365,0,-0.63500000000000001,0.0040578032863210663,-5.2374574063008721e-06,-4.8879266905730969e-07,-4.2287936359069407e-09,1.6829971442151907e-05,0.62962564865069404,0.041779659320264513
1.3700000000000001,0,-0.62999999999999989,0.0040578032863210663,-7.0040954696539619e-06,1.6077988647667152e-06,-5.654650035796835e-09,1.6304643003481879e-05,0.62962564865069404,0.041779659320264513
1.375,0,-0.625,0.0040578032863210663,-9.6780852901850296e-06,3.7321914858536423e-06,-7.036397503981793e-09,1.5789628123972625e-05,0.62962564865069404,0.041779659320264513
1.3799999999999999,0,-0.62000000000000011,0.0037469831649567563,3.3610525971685034e-06,3.3971443578906047e-06,-1.6228945826936149e-08,1.5295065560140235e-05,0.60500232267135023,0.038572989133364377
1.385,0,-0.61499999999999999,0.0037469831649567563,1.0182297430480781e-05,4.4450814313053953e-06,-1.7282281846764738e-08,1.4810387948664732e-05,0.60500232267135023,0.038572989133364377
1.3899999999999999,0,-0.6100000000000001,0.0037469831649567563,1.0519300677681369e-05,6.9234457631753821e-06,-1.8307551104329548e-08,1.4335408490346172e-05,0.60500232267135023,0.038572989133364377
1.395,0,-0.60499999999999998,0.0037469831649567563,4.2806746185752849e-06,1.0851056397284007e-05,-1.9304897822629951e-08,1.3870033649883267e-05,0.60500232267135023,0.038572989133364377
1.3999999999999999,0,-0.60000000000000009,0.0037469831649567563,-8.6266935528761932e-06,1.6247087653807293e-05,-2.0274466433943631e-08,1.3414169880756883e-05,0.60500232267135023,0.038572989133364377
1.405,0,-0.59499999999999997,0.0034386633130423631,7.1302333099660609e-06,3.2282703561431838e-06,-3.2902125849435043e-08,1.2978090429138148e-05,0.57970384245693785,0.035388039413217255
1.4099999999999999,0,-0.59000000000000008,0.0034386633130423631,2.9596938493325905e-05,-9.3187078503114139e-06,-2.758494251223265e-08,1.2556254387392752e-05,0.57970384245693785,0.035388039413217255
1.415,0,-0.58499999999999996,0.0034328719518429552,3.8172666504657813e-05,-9.2706753676011343e-06,-2.391770348155414e-08,1.2140671167160686e-05,0.57820556985184557,0.035321667991763228
1.4199999999999999,0,-0.58000000000000007,0.0034328719518429552,3.1046574475145413e-05,5.8334690818944876e-07,-2.5562027155570862e-08,1.1725146160180578e-05,0.57820556985184557,0.035321667991763228
1.425,0,-0.57499999999999996,0.0034328719518429552,9.5877917741176867e-06,2.3416922279205064e-05,-2.6859255141777865e-08,1.1318587122552574e-05,0.57820556985184557,0.035321667991763228
1.4299999999999999,0,-0.57000000000000006,0.0031646797662309052,-2.1384003687416299e-05,4.1086238455970714e-05,1.1379127215243984e-08,1.0928222403355711e-05,0.55575071909157403,0.032547338015597456
1.4350000000000001,0,-0.56499999999999995,0.0031646797662309052,-3.7723226644431783e-05,3.1568781390107153e-05,7.2861718279345345e-09,1.0560458835703243e-05,0.55575071909157403,0.032547338015597456
1.4399999999999999,0,-0.56000000000000005,0.0031646797662309052,-3.8387996215275824e-05,3.5032939625829095e-05,3.3301265889349738e-09,1.0200740375405903e-05,0.55575071909157403,0.032547338015597456
1.4450000000000001,0,-0.55499999999999994,0.0031646797662309052,-2.2661137592165091e-05,5.2032326640543287e-05,-4.9084879049503937e-10,9.8489770215189132e-06,0.55575071909157403,0.032547338015597456
1.45,0,-0.55000000000000004,0.0029067926069031524,-2.3357516454238757e-05,5.4653345535149308e-05,-2.9924766167745563e-09,9.4963289349481375e-06,0.53177931449330729,0.02988924120885245
1.4550000000000001,0,-0.54499999999999993,0.0029067926069031524,-3.3921281075458443e-05,4.7991430998225589e-05,-2.740010811110978e-09,9.1547797463932766e-06,0.53177931449330729,0.02988924120885245
1.46,0,-0.54000000000000004,0.0029067926069031524,-3.6771244037628576e-05,4.3193779895242467e-05,-2.5057534301300019e-09,8.8210023220114786e-06,0.53177931449330729,0.02988924120885245
1.4650000000000001,0,-0.53499999999999992,0.0029067926069031524,-3.2032810698957422e-05,4.0230685101382512e-05,-2.2888031185452718e-09,8.4949105068512151e-06,0.53177931449330729,0.02988924120885245
1.47,0,-0.53000000000000003,0.0029067926069031524,-1.9828682880701134e-05,3.9073079922069651e-05,-2.0882916925324456e-09,8.176418173006733e-06,0.53177931449330729,0.02988924120885245
1.4750000000000001,0,-0.52499999999999991,0.0026321951349065893,1.1374512496626468e-05,1.4471363176417939e-05,-4.7860112451733201e-08,7.8754036004849115e-06,0.50681587794094574,0.027058765252056066
1.48,0,-0.52000000000000002,0.0026250091883238211,3.8118585473948419e-05,-1.3062328288451036e-05,-5.6965629335525369e-09,7.6194255129600242e-06,0.50457431854797941,0.026977668222523496
1.4850000000000001,0,-0.5149999999999999,0.0026250091883238211,4.9872885159148398e-05,-2.8461976506313332e-05,-1.0652864026878636e-08,7.3232665177541535e-06,0.50457431854797941,0.026977668222523496
1.49,0,-0.51000000000000001,0.0026250091883238211,4.8355447240179211e-05,-2.8808386444088886e-05,-1.5114265754918009e-08,7.0344065126130781e-06,0.50457431854797941,0.026977668222523496
1.4950000000000001,0,-0.50499999999999989,0.0026250091883238211,3.4250842258863937e-05,-1.4805575635134426e-05,-1.912122583807275e-08,6.7527530286449091e-06,0.50457431854797941,0.026977668222523496
1.5,0,-0.5,0.0026250091883238211,8.1974588216761477e-06,1.2889935498981184e-05,-2.2710636827673715e-08,6.4782139514502992e-06,0.50457431854797941,0.026977668222523496
1.5049999999999999,0,-0.49500000000000011,0.0023785866015834534,-2.0086526306598703e-05,1.9694549239468425e-05,1.6729719013442861e-08,6.2188955434212764e-06,0.48090401155028051,0.02442643777194111
1.51,0,-0.48999999999999999,0.0023785866015834534,-3.2154427703753881e-05,5.0064221692139786e-06,1.7791153112701842e-08,5.9740714041833599e-06,0.48090401155028051,0.02442643777194111
1.5149999999999999,0,-0.4850000000000001,0.0023785866015834534,-3.1623271974709923e-05,9.6652347014694017e-06,1.8751436981801418e-08,5.7353260738648088e-06,0.48090401155028051,0.02442643777194111
1.52,0,-0.47999999999999998,0.0023785866015834534,-1.7727769610038928e-05,3.4767324564954639e-05,1.9610543405092491e-08,5.5025883639482092e-06,0.48090401155028051,0.02442643777194111
1.5249999999999999,0,-0.47500000000000009,0.002144097681447452,-2.3317196503788468e-05,3.1437927679863121e-05,3.6648601795517885e-09,5.2969828092197551e-06,0.45562488217406488,0.022008251533736055
1.53,0,-0.46999999999999997,0.002144097681447452,-4.6042504255396015e-05,1.1921872754459153e-06,6.2672112135549263e-09,5.0754095148246045e-06,0.45562488217406488,0.022008251533736055
1.5349999999999999,0,-0.46500000000000008,0.002144097681447452,-5.4621072739894136e-05,-1.3367408838429788e-05,8.5597696704562349e-09,4.8597287641155463e-06,0.45562488217406488,0.022008251533736055
1.54,0,-0.45999999999999996,0.002144097681447452,-4.9772868354837516e-05,-1.2994080574471355e-05,1.0569977257151866e-08,4.6498613374742054e-06,0.45562488217406488,0.022008251533736055
1.5449999999999999,0,-0.45500000000000007,0.002144097681447452,-3.2169863463740927e-05,1.6091655415023177e-06,1.2322832230934824e-08,4.4457282528006952e-06,0.45562488217406488,0.022008251533736055
1.55,0,-0.44999999999999996,0.0019138096765947145,-3.2395773205267657e-06,2.402072742685096e-05,-2.2129040651982573e-08,4.2479899347424912e-06,0.43099776233176929,0.019632492580384357
1.5549999999999999,0,-0.44500000000000006,0.0019138096765947145,1.6715048650366862e-05,-1.2391347675374592e-05,-1.8933620931042619e-08,4.06604802635438e-06,0.43099776233176929,0.019632492580384357
1.5600000000000001,0,-0.43999999999999995,0.0019138096765947145,2.8785783301176352e-05,-2.9486329448383709e-05,-1.5318371317195513e-08,3.8890762141268399e-06,0.43099776233176929,0.019632492580384357
1.5649999999999999,0,-0.43500000000000005,0.0019031869167973601,3.1888638525025602e-05,-2.9518682115045428e-05,-2.5522672967318577e-09,3.7209176220072184e-06,0.42895355632537358,0.019522014923398428
1.5700000000000001,0,-0.42999999999999994,0.0019031869167973601,2.4260287471201901e-05,-1.8995291689430974e-05,-6.9713056051608938e-09,3.5480825330927099e-06,0.42895355632537358,0.019522014923398428
1.575,0,-0.42500000000000004,0.0019031869167973601,7.9093483855236717e-06,1.1854351683856931e-05,-1.0907523549026799e-08,3.3803430250770675e-06,0.42895355632537358,0.019522014923398428
1.5800000000000001,0,-0.41999999999999993,0.0016955957171315478,-1.6897852777340396e-05,2.9975393987827955e-05,8.6006264861597484e-09,3.2226538072652894e-06,0.4052538816269749,0.017377253284643353
1.585,0,-0.41500000000000004,0.0016955957171315478,-3.4810555666259716e-05,2.0651555270370925e-05,7.7835406448582308e-09,3.0749951258436946e-06,0.4052538816269749,0.017377253284643353
1.5900000000000001,0,-0.40999999999999992,0.0016955957171315478,-3.9340693296931515e-05,2.0515704190091868e-05,6.9588572491863674e-09,2.9316797621180276e-06,0.4052538816269749,0.017377253284643353
1.595,0,-0.40500000000000003,0.0016955957171315478,-2.9975711295140145e-05,2.990732170133492e-05,6.1269303650463212e-09,2.7926454748101088e-06,0.4052538816269749,0.017377253284643353
1.6000000000000001,0,-0.39999999999999991,0.0016955957171315478,-6.1765363030872903e-06,4.9183452117985174e-05,5.2881122889361278e-09,2.6578300008125627e-06,0.4052538816269749,0.017377253284643353
1.605,0,-0.39500000000000002,0.0015070392443099771,-2.0915439055764559e-05,2.3746297872289998e-05,-3.3707313234882877e-09,2.5312907876673149e-06,0.38157582542053464,0.0154290030279735
1.6100000000000001,0,-0.3899999999999999,0.0015003152123590547,-3.1575408692774191e-05,7.8015498713269402e-06,1.0711154262126315e-08,2.3989722411257419e-06,0.38034945801651271,0.015360598882967636
1.615,0,-0.38500000000000001,0.0015003152123590547,-3.0750285516809592e-05,2.6950933540802039e-06,1.0221603533031826e-08,2.2782640493767948e-06,0.38034945801651271,0.015360598882967636
1.6200000000000001,0,-0.37999999999999989,0.0015003152123590547,-1.966241898718997e-05,1.850215431023624e-05,9.5309019963012235e-09,2.161363147922252e-06,0.38034945801651271,0.015360598882967636
1.625,0,-0.375,0.001318734209901983,3.0144459791412516e-06,3.8273637209706079e-05,-9.7376567775038363e-09,2.049301630562735e-06,0.35683295192440978,0.013493739025219383
1.6299999999999999,0,-0.37000000000000011,0.001318734209901983,2.7446550519215739e-05,2.1795282670708015e-05,-9.4374680312756649e-09,1.9446390083863237e-06,0.35683295192440978,0.013493739025219383
1.635,0,-0.36499999999999999,0.001318734209901983,3.8988166679353113e-05,1.4180815242743464e-05,-9.111004736532011e-09,1.843409034965259e-06,0.35683295192440978,0.013493739025219383
1.6399999999999999,0,-0.3600000000000001,0.001318734209901983,3.7146501687148299e-05,1.5743035048773032e-05,-8.7592354610283084e-09,1.7455571410582747e-06,0.35683295192440978,0.013493739025219383
1.645,0,-0.35499999999999998,0.001318734209901983,2.1403316416294263e-05,2.6810893913498923e-05,-8.3831320668411537e-09,1.6510287154565338e-06,0.35683295192440978,0.013493739025219383
1.6499999999999999,0,-0.35000000000000009,0.0011416515619656813,-5.5609858589527053e-06,4.5487004995697053e-05,-6.5253827521730052e-09,1.5599616810036788e-06,0.3316160222143037,0.01166545481276908
1.655,0,-0.34499999999999997,0.0011416515619656813,2.4345927923503279e-05,2.5435011940938319e-05,-4.6847437251517207e-09,1.4762015095623634e-06,0.3316160222143037,0.01166545481276908
1.6599999999999999,0,-0.34000000000000008,0.0011416515619656813,4.0231220851735955e-05,1.6944483690146515e-05,-2.8583245437491288e-09,1.395384052060901e-06,0.3316160222143037,0.01166545481276908
1.665,0,-0.33499999999999996,0.0011389472328295382,4.090147418541086e-05,1.8025961291780665e-05,-9.3378141056477916e-09,1.3061814943891272e-06,0.33019826439370042,0.01162950397818501
1.6699999999999999,0,-0.33000000000000007,0.0011389472328295382,2.621201231723933e-05,2.8022685121550591e-05,-9.2980265243457586e-09,1.2278039428891659e-06,0.33019826439370042,0.01162950397818501
1.675,0,-0.32499999999999996,0.00097506805384577012,-2.5836787405406678e-06,4.7094643766153944e-05,1.1045547138555641e-08,1.1525931467423497e-06,0.30606123473423907,0.0099476626500395581
1.6799999999999999,0,-0.32000000000000006,0.00097506805384577012,-3.3023793330212238e-05,1.9622080891383055e-05,9.5337877557562545e-09,1.0856839615951721e-06,0.30606123473423907,0.0099476626500395581
1.6850000000000001,0,-0.31499999999999995,0.00097135185652765139,-5.0057497280064747e-05,4.9911053188654589e-06,-5.5129751685933621e-10,1.0293813715973195e-06,0.30435176697741934,0.0099072443001269554
1.6899999999999999,0,-0.31000000000000005,0.00097135185652765139,-5.143360972609466e-05,2.9028047231544936e-07,1.2469088635251982e-09,9.6325502386422894e-07,0.30435176697741934,0.0099072443001269554
1.6950000000000001,0,-0.30499999999999994,0.00097135185652765139,-3.904368062491549e-05,1.0614795332673469e-05,2.8307532470100996e-09,8.9983334436020805e-07,0.30435176697741934,0.0099072443001269554
1.7,0,-0.30000000000000004,0.00097135185652765139,-1.3586978892476926e-05,3.5273263136466852e-05,4.2192863546214836e-09,8.3905990018876241e-07,0.30435176697741934,0.0099072443001269554
1.7050000000000001,0,-0.29499999999999993,0.0008284279673120027,1.5812889209690574e-05,3.8837060988996996e-05,-2.6107629654608919e-09,7.8428244296301928e-07,0.28139917826749733,0.0084308319120704744
1.71,0,-0.29000000000000004,0.0008284279673120027,3.0086739035641653e-05,2.4954713022698378e-05,-8.9709286993189575e-10,7.3481981116622981e-07,0.28139917826749733,0.0084308319120704744
1.7150000000000001,0,-0.28499999999999992,0.0008284279673120027,3.0617725258460603e-05,2.9066043449373923e-05,7.6474007369215374e-10,6.8742143250718491e-07,0.28139917826749733,0.0084308319120704744
1.72,0,-0.28000000000000003,0.00082558688904468347,1.6669366640117076e-05,4.9184242909386048e-05,-2.301714936665898e-09,6.3814363768974389e-07,0.28027420150763288,0.0084021545995518164
1.7250000000000001,0,-0.27499999999999991,0.00069469549735213187,-6.966711305696148e-06,5.6466140691646441e-05,2.5537981826674695e-09,5.9371975193337853e-07,0.25709359819732991,0.0070624687858642007
1.73,0,-0.27000000000000002,0.00069469549735213187,-2.2781129823094743e-05,5.0353179913944681e-05,2.5184539310500459e-09,5.5245874082881342e-07,0.25709359819732991,0.0070624687858642007
1.7350000000000001,0,-0.2649999999999999,0.00069469549735213187,-2.8908419534681753e-05,4.7317299638501559e-05,2.4801560633301912e-09,5.1304706617485413e-07,0.25709359819732991,0.0070624687858642007
1.74,0,-0.26000000000000001,0.00069377746189003319,-2.4810656393035704e-05,4.5636568958530817e-05,1.7044047222752808e-09,4.7750361311131089e-07,0.25637477381956131,0.0070476277290107761
1.7450000000000001,0,-0.25499999999999989,0.00069377746189003319,-1.0964379305800965e-05,4.6640983732539981e-05,1.7635945305774651e-09,4.4096579382041313e-07,0.25637477381956131,0.0070476277290107761
1.75,0,-0.25,0.00056671777290632748,3.7752998750345883e-06,4.6463861855358591e-05,1.3594373809626773e-09,4.0642559049233315e-07,0.2309813893312882,0.0057396579788791553
1.7549999999999999,0,-0.24500000000000011,0.00056671777290632748,-2.2381765480370989e-05,2.6692282497322496e-05,1.5204937534251954e-09,3.7492658332721749e-07,0.2309813893312882,0.0057396579788791553
1.76,0,-0.23999999999999999,0.00056671777290632748,-3.3560678162792284e-05,1.7361441044386473e-05,1.6496272318825378e-09,3.4500047713617385e-07,0.2309813893312882,0.0057396579788791553
1.7649999999999999,0,-0.2350000000000001,0.00056671777290632748,-3.0352631231158587e-05,1.8076394712434952e-05,1.7500948156795371e-09,3.1660815374157777e-07,0.2309813893312882,0.0057396579788791553
1.77,0,-0.22999999999999998,0.00056671777290632748,-1.331810942397955e-05,2.8462714849758136e-05,1.8248914348196198e-09,2.8971056094164101e-07,0.2309813893312882,0.0057396579788791553
1.7749999999999999,0,-0.22500000000000009,0.00045792554281647702,1.5765520046357474e-05,3.0020824959149252e-05,-2.7526917522236361e-09,2.6516818698937791e-07,0.20779503938953758,0.0046257296535474066
1.78,0,-0.21999999999999997,0.00045792554281647702,3.7956736723667132e-05,5.7713115848940515e-06,-1.820104584494591e-09,2.4391562434624561e-07,0.20779503938953758,0.0046257296535474066
1.7849999999999999,0,-0.21500000000000008,0.00045792554281647702,4.6476194850777312e-05,-3.2734525472688245e-06,-9.1102072788955482e-10,2.2380059134859139e-07,0.20779503938953758,0.0046257296535474066
1.79,0,-0.20999999999999996,0.00045792554281647702,4.0586064150395371e-05,3.6364884786799741e-06,-2.6500654258761142e-11,2.0479208949182823e-07,0.20779503938953758,0.0046257296535474066
1.7949999999999999,0,-0.20500000000000007,0.00045568072043591159,1.9548524606657245e-05,2.335926179420121e-05,-2.6181467019817435e-09,1.834281508012419e-07,0.20615621844252396,0.0046003501124276727
1.8,0,-0.19999999999999996,0.00035367888151047069,-1.0306636638330537e-05,3.1087920658918577e-05,1.4171835250512159e-09,1.6582784416676508e-07,0.18169198497588221,0.0035622783305936639
1.8049999999999999,0,-0.19500000000000006,0.00035367888151047069,-3.1080104798283726e-05,2.4469248941695751e-05,1.3381452589914042e-09,1.5016558023625679e-07,0.18169198497588221,0.0035622783305936639
1.8100000000000001,0,-0.18999999999999995,0.00035367888151047069,-4.1204939055849323e-05,2.2010540923407084e-05,1.2591867599147002e-09,1.3546782016984428e-07,0.18169198497588221,0.0035622783305936639
1.8149999999999999,0,-0.18500000000000005,0.00035281494151657338,-3.9644855460190304e-05,2.2172188432532111e-05,5.7539902516837116e-10,1.2317568634446801e-07,0.18063801979754582,0.0035471613610597451
1.8200000000000001,0,-0.17999999999999994,0.00035281494151657338,-2.7086508771633402e-05,2.6085927718806973e-05,6.7118502878427241e-10,1.0969612790668941e-07,0.18063801979754582,0.0035471613610597451
1.825,0,-0.17500000000000004,0.00035281494151657338,-4.022850451625339e-06,3.4091394083093729e-05,7.5108690573783053e-10,9.7156533912932588e-08,0.18063801979754582,0.0035471613610597451
1.8300000000000001,0,-0.16999999999999993,0.00026340004343144703,-1.4147768584185518e-05,1.6666483158845732e-05,5.9056841905890705e-10,8.6411259422837238e-08,0.15524645322264732,0.0026292783028784308
1.835,0,-0.16500000000000004,0.00026340004343144703,-3.021184854145567e-05,-3.8677285479506011e-09,6.2090586626840761e-10,7.6826412710705034e-08,0.15524645322264732,0.0026292783028784308
1.8400000000000001,0,-0.15999999999999992,0.00026340004343144703,-3.1680256809024331e-05,-7.9216359520751882e-07,6.3592435796012928e-10,6.7937238727857381e-08,0.15524645322264732,0.0026292783028784308
1.845,0,-0.15500000000000003,0.00026340004343144703,-1.9284251725412491e-05,1.3545218380150263e-05,6.3811013541070517e-10,5.9718471092314581e-08,0.15524645322264732,0.0026292783028784308
1.8500000000000001,0,-0.14999999999999991,0.00019141112636397319,4.8560133156074826e-06,2.6486487552634587e-05,-1.1799088081363248e-09,5.2257882732541521e-08,0.13193579160163038,0.0019027959607575177
1.855,0,-0.14500000000000002,0.00019141112636397319,2.3181848629029039e-05,-7.0692048299316105e-06,-1.0014370320030026e-09,4.5867335613673544e-08,0.13193579160163038,0.0019027959607575177
1.8600000000000001,0,-0.1399999999999999,0.00019141112636397319,3.2463138750897684e-05,-2.1116670679101197e-05,-8.1658914907163049e-10,3.9993574307654679e-08,0.13193579160163038,0.0019027959607575177
1.865,0,-0.13500000000000001,0.00018843899733917151,3.1753848265248929e-05,-1.6861739750110364e-05,-3.3296832462879435e-10,3.473806413159041e-08,0.13006847276356343,0.0018690721559389842
1.8700000000000001,0,-0.12999999999999989,0.00018843899733917151,2.0000234389108469e-05,-1.6948824480437648e-06,-4.8016240543484087e-10,2.9519914866134068e-08,0.13006847276356343,0.0018690721559389842
1.875,0,-0.125,0.00018843899733917151,-6.3381619335884122e-07,3.3181801168267151e-05,-5.8767928784651398e-10,2.4804485496165967e-08,0.13006847276356343,0.0018690721559389842
1.8799999999999999,0,-0.12000000000000011,0.00012882876226052314,-1.9065536966787964e-05,3.1929258593215491e-05,3.0662168536269093e-11,2.1352018638224103e-08,0.10694388101247664,0.0012629813616974823
1.885,0,-0.11499999999999999,0.00012882876226052314,-2.689038892043854e-05,2.7535666614859798e-05,-2.0340086570935364e-11,1.8323990306014405e-08,0.10694388101247664,0.0012629813616974823
1.8899999999999999,0,-0.1100000000000001,0.00012882876226052314,-2.4227065508229785e-05,2.6771925351701302e-05,-6.3864168634959078e-11,1.5589952023451064e-08,0.10694388101247664,0.0012629813616974823
1.895,0,-0.10499999999999998,0.00012882876226052314,-1.0838540525139823e-05,2.9716787585576385e-05,-1.0024996845955309e-10,1.3135045350381087e-08,0.10694388101247664,0.0012629813616974823
1.8999999999999999,0,-0.10000000000000009,7.8612850513058418e-05,1.2909995963451203e-05,2.3419828748229026e-05,-5.3574585022987025e-11,1.0847756071185434e-08,0.081239218934237301,0.000756601983759838
1.905,0,-0.094999999999999973,7.8612850513058418e-05,2.9394468079782935e-05,1.5324366121274514e-05,-6.9642226912028829e-11,8.7917902378826729e-09,0.081239218934237301,0.000756601983759838
1.9099999999999999,0,-0.09000000000000008,7.8612850513058418e-05,3.5852673523231533e-05,1.1069298184189664e-05,-8.1120282448696195e-11,6.9951483304590435e-09,0.081239218934237301,0.000756601983759838
1.915,0,-0.084999999999999964,7.8612850513058418e-05,3.2518402108220035e-05,1.0569450734075704e-05,-8.8536019945932621e-11,5.4410840149628958e-09,0.081239218934237301,0.000756601983759838
1.9199999999999999,0,-0.080000000000000071,7.8612850513058418e-05,1.961823493895189e-05,1.3742276299786234e-05,-9.239176742179742e-11,4.1128720664748826e-09,0.081239218934237301,0.000756601983759838
1.925,0,-0.074999999999999956,7.8612850513058418e-05,-2.6281798724080187e-06,2.0507753674957186e-05,-9.3166153211315665e-11,2.9938075519673466e-09,0.081239218934237301,0.000756601983759838
1.9299999999999999,0,-0.070000000000000062,3.9929197593643924e-05,-2.7561666300297789e-05,-9.6894487648206108e-06,1.1288569504118324e-10,2.3245758619941914e-09,0.056624404441112768,0.00037253914431609284
1.9350000000000001,0,-0.064999999999999947,3.9929197593643924e-05,-4.0896678773826598e-05,-2.4635525829412802e-05,7.8839828054615208e-11,1.7665748385527692e-09,0.056624404441112768,0.00037253914431609284
1.9399999999999999,0,-0.060000000000000053,3.9929197593643924e-05,-4.1842484970264722e-05,-2.204670381912669e-05,4.9599319411367643e-11,1.3027613063358351e-09,0.056624404441112768,0.00037253914431609284
1.9450000000000001,0,-0.054999999999999938,3.9063298132523086e-05,-2.9562529534263188e-05,-1.4548064889824183e-06,1.5059948482859661e-11,9.3188153417071008e-10,0.055013767577222566,0.00036048909306798612
1.95,0,-0.050000000000000044,3.9063298132523086e-05,-3.2710269229121636e-06,3.0781056779133514e-05,3.2729675467320727e-11,5.9898733312203059e-10,0.055013767577222566,0.00036048909306798612
1.9550000000000001,0,-0.044999999999999929,1.4669835054465354e-05,-1.8403948388122543e-06,3.090120741719378e-05,5.3917696627343316e-13,4.0462766043094946e-10,0.031073566582405614,0.00012495256337233016
1.96,0,-0.040000000000000036,1.4669835054465354e-05,-1.6210500780146621e-06,3.0703852483733507e-05,2.5980204617573484e-14,2.564319857122643e-10,0.031073566582405614,0.00012495256337233016
1.9650000000000001,0,-0.03499999999999992,1.4669835054465354e-05,-2.3583944945926667e-06,3.0532857626475518e-05,-2.8694053289800994e-13,1.4787904873016404e-10,0.031073566582405614,0.00012495256337233016
1.97,0,-0.030000000000000027,1.4669835054465354e-05,-4.0542668552840813e-06,3.0388269893702274e-05,-4.3664878970603008e-13,7.3043024836890267e-11,0.031073566582405614,0.00012495256337233016
1.9750000000000001,0,-0.024999999999999911,2.217463959131718e-06,-2.8830710533327805e-06,2.6077405294488682e-05,-1.5010629663161953e-12,2.7888057737620207e-11,0.006941990378469428,1.1065637827231562e-05
1.98,0,-0.020000000000000018,2.0489171099414196e-06,2.3537970436171327e-05,-5.1601387871878289e-06,1.3208248703013349e-13,1.444362277688709e-11,0.0052297692458901229,8.2532315647248033e-06
1.9850000000000001,0,-0.014999999999999902,2.0489171099414196e-06,3.5793060998161472e-05,-2.4589306263564061e-05,4.3155272786784707e-14,5.5650885001429512e-12,0.0052297692458901229,8.2532315647248033e-06
1.99,0,-0.010000000000000009,2.0489171099414196e-06,3.465255418041804e-05,-2.6329085148376717e-05,3.0530541655204918e-15,1.336557673202755e-12,0.0052297692458901229,8.2532315647248033e-06
1.9950000000000001,0,-0.0049999999999998934,2.0489171099414196e-06,2.0857121814058562e-05,-1.1292032279233078e-05,-3.7984089096817407e-15,5.0118906234686422e-14,0.0052297692458901229,8.2532315647248033e-06
2,0,0,2.0489171099414196e-06,-4.9061627871781187e-06,1.967533263476177e-05,-0,-0,0.0052297692458901229,8.2532315647248033e-06
2.0049999999999999,0,0.0049999999999998934,0,-1.475960217944245e-05,1.90311094127329e-05,-0,-0,-0.019431692116715311,0
2.0099999999999998,0,0.0099999999999997868,0,-1.9879262832636156e-05,1.9152199539079937e-05,-0,-0,-0.019431692116715311,0
2.0150000000000001,0,0.015000000000000124,0,-2.0216289082148824e-05,2.0046213813775361e-05,-0,-0,-0.019431692116715311,0
2.02,0,0.020000000000000018,0,-1.572115078639226e-05,2.1720868118593052e-05,-0,0,-0.019431692116715311,0
2.0249999999999999,0,0.024999999999999911,0,-6.3436316471164457e-06,2.4183985236773434e-05,-0,0,-0.019431692116715311,0
2.0299999999999998,0,0.029999999999999805,0,-1.5170199294595089e-05,6.295417683108763e-06,0,0,-0.043919390894186318,0
2.0350000000000001,0,0.035000000000000142,0,-2.9693580032271991e-05,-1.0910814944253338e-05,0,0,-0.043919390894186318,0
2.04,0,0.040000000000000036,0,-3.2371580341807324e-05,-8.6232976487960679e-06,0,0,-0.043919390894186318,0
2.0449999999999999,0,0.044999999999999929,0,-2.2010129891482919e-05,6.9290414471217501e-06,-0,0,-0.045172726031273126,0
2.0499999999999998,0,0.049999999999999822,0,1.1554447100884692e-06,3.1828695904304594e-05,0,0,-0.068394347278554035,0
2.0550000000000002,0,0.05500000000000016,0,2.9158105435748973e-05,-1.8019392497598691e-07,0,0,-0.068394347278554035,0
2.0600000000000001,0,0.060000000000000053,0,4.480595465432141e-05,-1.6759256041576931e-05,-0,0,-0.07030451787958214,0
2.0649999999999999,0,0.064999999999999947,0,4.5566276471133107e-05,-2.1949942577904521e-05,0,0,-0.07030451787958214,0
2.0699999999999998,0,0.06999999999999984,0,3.3468082473590944e-05,-1.0101258252792016e-05,0,0,-0.07030451787958214,0
2.0750000000000002,0,0.075000000000000178,0,9.2193069825744816e-06,1.7928854407817712e-05,0,0,-0.07030451787958214,0
2.0800000000000001,0,0.080000000000000071,0,-1.1661800277655332e-05,2.5693873119546243e-05,-0,0,-0.094483007741219913,0
2.085,0,0.084999999999999964,0,-2.1214592581035437e-05,2.3276423038374786e-05,-0,0,-0.094483007741219913,0
2.0899999999999999,0,0.089999999999999858,0,-2.2493818345106177e-05,2.3182724908935162e-05,-0,0,-0.094483007741219913,0
2.0950000000000002,0,0.095000000000000195,0,-1.5347899046458266e-05,2.5453787485179603e-05,-0,0,-0.094483007741219913,0
2.1000000000000001,0,0.10000000000000009,0,3.7846924553711904e-07,3.0131627396670017e-05,-0,0,-0.094483007741219913,0
2.105,0,0.10499999999999998,0,-1.9208834072153192e-05,1.0891405593432873e-05,0,0,-0.11920227338556563,0
2.1099999999999999,0,0.10999999999999988,0,-3.857400013783284e-05,-3.8741071003280599e-06,0,0,-0.11920227338556563,0
2.1150000000000002,0,0.11500000000000021,0,-4.4147679179234367e-05,-4.9601360452807909e-06,0,0,-0.11920227338556563,0
2.1200000000000001,0,0.12000000000000011,0,-3.4238359437385813e-05,4.9423002690925707e-06,-0,0,-0.1206426130595057,0
2.125,0,0.125,0,-9.4370226596751816e-06,2.6772614459258696e-05,0,0,-0.1206426130595057,0
2.1299999999999999,0,0.12999999999999989,0,2.4019533835461494e-05,2.2839523945821245e-05,0,0,-0.14452253091171585,0
2.1349999999999998,0,0.13499999999999979,0,4.6490140751615601e-05,6.149093704008113e-06,-0,0,-0.14452253091171585,0
2.1400000000000001,0,0.14000000000000012,0,5.4194214401641213e-05,-3.212945643254952e-08,0,0,-0.14629910700651921,0
2.145,0,0.14500000000000002,0,4.6477069620324997e-05,5.8806780316343217e-06,0,0,-0.14629910700651921,0
2.1499999999999999,0,0.14999999999999991,0,2.469644258209761e-05,2.5926634802883577e-05,0,0,-0.14629910700651921,0
2.1549999999999998,0,0.1549999999999998,0,-6.0044759656928584e-06,3.167329394488397e-05,-0,0,-0.16978092926353747,0
2.1600000000000001,0,0.16000000000000014,0,-2.5504239386452798e-05,1.1352259541845359e-05,-0,0,-0.16978092926353747,0
2.165,0,0.16500000000000004,0,-3.2333508706035416e-05,7.453650771191978e-06,0,0,-0.16978092926353747,0
2.1699999999999999,0,0.16999999999999993,0,-2.4887212784658153e-05,1.4066607507090861e-05,-0,0,-0.17102592001110958,0
2.1749999999999998,0,0.17499999999999982,0,-3.7158765565353167e-06,3.7213266203253015e-05,-0,0,-0.17102592001110958,0
2.1800000000000002,0,0.18000000000000016,0,1.1363377064067794e-05,5.1323656542771697e-05,0,0,-0.19528525817523529,0
2.1850000000000001,0,0.18500000000000005,0,1.5315459767428829e-05,5.2789897948289894e-05,0,0,-0.19528525817523529,0
2.1899999999999999,0,0.18999999999999995,0,1.6893335320130724e-05,5.443292598532139e-05,0,0,-0.19528525817523529,0
2.1949999999999998,0,0.19499999999999984,0,1.6084833395614008e-05,5.6253689879071999e-05,0,0,-0.19528525817523529,0
2.2000000000000002,0,0.20000000000000018,0,1.2877700337723514e-05,5.825314535062839e-05,0,0,-0.19528525817523529,0
2.2050000000000001,0,0.20500000000000007,0,1.4098634187325562e-05,5.0640489713441879e-05,-0,0,-0.21868725792400387,0
2.21,0,0.20999999999999996,0,2.4453570616469082e-05,3.2162801683713881e-05,0,0,-0.219733038676558,0
2.2149999999999999,0,0.21499999999999986,0,2.5523981144562008e-05,2.3154845177655003e-05,0,0,-0.219733038676558,0
2.2200000000000002,0,0.2200000000000002,0,1.7791482894759206e-05,3.7477504813830346e-05,-0,0,-0.219733038676558,0
2.2250000000000001,0,0.22500000000000009,0,-3.482240715402263e-06,2.5724209379984846e-05,-0,0,-0.24303724568855581,0
2.23,0,0.22999999999999998,0,-2.4110164961083518e-05,-7.815304822422375e-06,-0,0,-0.24303724568855581,0
2.2349999999999999,0,0.23499999999999988,0,-3.5310148492672259e-05,-2.2891638446416138e-05,-0,0,-0.24303724568855581,0
2.2400000000000002,0,0.24000000000000021,0,-3.5895224165302343e-05,-2.0331703861971615e-05,-0,0,-0.24508043370720733,0
2.2450000000000001,0,0.24500000000000011,0,-2.4086515025031655e-05,-5.9324524703021961e-06,-0,0,-0.24508043370720733,0
2.25,0,0.25,0,-2.8196518030497522e-06,2.6486468973554954e-05,-0,0,-0.24508043370720733,0
2.2549999999999999,0,0.25499999999999989,0,4.4167718164249954e-06,4.8330014657267553e-05,0,0,-0.26925398777943987,0
2.2599999999999998,0,0.25999999999999979,0,-5.5681430580358966e-06,4.5090149681479048e-05,0,0,-0.26925398777943987,0
2.2650000000000001,0,0.26500000000000012,0,-6.9003686433073712e-06,4.4247190212283314e-05,0,0,-0.26925398777943987,0
2.27,0,0.27000000000000002,0,2.7401837955299574e-07,4.5762281161298989e-05,0,0,-0.26925398777943987,0
2.2749999999999999,0,0.27499999999999991,0,1.7234695293111448e-05,2.6783443956544098e-05,-0,0,-0.29206049105810927,0
2.2799999999999998,0,0.2799999999999998,0,3.2206385334800726e-05,-4.149029507309909e-06,-0,0,-0.29206049105810927,0
2.2850000000000001,0,0.28500000000000014,0,3.8611635114073644e-05,-1.4402578026227985e-05,-0,0,-0.29206049105810927,0
2.29,0,0.29000000000000004,0,3.4104415339507813e-05,-1.4889226899571239e-05,0,0,-0.29406964751518583,0
2.2949999999999999,0,0.29499999999999993,0,2.1357163967757333e-05,3.8045802784061368e-06,0,0,-0.29406964751518583,0
2.2999999999999998,0,0.29999999999999982,0,1.5402308687964395e-06,2.8757861198397957e-05,-0,0,-0.31815279616742453,0
2.3050000000000002,0,0.30500000000000016,0,-1.450966156568725e-05,2.0808153605649496e-05,-0,0,-0.31815279616742453,0
2.3100000000000001,0,0.31000000000000005,0,-2.1377853369218926e-05,1.5814831681022602e-05,-0,0,-0.31815279616742453,0
2.3149999999999999,0,0.31499999999999995,0,-1.8871050804723526e-05,1.3838892229721736e-05,-0,0,-0.31815279616742453,0
2.3199999999999998,0,0.31999999999999984,0,-6.7904960040140056e-06,1.4943056341384663e-05,-0,0,-0.31815279616742453,0
2.3250000000000002,0,0.32500000000000018,0,7.4363173075182864e-06,1.8013828216330036e-05,-0,0,-0.34448556630578253,0
2.3300000000000001,0,0.33000000000000007,0,-1.3605600605257693e-06,1.813421641415636e-05,-0,0,-0.34448556630578253,0
2.335,0,0.33499999999999996,0,-6.0980056316778598e-06,1.8791567438379064e-05,-0,0,-0.34448556630578253,0
2.3399999999999999,0,0.33999999999999986,0,-6.7405503365449045e-06,1.9990549498458745e-05,-0,0,-0.34448556630578253,0
2.3450000000000002,0,0.3450000000000002,0,-3.25231072646336e-06,2.1735885343074834e-05,-0,0,-0.34448556630578253,0
2.3500000000000001,0,0.35000000000000009,0,4.4030170956337711e-06,2.4032353058924157e-05,-0,0,-0.34448556630578253,0
2.355,0,0.35499999999999998,0,-2.5104242761277653e-06,1.3614477774227388e-05,-0,0,-0.36920476157699739,0
2.3599999999999999,0,0.35999999999999988,0,-2.077158456489299e-05,-1.6095262478398383e-06,-0,0,-0.36920476157699739,0
2.3650000000000002,0,0.36500000000000021,0,-2.4764439961223048e-05,-1.2190212050171561e-06,0,0,-0.36920476157699739,0
2.3700000000000001,0,0.37000000000000011,0,-1.3721483987927714e-05,1.4293105307724058e-05,-0,0,-0.37018084653161981,0
2.375,0,0.375,0,7.4585061723903744e-06,3.8496514636347452e-05,-0,0,-0.39417346711034223,0
2.3799999999999999,0,0.37999999999999989,0,-3.4866857001619021e-06,3.7249466478563353e-05,0,0,-0.39417346711034223,0
2.3849999999999998,0,0.38499999999999979,0,-9.3917511094805057e-06,3.6727487158682869e-05,0,0,-0.39417346711034223,0
2.3900000000000001,0,0.39000000000000012,0,-1.0308359481869577e-05,3.6923234005273877e-05,0,0,-0.39417346711034223,0
2.395,0,0.39500000000000002,0,-6.2874764222039644e-06,3.7829464366046958e-05,0,0,-0.39417346711034223,0
2.3999999999999999,0,0.39999999999999991,0,2.6206243427546741e-06,3.9439033910606493e-05,0,0,-0.39417346711034223,0
2.4049999999999998,0,0.4049999999999998,0,1.4516121496472423e-05,3.8364299754760294e-05,0,0,-0.41849187370877805,0
2.4100000000000001,0,0.41000000000000014,0,1.9984397021478309e-05,3.8399350639693878e-05,0,0,-0.41849187370877805,0
2.415,0,0.41500000000000004,0,1.8580185332806968e-05,3.9948951106470048e-05,0,0,-0.41849187370877805,0
2.4199999999999999,0,0.41999999999999993,0,1.020480269432971e-05,4.30325844432118e-05,0,0,-0.41849187370877805,0
2.4249999999999998,0,0.42499999999999982,0,-8.4635132659373069e-06,4.1641042810315626e-05,0,0,-0.44336604526597084,0
2.4300000000000002,0,0.43000000000000016,0,-2.8401816484371481e-05,3.107499031774735e-05,0,0,-0.44336604526597084,0
2.4350000000000001,0,0.43500000000000005,0,-3.5780826543705312e-05,2.6162623339782539e-05,0,0,-0.44336604526597084,0
2.4399999999999999,0,0.43999999999999995,0,-3.0959977565482813e-05,2.6745283069524488e-05,0,0,-0.44336604526597084,0
2.4449999999999998,0,0.44499999999999984,0,-1.4285116309976252e-05,3.2670308148564537e-05,0,0,-0.44336604526597084,0
2.4500000000000002,0,0.45000000000000018,0,1.4581860093858075e-05,1.3373952843797999e-05,-0,0,-0.46759262215003428,0
2.4550000000000001,0,0.45500000000000007,0,3.785341573068438e-05,-1.4863854945564108e-05,-0,0,-0.46759262215003428,0
2.46,0,0.45999999999999996,0,4.848803529611997e-05,-2.8429586501635403e-05,0,0,-0.46979028800388078,0
2.4649999999999999,0,0.46499999999999986,0,4.5166591491801923e-05,-2.9214503710446578e-05,0,0,-0.46979028800388078,0
2.4700000000000002,0,0.4700000000000002,0,3.0432730916301143e-05,-1.296690645217711e-05,0,0,-0.46979028800388078,0
2.4750000000000001,0,0.47500000000000009,0,4.9377926881302391e-06,1.9441828690622497e-05,0,0,-0.46979028800388078,0
2.48,0,0.47999999999999998,0,-2.4729549241482e-05,1.3023350709491684e-05,-0,0,-0.49425836097243586,0
2.4849999999999999,0,0.48499999999999988,0,-4.2599939768479679e-05,-6.0605722592124082e-07,-0,0,-0.49425836097243586,0
2.4900000000000002,0,0.49000000000000021,0,-4.7264405592372561e-05,-1.1070802189533737e-07,-0,0,-0.49425836097243586,0
2.4950000000000001,0,0.49500000000000011,0,-3.8040955812652287e-05,1.5189538728862566e-05,-0,0,-0.49425836097243586,0
2.5,0,0.5,0,-1.419985018514708e-05,4.6022443663709599e-05,-0,0,-0.49425836097243586,0
2.5049999999999999,0,0.50499999999999989,0,1.6386863671585918e-05,3.5656132046782558e-05,-0,0,-0.52018891104427367,0
2.5099999999999998,0,0.50999999999999979,0,3.2780052594438307e-05,1.3771554648883021e-05,-0,0,-0.52018891104427367,0
2.5150000000000001,0,0.51500000000000012,0,3.4911112578198064e-05,9.1334299141215386e-06,-0,0,-0.52018891104427367,0
2.52,0,0.52000000000000002,0,2.3527277634130099e-05,2.0921768505933571e-05,-0,0,-0.52018891104427367,0
2.5249999999999999,0,0.52499999999999991,0,-6.7558387591862755e-07,4.8372950520248316e-05,-0,0,-0.52018891104427367,0
2.5299999999999998,0,0.5299999999999998,0,-2.7463626853049998e-05,1.9546518313983915e-05,-0,0,-0.54377218377193604,0
2.5350000000000001,0,0.53500000000000014,0,-4.2514440557386612e-05,5.6428332376974153e-06,-0,0,-0.54377218377193604,0
2.54,0,0.54000000000000004,0,-4.514365595248061e-05,8.2424310415942939e-06,-0,0,-0.54377218377193604,0
2.5449999999999999,0,0.54499999999999993,0,-3.4637250795077611e-05,2.8209007283366195e-05,0,0,-0.54377218377193604,0
2.5499999999999998,0,0.54999999999999982,0,-9.6418014102425093e-06,5.9630933002688769e-05,-0,0,-0.54523957137818291,0
2.5550000000000002,0,0.55500000000000016,0,1.625235414060703e-05,6.2979959811015857e-05,0,0,-0.56826549921322733,0
2.5600000000000001,0,0.56000000000000005,0,2.7737172063043178e-05,5.896971049895299e-05,0,0,-0.56826549921322733,0
2.5649999999999999,0,0.56499999999999995,0,2.5466245377559522e-05,5.9552436731378582e-05,-0,0,-0.56919025071140272,0
2.5699999999999998,0,0.56999999999999984,0,9.5581654748587408e-06,6.4343924818928717e-05,-0,0,-0.56919025071140272,0
2.5750000000000002,0,0.57500000000000018,0,-1.9179964941944782e-05,4.803731164169902e-05,0,0,-0.59189990069218967,0
2.5800000000000001,0,0.58000000000000007,0,-3.8480961191939089e-05,1.6989262727698385e-05,0,0,-0.593326405823973,0
2.585,0,0.58499999999999996,0,-4.401353488270055e-05,2.1029464181860095e-06,0,0,-0.593326405823973,0
2.5899999999999999,0,0.58999999999999986,0,-3.6791117159582566e-05,4.1277205823788302e-06,0,0,-0.593326405823973,0
2.5950000000000002,0,0.5950000000000002,0,-1.7499681717152323e-05,2.2227052959539944e-05,0,0,-0.593326405823973,0
2.6000000000000001,0,0.60000000000000009,0,1.1222038341009585e-05,1.6279360714808186e-05,0,0,-0.61743255338988012,0
2.605,0,0.60499999999999998,0,3.239419407938453e-05,-1.2519343898560711e-05,0,0,-0.61743255338988012,0
2.6099999999999999,0,0.60999999999999988,0,4.1928280091140882e-05,-2.446136525502903e-05,0,0,-0.61743255338988012,0
2.6150000000000002,0,0.61500000000000021,0,3.9120564231001803e-05,-1.8619333048669222e-05,-0,0,-0.61743255338988012,0
2.6200000000000001,0,0.62000000000000011,0,2.2366219364346419e-05,-1.1387060735397683e-06,0,0,-0.61935549700778725,0
2.625,0,0.625,0,-5.7071569512868371e-06,3.2055438570324429e-05,-0,0,-0.64407681926907601,0
2.6299999999999999,0,0.62999999999999989,0,-6.8577419446868761e-06,3.1789703876226032e-05,-0,0,-0.64407681926907601,0
2.6349999999999998,0,0.63499999999999979,0,-7.0912615309372515e-06,3.1545658998515476e-05,-0,0,-0.64407681926907601,0
2.6400000000000001,0,0.64000000000000012,0,-6.4059872933842621e-06,3.1323349135814563e-05,-0,0,-0.64407681926907601,0
2.645,0,0.64500000000000002,0,-4.8001864692390862e-06,3.1122819600397659e-05,-0,0,-0.64407681926907601,0
2.6499999999999999,0,0.64999999999999991,0,-2.2721219359082703e-06,3.0944115818548986e-05,-0,0,-0.64407681926907601,0
2.6549999999999998,0,0.6549999999999998,0,-2.7706191209501783e-05,-7.6871470320012415e-07,0,0,-0.66826753949360229,0
2.6600000000000001,0,0.66000000000000014,0,-4.1233289603712535e-05,-1.7244740533207901e-05,-0,0,-0.66986963185436477,0
2.665,0,0.66500000000000004,0,-4.0581881072160864e-05,-2.0456183085102995e-05,-0,0,-0.66986963185436477,0
2.6699999999999999,0,0.66999999999999993,0,-2.7417765326904212e-05,-5.6288577101481051e-06,-0,0,-0.66986963185436477,0
2.6749999999999998,0,0.67499999999999982,0,-2.8658709988512346e-06,2.557650235938066e-05,0,0,-0.69442396540756701,0
2.6800000000000002,0,0.68000000000000016,0,2.9962468726580429e-06,2.5839785799947878e-05,0,0,-0.69442396540756701,0
2.6850000000000001,0,0.68500000000000005,0,5.7978646671969968e-06,2.6411461831029282e-05,0,0,-0.69442396540756701,0
2.6899999999999999,0,0.68999999999999995,0,5.5191269694994328e-06,2.7293465712240501e-05,0,0,-0.69442396540756701,0
2.6949999999999998,0,0.69499999999999984,0,2.1400062683317516e-06,2.8487749478976792e-05,0,0,-0.69442396540756701,0
2.7000000000000002,0,0.70000000000000018,0,-4.3596989121003626e-06,2.9996282124562175e-05,0,0,-0.69442396540756701,0
2.7050000000000001,0,0.70500000000000007,0,8.0118715343162277e-06,8.4716581608737123e-06,-0,0,-0.71943708685944885,0
2.71,0,0.70999999999999996,0,2.4261345274569481e-05,-1.1289904498834663e-05,-0,0,-0.71943708685944885,0
2.7149999999999999,0,0.71499999999999986,0,2.9785106547771186e-05,-1.4205428333429125e-05,0,0,-0.72107105236059976,0
2.7200000000000002,0,0.7200000000000002,0,2.3073861872708765e-05,-3.9546495537709549e-06,0,0,-0.72107105236059976,0
2.7250000000000001,0,0.72500000000000009,0,5.1921418834757829e-06,2.5417489062021753e-05,0,0,-0.72107105236059976,0
2.73,0,0.72999999999999998,0,-1.9052092220580344e-05,2.9798120848024552e-05,-0,0,-0.74388740633723638,0
2.7349999999999999,0,0.73499999999999988,0,-3.3179125453570813e-05,1.2828944687451044e-05,-0,0,-0.74388740633723638,0
2.7400000000000002,0,0.74000000000000021,0,-3.5204274511262433e-05,1.4875168780336875e-05,0,0,-0.74388740633723638,0
2.7450000000000001,0,0.74500000000000011,0,-2.4185871593883303e-05,3.3437666313479447e-05,-0,0,-0.74509983992783857,0
2.75,0,0.75,0,-6.7502054957781957e-06,5.5133816518535912e-05,0,0,-0.76824091923772553,0
2.7549999999999999,0,0.75499999999999989,0,-7.9938149847829555e-06,5.2023331086584635e-05,0,0,-0.76824091923772553,0
2.7599999999999998,0,0.75999999999999979,0,-8.696294233688591e-06,4.8925663392398472e-05,0,0,-0.76824091923772553,0
2.7650000000000001,0,0.76500000000000012,0,-8.8582500019178057e-06,4.584079899867167e-05,0,0,-0.76824091923772553,0
2.77,0,0.77000000000000002,0,-8.4802881420493222e-06,4.276872348967989e-05,0,0,-0.76824091923772553,0
2.7749999999999999,0,0.77499999999999991,0,8.4175434774281569e-06,3.0953942864614292e-05,-0,0,-0.79272904121094423,0
2.7799999999999998,0,0.7799999999999998,0,3.3628375184243364e-05,1.5495003372070354e-05,-0,0,-0.79272904121094423,0
2.7850000000000001,0,0.78500000000000014,0,4.5335933252696523e-05,8.5762203454317544e-06,-0,0,-0.79272904121094423,0
2.79,0,0.79000000000000004,0,4.1968113547053218e-05,8.3139301394929388e-06,0,0,-0.79423928129976973,0
2.7949999999999999,0,0.79499999999999993,0,2.472965969495473e-05,1.6240231350529219e-05,-0,0,-0.79423928129976973,0
2.7999999999999998,0,0.79999999999999982,0,-5.5697778727671609e-06,3.2597443981601056e-05,-0,0,-0.79423928129976973,0
2.8050000000000002,0,0.80500000000000016,0,-1.6730966525414913e-05,3.2514720616496841e-05,-0,0,-0.8189982749719884,0
2.8100000000000001,0,0.81000000000000005,0,-2.1908599212693923e-05,3.3164830918478509e-05,-0,0,-0.8189982749719884,0
2.8149999999999999,0,0.81499999999999995,0,-2.1346114815277899e-05,3.4848591303238255e-05,-0,0,-0.8189982749719884,0
2.8199999999999998,0,0.81999999999999984,0,-1.4973421282098291e-05,3.7577915032301214e-05,-0,0,-0.8189982749719884,0
2.8250000000000002,0,0.82500000000000018,0,-2.7192807726314517e-06,4.1364910114130529e-05,-0,0,-0.8189982749719884,0
2.8300000000000001,0,0.83000000000000007,0,-2.4297343714588009e-05,1.2837585557775217e-05,-0,0,-0.84476202087080754,0
2.835,0,0.83499999999999996,0,-3.6844110713660667e-05,-7.3400226245669411e-06,-0,0,-0.84476202087080754,0
2.8399999999999999,0,0.83999999999999986,0,-3.6150567846477357e-05,-9.0677649518494083e-06,-0,0,-0.84476202087080754,0
2.8450000000000002,0,0.8450000000000002,0,-2.2960319427043996e-05,6.6872212070574005e-06,-0,0,-0.84476202087080754,0
2.8500000000000001,0,0.85000000000000009,0,-1.3395209349314001e-06,3.4531965636551018e-05,0,0,-0.86858925794252206,0
2.855,0,0.85499999999999998,0,-1.4760863861564778e-06,3.4061170826587906e-05,0,0,-0.86858925794252206,0
2.8599999999999999,0,0.85999999999999988,0,-1.9693130235524445e-06,3.3594651790037155e-05,0,0,-0.86858925794252206,0
2.8650000000000002,0,0.86500000000000021,0,-2.8194400773226972e-06,3.3132410537059657e-05,0,0,-0.86858925794252206,0
2.8700000000000001,0,0.87000000000000011,0,-4.0267069916835662e-06,3.267444907962742e-05,0,0,-0.86858925794252206,0
2.875,0,0.875,0,3.7988862922689829e-06,2.3173553071638593e-05,0,0,-0.89317404379772791,0
2.8799999999999999,0,0.87999999999999989,0,2.9867143426205371e-05,-2.6524296724261527e-06,-0,0,-0.89317404379772791,0
2.8849999999999998,0,0.88499999999999979,0,4.3425934592466235e-05,-1.4211341514073284e-05,-0,0,-0.89317404379772791,0
2.8900000000000001,0,0.89000000000000012,0,4.3813406259916152e-05,-1.0810056565252495e-05,-0,0,-0.89317404379772791,0
2.895,0,0.89500000000000002,0,3.0320208588443048e-05,8.2942911772493911e-06,-0,0,-0.89317404379772791,0
2.8999999999999999,0,0.89999999999999991,0,2.0967910023369071e-06,4.2269242048992528e-05,0,0,-0.89488581254893951,0
2.9049999999999998,0,0.9049999999999998,0,-2.5275512840293525e-05,2.241728352521049e-05,-0,0,-0.9197494484754456,0
2.9100000000000001,0,0.91000000000000014,0,-3.7578196790540974e-05,6.9103112744823181e-07,-0,0,-0.9197494484754456,0
2.915,0,0.91500000000000004,0,-3.6619437064181629e-05,-2.2444071243295975e-06,-0,0,-0.9197494484754456,0
2.9199999999999999,0,0.91999999999999993,0,-2.3137520188380871e-05,1.266322835550001e-05,-0,0,-0.9197494484754456,0
2.9249999999999998,0,0.92499999999999982,0,3.0474251991879785e-06,3.3386033839832299e-05,0,0,-0.94369176521551745,0
2.9300000000000002,0,0.93000000000000016,0,3.0417439230835158e-05,1.8207795930422767e-05,0,0,-0.94369176521551745,0
2.9350000000000001,0,0.93500000000000005,0,4.5558766284050495e-05,1.0893225644510159e-05,0,0,-0.94369176521551745,0
2.9399999999999999,0,0.93999999999999995,0,4.802441434642694e-05,1.1715865280064849e-05,0,0,-0.94369176521551745,0
2.9449999999999998,0,0.94499999999999984,0,3.7345343231631602e-05,2.0962750207466733e-05,0,0,-0.94369176521551745,0
2.9500000000000002,0,0.95000000000000018,0,1.3029088180467255e-05,3.8935251200043154e-05,0,0,-0.94369176521551745,0
2.9550000000000001,0,0.95500000000000007,0,1.0999967436112414e-05,3.1538618441578244e-05,-0,0,-0.96851443341207222,0
2.96,0,0.95999999999999996,0,2.3608924603758816e-05,1.2159426954098739e-05,0,0,-0.96961931839481463,0
2.9649999999999999,0,0.96499999999999986,0,2.5305014100109663e-05,7.1671227689712901e-06,0,0,-0.96961931839481463,0
2.9700000000000002,0,0.9700000000000002,0,1.6521289639858731e-05,2.3560165668835717e-05,0,0,-0.96961931839481463,0
2.9750000000000001,0,0.97500000000000009,0,-7.1839618835036255e-06,3.4651413769982758e-05,-0,0,-0.99359538418804361,0
2.98,0,0.97999999999999998,0,-3.4111012012674932e-05,1.5942016730282277e-05,-0,0,-0.99359538418804361,0
2.9849999999999999,0,0.98499999999999988,0,-4.86509241625629e-05,7.2124931611690255e-06,-0,0,-0.99359538418804361,0
2.9900000000000002,0,0.99000000000000021,0,-5.0279975749898873e-05,8.8507261701748544e-06,-0,0,-0.99359538418804361,0
2.9950000000000001,0,0.99500000000000011,0,-3.8444531612490323e-05,2.1266755181540067e-05,-0,0,-0.99359538418804361,0
3,0,1,0,-1.2558877488243128e-05,4.4894380683150382e-05,-0,0,-0.99359538418804361,0
3.0049999999999999,0,1.0049999999999999,0,2.076298844510312e-05,5.5793030959172528e-05,-0,0,-1.0194848497420148,0
3.0099999999999998,0,1.0099999999999998,0,3.4459758038881519e-05,3.3617150494023636e-05,-0,0,-1.0194848497420148,0
3.0150000000000001,0,1.0150000000000001,0,3.4218378574391653e-05,3.1258163687203824e-05,-0,0,-1.0194848497420148,0
3.02,0,1.02,0,2.0803258923434827e-05,4.7733018689495317e-05,-0,0,-1.0194848497420148,0
3.0249999999999999,0,1.0249999999999999,0,-2.4753026528075122e-06,3.1368046476991338e-05,-0,0,-1.0416085328874702,0
3.0299999999999998,0,1.0299999999999998,0,-1.7385073207246553e-05,5.8376231912016936e-06,-0,0,-1.0416085328874702,0
3.0350000000000001,0,1.0350000000000001,0,-2.0657797946759295e-05,-3.5307802874648101e-07,0,0,-1.0416085328874702,0
3.04,0,1.04,0,-1.1702073781947997e-05,1.2096787724604228e-05,-0,0,-1.0429033740233538,0
3.0449999999999999,0,1.0449999999999999,0,7.7348579970894266e-06,3.4467565510826393e-05,-0,0,-1.0429033740233538,0
3.0499999999999998,0,1.0499999999999998,0,-5.8155071231691442e-06,3.4493975797279767e-05,-0,0,-1.0689127284714584,0
3.0550000000000002,0,1.0550000000000002,0,-2.6062083341337414e-05,2.4533406922498407e-05,-0,0,-1.0689127284714584,0
3.0600000000000001,0,1.0600000000000001,0,-3.4632175628498767e-05,2.0019857899226765e-05,-0,0,-1.0689127284714584,0
3.0649999999999999,0,1.0649999999999999,0,-3.1856138531387575e-05,2.0806299696961235e-05,0,0,-1.0689127284714584,0
3.0699999999999998,0,1.0699999999999998,0,-1.8051987247418704e-05,2.6751195814798246e-05,0,0,-1.0689127284714584,0
3.0750000000000002,0,1.0750000000000002,0,6.4740315828429034e-06,3.7718248208605321e-05,0,0,-1.0689127284714584,0
3.0800000000000001,0,1.0800000000000001,0,3.0428194859817295e-05,1.4069821019656761e-05,-0,0,-1.0931650440967675,0
3.085,0,1.085,0,4.181843877678634e-05,2.5009931348765624e-06,-0,0,-1.0931650440967675,0
3.0899999999999999,0,1.0899999999999999,0,4.0032647676913565e-05,8.8601908337866594e-06,-0,0,-1.0931650440967675,0
3.0950000000000002,0,1.0950000000000002,0,2.4299017655649423e-05,3.4111401548265795e-05,-0,0,-1.0931650440967675,0
3.1000000000000001,0,1.1000000000000001,0,-5.3063227294204639e-06,4.7377197327875974e-05,-0,0,-1.1171607909596046,0
3.105,0,1.105,0,-2.9031160133866647e-05,2.967012464912884e-05,-0,0,-1.1184302258669696,0
3.1099999999999999,0,1.1099999999999999,0,-3.6960543200950771e-05,1.9548254980405015e-05,-0,0,-1.1184302258669696,0
3.1150000000000002,0,1.1150000000000002,0,-3.0126745679487473e-05,2.0860812335027146e-05,-0,0,-1.1184302258669696,0
3.1200000000000001,0,1.1200000000000001,0,-9.1482119251256919e-06,3.3163131336646203e-05,-0,0,-1.1184302258669696,0
3.125,0,1.125,0,1.6224764076107556e-05,3.3216804349278001e-05,0,0,-1.1422948067753216,0
3.1299999999999999,0,1.1299999999999999,0,3.0704124969430694e-05,2.6284747020289818e-05,0,0,-1.1422948067753216,0
3.1349999999999998,0,1.1349999999999998,0,3.4813964634757171e-05,2.3096235544429776e-05,0,0,-1.1422948067753216,0
3.1400000000000001,0,1.1400000000000001,0,2.8301428379722488e-05,2.3737693713600981e-05,0,0,-1.1422948067753216,0
3.145,0,1.145,0,1.0905372274172064e-05,2.829837818591949e-05,0,-0,-1.1422948067753216,0
3.1499999999999999,0,1.1499999999999999,0,7.5490440905052523e-06,2.2403132594514363e-05,0,-0,-1.1671186242326628,0
3.1549999999999998,0,1.1549999999999998,0,2.9901965351875694e-05,1.2487238882839244e-06,0,0,-1.1683887037125902,0
3.1600000000000001,0,1.1600000000000001,0,3.6669489822332174e-05,-8.247555643031417e-06,0,0,-1.1683887037125902,0
3.165,0,1.165,0,2.8792903270904848e-05,-5.2227720103002885e-06,0,0,-1.1683887037125902,0
3.1699999999999999,0,1.1699999999999999,0,6.9271142785547029e-06,9.7918082325503785e-06,0,0,-1.1683887037125902,0
3.1749999999999998,0,1.1749999999999998,0,-1.07999901864263e-05,1.8297384642789778e-05,0,0,-1.1932035801262857,0
3.1800000000000002,0,1.1800000000000002,0,-1.7100126636250533e-05,1.812500291661263e-05,0,0,-1.1932035801262857,0
3.1850000000000001,0,1.1850000000000001,0,-1.9640749536608163e-05,1.8437674561683072e-05,0,0,-1.1932035801262857,0
3.1899999999999999,0,1.1899999999999999,0,-1.8390833067300343e-05,1.9238985960311219e-05,0,0,-1.1932035801262857,0
3.1949999999999998,0,1.1949999999999998,0,-1.3319009140006146e-05,2.053256302602985e-05,0,0,-1.1932035801262857,0
3.2000000000000002,0,1.2000000000000002,0,-4.3935626654790778e-06,2.2322071750219766e-05,0,0,-1.1932035801262857,0
3.2050000000000001,0,1.2050000000000001,0,-2.613623671353076e-05,6.4211630611507178e-07,0,0,-1.2181055641342031,0
3.21,0,1.21,0,-4.0432432617795566e-05,-9.452821179530347e-06,0,0,-1.2181055641342031,0
3.2149999999999999,0,1.2149999999999999,0,-3.9849339358897379e-05,-6.0884482249647532e-06,0,0,-1.219628007137685,0
3.2200000000000002,0,1.2200000000000002,0,-2.4701497968509746e-05,1.0798020827453193e-05,0,0,-1.219628007137685,0
3.2250000000000001,0,1.2250000000000001,0,5.1457105824414975e-06,2.1952410780856819e-05,0,0,-1.2435300609819722,0
3.23,0,1.23,0,3.4595022829755796e-05,-2.3716966324759835e-06,0,0,-1.2435300609819722,0
3.2349999999999999,0,1.2349999999999999,0,5.100008885696342e-05,-1.3156925175901751e-05,0,0,-1.2435300609819722,0
3.2400000000000002,0,1.2400000000000002,0,5.1722739523616847e-05,-1.3484792806261363e-05,0,-0,-1.245290915922443,0
3.2450000000000001,0,1.2450000000000001,0,3.7882438116667898e-05,-1.355291274400577e-06,0,-0,-1.245290915922443,0
3.25,0,1.25,0,1.0859889374740448e-05,2.3949112822620343e-05,-0,-0,-1.245290915922443,0
3.2549999999999999,0,1.2549999999999999,0,3.4904048345472333e-06,3.6717123302070812e-05,0,-0,-1.2694281957571028,0
3.2599999999999998,0,1.2599999999999998,0,1.8047829306083151e-05,3.0277774449647934e-05,0,-0,-1.2694281957571028,0
3.2650000000000001,0,1.2650000000000001,0,1.9224529677491152e-05,3.056622816750751e-05,0,-0,-1.2694281957571028,0
3.27,0,1.27,0,7.4179860430184452e-06,3.7391154288053316e-05,0,-0,-1.2694281957571028,0
3.2749999999999999,0,1.2749999999999999,0,-1.8648095189178336e-05,2.7965482356100013e-05,0,-0,-1.2924678771224682,0
3.2799999999999998,0,1.2799999999999998,0,-4.1695973613219966e-05,2.3330928865620334e-06,0,-0,-1.2924678771224682,0
3.2850000000000001,0,1.2850000000000001,0,-5.2293959588213633e-05,-7.866511980986224e-06,0,-0,-1.2924678771224682,0
3.29,0,1.29,0,-4.9747736558143717e-05,-1.8580543203823332e-06,0,-0,-1.2924678771224682,0
3.2949999999999999,0,1.2949999999999999,0,-3.3176780567997861e-05,2.0359861151670758e-05,-0,0,-1.2943956272963639,0
3.2999999999999998,0,1.2999999999999998,0,-2.4066394866958882e-06,4.726253508265092e-05,0,0,-1.3177078314655477,0
3.3050000000000002,0,1.3050000000000002,0,2.2255110120631238e-05,2.7707387823571411e-05,0,0,-1.3177078314655477,0
3.3100000000000001,0,1.3100000000000001,0,3.1424041584433762e-05,1.7377358186972094e-05,-0,-0,-1.3186343926185713,0
3.3149999999999999,0,1.3149999999999999,0,2.4981913332809187e-05,1.6351950544744573e-05,-0,-0,-1.3186343926185713,0
3.3199999999999998,0,1.3199999999999998,0,3.8467892149638475e-06,2.7128987185042494e-05,-0,-0,-1.3186343926185713,0
3.3250000000000002,0,1.3250000000000002,0,1.494014363443357e-05,1.9912777937987573e-05,-0,-0,-1.3442405863349922,0
3.3300000000000001,0,1.3300000000000001,0,3.7966766358704227e-05,4.9993427777659035e-06,-0,-0,-1.3442405863349922,0
3.335,0,1.335,0,4.8078268472097936e-05,-2.3805710728107967e-06,-0,-0,-1.3442405863349922,0
3.3399999999999999,0,1.3399999999999999,0,4.5707337808049791e-05,-2.4649187157042699e-06,-0,-0,-1.3442405863349922,0
3.3450000000000002,0,1.3450000000000002,0,3.1267560146828543e-05,4.5188509714465627e-06,-0,-0,-1.3442405863349922,0
3.3500000000000001,0,1.3500000000000001,0,5.1544618424877705e-06,1.8353221885421615e-05,-0,-0,-1.3442405863349922,0
3.355,0,1.355,0,-1.7313217193899362e-05,1.7353933655879045e-05,-0,-0,-1.3689605312228605,0
3.3599999999999999,0,1.3599999999999999,0,-2.7774652247174282e-05,1.4463824710334273e-05,-0,-0,-1.3689605312228605,0
3.3650000000000002,0,1.3650000000000002,0,-2.7913603009668388e-05,1.5606296996861243e-05,-0,-0,-1.3689605312228605,0
3.3700000000000001,0,1.3700000000000001,0,-1.7482921497358576e-05,2.0873380152426314e-05,-0,-0,-1.3689605312228605,0
3.375,0,1.375,0,2.7492316932896734e-06,2.9745279212795863e-05,-0,-0,-1.3938130216509432,0
3.3799999999999999,0,1.3799999999999999,0,-2.8149450005986658e-05,8.3282069666417132e-06,-0,-0,-1.3938130216509432,0
3.3849999999999998,0,1.3849999999999998,0,-4.595273551155781e-05,-2.0501903349041159e-06,-0,-0,-1.3938130216509432,0
3.3900000000000001,0,1.3900000000000001,0,-5.0064776349306904e-05,-9.1967168530469591e-07,-0,-0,-1.3938130216509432,0
3.395,0,1.395,0,-3.9853047623950417e-05,1.2218950348285971e-05,-0,-0,-1.3938130216509432,0
3.3999999999999999,0,1.3999999999999999,0,-1.4145070477575103e-05,3.5704038062609863e-05,-0,-0,-1.3955350034174059,0
3.4049999999999998,0,1.4049999999999998,0,-5.2679624800347797e-06,4.6821158538342655e-05,-0,-0,-1.4191124330187925,0
3.4100000000000001,0,1.4100000000000001,0,-1.2981949410122815e-05,4.4512709493417044e-05,-0,-0,-1.4191124330187925,0
3.415,0,1.415,0,-1.3824503555910415e-05,4.3567202884691508e-05,-0,-0,-1.4191124330187925,0
3.4199999999999999,0,1.4199999999999999,0,-7.8866572454137434e-06,4.3967870312953169e-05,-0,-0,-1.4191124330187925,0
3.4249999999999998,0,1.4249999999999998,0,1.5371686293321308e-05,3.2336342776723987e-05,-0,-0,-1.4424184719041113,0
3.4300000000000002,0,1.4300000000000002,0,3.6619605729623879e-05,1.8005308331892354e-05,-0,-0,-1.4424184719041113,0
3.4350000000000001,0,1.4350000000000001,0,4.4207943508296508e-05,1.1291390530006893e-05,0,-0,-1.4436569512551487,0
3.4399999999999999,0,1.4399999999999999,0,3.6866025006134766e-05,1.0434300156058556e-05,0,-0,-1.4436569512551487,0
3.4449999999999998,0,1.4449999999999998,0,1.6304643147847311e-05,1.7583261231461868e-05,0,-0,-1.4436569512551487,0
3.4500000000000002,0,1.4500000000000002,0,-5.8690174552667056e-06,2.7578159364915659e-05,0,-0,-1.4683243937593082,0
3.4550000000000001,0,1.4550000000000001,0,5.8471047838360838e-06,2.256579347840118e-05,0,-0,-1.4683243937593082,0
3.46,0,1.46,0,1.0366184767511938e-05,1.9153749958617415e-05,0,-0,-1.4683243937593082,0
3.4649999999999999,0,1.4649999999999999,0,7.7932399118077897e-06,1.731951570138817e-05,0,-0,-1.4683243937593082,0
3.4700000000000002,0,1.4700000000000002,0,-1.7687456850165939e-06,1.7041013453564216e-05,0,-0,-1.4683243937593082,0
3.4750000000000001,0,1.4750000000000001,0,-2.9599764746604736e-06,1.7529611106133295e-05,0,-0,-1.4943916596158091,0
3.48,0,1.48,0,7.0513741877926098e-06,1.8098909135033689e-05,0,-0,-1.4943916596158091,0
3.4849999999999999,0,1.4849999999999999,0,1.222556255726346e-05,1.9362603842660043e-05,0,-0,-1.4943916596158091,0
3.4900000000000002,0,1.4900000000000002,0,1.2612555787144727e-05,2.1313584177112565e-05,0,-0,-1.4943916596158091,0
3.4950000000000001,0,1.4950000000000001,0,8.2616353617123772e-06,2.39448366662172e-05,0,-0,-1.4943916596158091,0
3.5,0,1.5,0,-7.7859118280793204e-07,2.7249443749464965e-05,0,-0,-1.4943916596158091,0
3.5049999999999999,0,1.5049999999999999,0,3.8658657825043842e-07,2.80906672475841e-05,0,-0,-1.5192230388339309,0
3.5099999999999998,0,1.5099999999999998,0,1.1036368149240335e-05,2.7540644384106344e-05,0,-0,-1.5192230388339309,0
3.5150000000000001,0,1.5150000000000001,0,1.1532312495998859e-05,3.0072797769421754e-05,0,-0,-1.5192230388339309,0
3.52,0,1.52,0,2.0794285601690955e-06,3.5624619970996032e-05,0,-0,-1.5192230388339309,0
3.5249999999999999,0,1.5249999999999999,0,-1.7828826305834875e-05,1.4945729830379745e-05,-0,-0,-1.5417069696657639,0
3.5299999999999998,0,1.5299999999999998,0,-3.3382309739841258e-05,-1.318989142637887e-05,-0,-0,-1.5417069696657639,0
3.5350000000000001,0,1.5350000000000001,0,-3.8665815731481498e-05,-2.3484796328201548e-05,0,-0,-1.5437536567054302,0
3.54,0,1.54,0,-3.2954955665425142e-05,-2.0791858791649141e-05,0,-0,-1.5437536567054302,0
3.5449999999999999,0,1.5449999999999999,0,-1.8766714301165891e-05,1.8178568080677762e-06,-0,0,-1.5437536567054302,0
3.5499999999999998,0,1.5499999999999998,0,2.2677495050858313e-06,2.0121524539224047e-05,0,0,-1.5673799768658014,0
3.5550000000000002,0,1.5550000000000002,0,1.679136677686545e-05,1.1280195955362316e-05,0,0,-1.5673799768658014,0
3.5600000000000001,0,1.5600000000000001,0,2.0872655500197104e-05,6.2667973560541762e-06,0,0,-1.5673799768658014,0
3.5649999999999999,0,1.5649999999999999,0,1.4262952501611079e-05,5.170702907633296e-06,0,0,-1.5673799768658014,0
3.5699999999999998,0,1.5699999999999998,0,-3.294365960329918e-06,8.0841480995442071e-06,0,0,-1.5673799768658014,0
3.5750000000000002,0,1.5750000000000002,0,8.1338484899995692e-06,8.9545215564759684e-07,0,0,-1.5928712406809218,0
3.5800000000000001,0,1.5800000000000001,0,2.7483575764895231e-05,-8.372241637369299e-06,0,0,-1.5928712406809218,0
3.585,0,1.585,0,3.5893254115193477e-05,-1.2927191086327578e-05,0,0,-1.5928712406809218,0
3.5899999999999999,0,1.5899999999999999,0,3.3056558497713602e-05,-1.2641955188562482e-05,0,0,-1.5928712406809218,0
3.5950000000000002,0,1.5950000000000002,0,1.8655623535167621e-05,-7.3842922242913627e-06,0,0,-1.5928712406809218,0
3.6000000000000001,0,1.6000000000000001,0,-7.6395051063840862e-06,2.9830684673724522e-06,0,0,-1.5928712406809218,0
3.605,0,1.605,0,1.0693468689582331e-05,-4.3502242594249017e-06,0,0,-1.6189845927339055,0
3.6099999999999999,0,1.6099999999999999,0,2.6850469035659598e-05,-9.4660671520563753e-06,0,0,-1.6189845927339055,0
3.6150000000000002,0,1.6150000000000002,0,2.9774700336432997e-05,-7.8748316250169528e-06,-0,0,-1.6198264354369398,0
3.6200000000000001,0,1.6200000000000001,0,1.8701013516179183e-05,-5.2534212561160691e-07,-0,0,-1.6198264354369398,0
3.625,0,1.625,0,-5.4530291901146302e-06,1.3343133092349656e-05,-0,0,-1.6198264354369398,0
3.6299999999999999,0,1.6299999999999999,0,6.8385042799893809e-06,1.4280305791189551e-05,-0,0,-1.6447094681443033,0
3.6349999999999998,0,1.6349999999999998,0,1.6488071440707769e-05,1.500425677079144e-05,-0,0,-1.6447094681443033,0
3.6400000000000001,0,1.6400000000000001,0,1.9160924845750374e-05,1.7115889474664978e-05,-0,0,-1.6447094681443033,0
3.645,0,1.645,0,1.4958402790467268e-05,2.0595114252076402e-05,-0,0,-1.6447094681443033,0
3.6499999999999999,0,1.6499999999999999,0,3.9798905588778358e-06,2.542222862317753e-05,-0,0,-1.6447094681443033,0
3.6549999999999998,0,1.6549999999999998,0,-2.1514519035761972e-05,3.3787710514923284e-06,0,0,-1.6690855855523137,0
3.6600000000000001,0,1.6600000000000001,0,-3.9571758182722867e-05,-1.2697453961409718e-05,0,0,-1.6690855855523137,0
3.665,0,1.665,0,-4.2961673047551568e-05,-1.7953769071980622e-05,0,0,-1.6709649146564858,0
3.6699999999999999,0,1.6699999999999999,0,-3.2939629338265343e-05,-6.4649568519980168e-06,0,0,-1.6709649146564858,0
3.6749999999999998,0,1.6749999999999998,0,-1.0255627848917986e-05,2.0996228484310451e-05,0,0,-1.6709649146564858,0
3.6800000000000002,0,1.6800000000000002,0,1.8030683342493873e-05,2.5307536826556593e-05,-0,0,-1.6936160448466651,0
3.6850000000000001,0,1.6850000000000001,0,3.2852898178012742e-05,1.1913651561464514e-05,-0,0,-1.6936160448466651,0
3.6899999999999999,0,1.6899999999999999,0,3.3175211810963036e-05,1.457260422087092e-05,-0,0,-1.6936160448466651,0
3.6949999999999998,0,1.6949999999999998,0,1.822207668201547e-05,3.4083055229006263e-05,-0,0,-1.6936160448466651,0
3.7000000000000002,0,1.7000000000000002,0,-1.2779759916036371e-05,2.5721880174657303e-05,-0,0,-1.7191715320078951,0
3.7050000000000001,0,1.7050000000000001,0,-3.602021674271212e-05,-4.6073373654085365e-06,-0,0,-1.7191715320078951,0
3.71,0,1.71,0,-4.5007757488625655e-05,-1.9716128288657081e-05,-0,0,-1.7191715320078951,0
3.7149999999999999,0,1.7149999999999999,0,-4.0449070686910398e-05,-2.0304091390586492e-05,-0,0,-1.7191715320078951,0
3.7200000000000002,0,1.7200000000000002,0,-2.3004944196773774e-05,-7.0253817028803506e-06,-0,0,-1.7191715320078951,0
3.7250000000000001,0,1.7250000000000001,0,4.6498617301182679e-06,1.7111044857695171e-05,-0,0,-1.7445474426114118,0
3.73,0,1.73,0,9.9909287103802641e-06,1.6729878999476472e-05,-0,0,-1.7445474426114118,0
3.7349999999999999,0,1.7349999999999999,0,1.2435490909004594e-05,1.6611708842081359e-05,-0,0,-1.7445474426114118,0
3.7400000000000002,0,1.7400000000000002,0,1.196555634081535e-05,1.6758233174709109e-05,-0,0,-1.7445474426114118,0
3.7450000000000001,0,1.7450000000000001,0,8.5629837306323152e-06,1.7171164879108863e-05,-0,0,-1.7445474426114118,0
3.75,0,1.75,0,2.2094809616170597e-06,1.7852231076051537e-05,-0,0,-1.7445474426114118,0
3.7549999999999999,0,1.7549999999999999,0,3.85271926773303e-06,1.7787323889951224e-05,-0,0,-1.7695852607251599,0
3.7599999999999998,0,1.7599999999999998,0,1.0370645955177415e-05,1.7711324368456906e-05,-0,0,-1.7695852607251599,0
3.7650000000000001,0,1.7650000000000001,0,1.0914940739928876e-05,1.8775126812391882e-05,-0,0,-1.7695852607251599,0
3.77,0,1.77,0,5.4128370848169408e-06,2.0992209747877319e-05,-0,-0,-1.7695852607251599,0
3.7749999999999999,0,1.7749999999999999,0,-4.2294933530497571e-06,2.2137031998994059e-05,-0,-0,-1.7929171838896352,0
3.7799999999999998,0,1.7799999999999998,0,1.7155647339980703e-05,-1.2014414090824869e-05,-0,-0,-1.7929171838896352,0
3.7850000000000001,0,1.7850000000000001,0,2.6927735611334492e-05,-2.7983410174427358e-05,-0,-0,-1.7929171838896352,0
3.79,0,1.79,0,2.4257705901731638e-05,-2.6421948763324289e-05,0,0,-1.7942437694238194,0
3.7949999999999999,0,1.7949999999999999,0,9.4292775939741379e-06,-8.6194594589324938e-06,0,0,-1.7942437694238194,0
3.7999999999999998,0,1.7999999999999998,0,-1.1285282333823906e-06,1.1660590730286182e-05,-0,0,-1.8192638006964923,0
3.8050000000000002,0,1.8050000000000002,0,1.0349533851400576e-05,8.102175747875425e-06,-0,0,-1.8192638006964923,0
3.8100000000000001,0,1.8100000000000001,0,1.6353448224517612e-05,5.5314408993432122e-06,-0,0,-1.8192638006964923,0
3.8149999999999999,0,1.8149999999999999,0,1.6946584550480618e-05,3.9374385277153874e-06,-0,0,-1.8192638006964923,0
3.8199999999999998,0,1.8199999999999998,0,1.219133832499283e-05,3.3093892702590666e-06,-0,-0,-1.8192638006964923,0
3.8250000000000002,0,1.8250000000000002,0,2.1491495229009925e-06,3.6366788369226778e-06,-0,-0,-1.8192638006964923,0
3.8300000000000001,0,1.8300000000000001,0,1.9504036142310339e-06,4.8054951802014506e-06,-0,-0,-1.845130463105342,0
3.835,0,1.835,0,7.0176502915875452e-06,6.3091390762852453e-06,-0,-0,-1.845130463105342,0
3.8399999999999999,0,1.8399999999999999,0,8.9631326653518135e-06,8.0833447417945785e-06,-0,-0,-1.845130463105342,0
3.8450000000000002,0,1.8450000000000002,0,7.8063965635487086e-06,1.0126414549467896e-05,-0,-0,-1.845130463105342,0
3.8500000000000001,0,1.8500000000000001,0,3.5668249822647851e-06,1.243666501460372e-05,-0,-0,-1.845130463105342,0
3.855,0,1.855,0,8.0879730752538771e-07,1.4181325262688487e-05,0,-0,-1.8696220058263509,0
3.8599999999999999,0,1.8599999999999999,0,7.4914126235248505e-07,1.5488797500250721e-05,0,-0,-1.8696220058263509,0
3.8650000000000002,0,1.8650000000000002,0,1.3309842478128441e-06,1.6816759388690415e-05,0,-0,-1.8696220058263509,0
3.8700000000000001,0,1.8700000000000001,0,2.5551813377221677e-06,1.8165230109021809e-05,0,-0,-1.8696220058263509,0
3.875,0,1.875,0,4.4225891263167297e-06,1.9534228876073333e-05,0,-0,-1.8696220058263509,0
3.8799999999999999,0,1.8799999999999999,0,-2.1674411620029239e-05,-4.9059969751643048e-06,-0,-0,-1.8935276903187941,0
3.8849999999999998,0,1.8849999999999998,0,-3.7838287259901656e-05,-1.9219845330658747e-05,-0,-0,-1.8935276903187941,0
3.8900000000000001,0,1.8900000000000001,0,-4.0266931361591179e-05,-1.9886669110731142e-05,-0,-0,-1.8935276903187941,0
3.895,0,1.895,0,-2.8262145869864939e-05,-6.2629043362184247e-06,-0,-0,-1.8935276903187941,0
3.8999999999999999,0,1.8999999999999999,0,-1.0319161964341024e-06,2.1419180421046507e-05,0,-0,-1.8953166854793375,0
3.9049999999999998,0,1.9049999999999998,0,3.0484659959471283e-05,7.9584508723297573e-06,0,-0,-1.9203062553178889,0
3.9100000000000001,0,1.9100000000000001,0,4.7252444881849324e-05,-5.30068044091269e-06,0,-0,-1.9203062553178889,0
3.915,0,1.915,0,4.947378828536696e-05,-8.9980623572299305e-06,0,-0,-1.9203062553178889,0
3.9199999999999999,0,1.9199999999999999,0,3.7703156427181465e-05,-3.4742538437898314e-06,0,-0,-1.9203062553178889,0
3.9249999999999998,0,1.9249999999999998,0,1.2467186496393282e-05,1.0947278567989367e-05,0,-0,-1.9203062553178889,0
3.9300000000000002,0,1.9300000000000002,0,-1.6704600453025411e-06,1.7932243121563036e-05,0,-0,-1.9450857877252561,0
3.9350000000000001,0,1.9350000000000001,0,-4.8056833188742052e-06,1.8943958663356548e-05,0,-0,-1.9450857877252561,0
3.9399999999999999,0,1.9399999999999999,0,-5.7379046843184126e-06,2.0111661738613475e-05,0,-0,-1.9450857877252561,0
3.9449999999999998,0,1.9449999999999998,0,-4.4567236267220397e-06,2.1436088732759238e-05,0,-0,-1.9450857877252561,0
3.9500000000000002,0,1.9500000000000002,0,-9.5167406425140454e-07,2.2917980673542546e-05,0,-0,-1.9450857877252561,0
3.9550000000000001,0,1.9550000000000001,0,1.1795162231403399e-05,1.9330769205841102e-05,0,-0,-1.969807076436664,0
3.96,0,1.96,0,2.6541467891044731e-05,1.2122465388390834e-05,0,-0,-1.969807076436664,0
3.9649999999999999,0,1.9649999999999999,0,2.8616719723782761e-05,1.063900525709549e-05,0,-0,-1.969807076436664,0
3.9700000000000002,0,1.9700000000000002,0,1.8368551089847493e-05,1.4729993783219322e-05,0,-0,-1.969807076436664,0
3.9750000000000001,0,1.9750000000000001,0,-5.9659498911436303e-06,1.3462603155265232e-05,-0,-0,-1.9927862365198941,0
3.98,0,1.98,0,-3.2965879179908407e-05,-1.1912131863334593e-05,-0,-0,-1.9927862365198941,0
3.9849999999999999,0,1.9849999999999999,0,-4.651242443844048e-05,-2.6456408257319734e-05,-0,-0,-1.9927862365198941,0
3.9900000000000002,0,1.9900000000000002,0,-4.5982278653887299e-05,-2.9675352052482327e-05,-0,-0,-1.9927862365198941,0
3.9950000000000001,0,1.9950000000000001,0,-3.0713021029834919e-05,-2.1043035028696091e-05,-0,-0,-1.9927862365198941,0
4,0,2,0,0,-2.44196880329646e-21,-0,0,-1.9927862365198941,0
